0.0050, 0.000104, 6000.0000, 152.3767, -0.0494, 0.0000
0.0100, 6.48e-05, 6000.0013, 152.3452, -0.0814, 0.0160
0.0150, 5.68e-05, 6000.0029, 152.3165, -0.0978, 0.0477
0.0200, 6.67e-05, 6000.0051, 152.2878, -0.0995, 0.0942
0.0250, 5.33e-05, 6000.0080, 152.2590, -0.0873, 0.1551
0.0300, 5.29e-05, 6000.0116, 152.2302, -0.0623, 0.2295
0.0350, 5.32e-05, 6000.0158, 152.2013, -0.0256, 0.3168
0.0400, 5.51e-05, 6000.0207, 152.1723, 0.0220, 0.4163
0.0450, 5.25e-05, 6000.0263, 152.1430, 0.0793, 0.5271
0.0500, 5.11e-05, 6000.0326, 152.1136, 0.1454, 0.6486
0.0550, 6.51e-05, 6000.0396, 152.0838, 0.2194, 0.7799
0.0600, 5.31e-05, 6000.0475, 152.0537, 0.3003, 0.9203
0.0650, 5.21e-05, 6000.0561, 152.0234, 0.3872, 1.0690
0.0700, 5.09e-05, 6000.0656, 151.9927, 0.4792, 1.2253
0.0750, 5.28e-05, 6000.0759, 151.9616, 0.5755, 1.3885
0.0800, 5.05e-05, 6000.0871, 151.9301, 0.6753, 1.5576
0.0850, 5.07e-05, 6000.0993, 151.8983, 0.7778, 1.7322
0.0900, 7.09e-05, 6000.1124, 151.8661, 0.8822, 1.9114
0.0950, 5.29e-05, 6000.1266, 151.8334, 0.9879, 2.0946
0.1000, 5.08e-05, 6000.1418, 151.8004, 1.0942, 2.2811
0.1050, 5.06e-05, 6000.1580, 151.7668, 1.2005, 2.4703
0.1100, 5.24e-05, 6000.1754, 151.7326, 1.3061, 2.6616
0.1150, 5.11e-05, 6000.1939, 151.6979, 1.4107, 2.8545
0.1200, 5.05e-05, 6000.2137, 151.6627, 1.5136, 3.0483
0.1250, 6.29e-05, 6000.2346, 151.6270, 1.6144, 3.2426
0.1300, 5.36e-05, 6000.2567, 151.5907, 1.7128, 3.4368
0.1350, 5.06e-05, 6000.2802, 151.5539, 1.8083, 3.6306
0.1400, 5.06e-05, 6000.3050, 151.5167, 1.9007, 3.8236
0.1450, 5.28e-05, 6000.3310, 151.4790, 1.9896, 4.0152
0.1500, 5.04e-05, 6000.3585, 151.4408, 2.0747, 4.2053
0.1550, 5.04e-05, 6000.3874, 151.4021, 2.1559, 4.3934
0.1600, 6.21e-05, 6000.4176, 151.3628, 2.2330, 4.5793
0.1650, 5.37e-05, 6000.4493, 151.3231, 2.3059, 4.7627
0.1700, 5.53e-05, 6000.4825, 151.2829, 2.3744, 4.9434
0.1750, 5.14e-05, 6000.5172, 151.2422, 2.4384, 5.1212
0.1800, 5.03e-05, 6000.5533, 151.2011, 2.4980, 5.2959
0.1850, 5.3e-05, 6000.5910, 151.1597, 2.5530, 5.4674
0.1900, 5.04e-05, 6000.6302, 151.1179, 2.6036, 5.6356
0.1950, 6.27e-05, 6000.6709, 151.0757, 2.6496, 5.8004
0.2000, 5.1e-05, 6000.7132, 151.0332, 2.6912, 5.9617
0.2050, 5.25e-05, 6000.7571, 150.9904, 2.7285, 6.1196
0.2100, 5.04e-05, 6000.8025, 150.9474, 2.7615, 6.2738
0.2150, 5.05e-05, 6000.8496, 150.9041, 2.7903, 6.4246
0.2200, 5.88e-05, 6000.8982, 150.8606, 2.8151, 6.5719
0.2250, 5.04e-05, 6000.9484, 150.8168, 2.8360, 6.7157
0.2300, 6.25e-05, 6001.0003, 150.7729, 2.8532, 6.8561
0.2350, 5.08e-05, 6001.0537, 150.7289, 2.8668, 6.9931
0.2400, 5.26e-05, 6001.1087, 150.6847, 2.8769, 7.1269
0.2450, 5.01e-05, 6001.1654, 150.6403, 2.8838, 7.2575
0.2500, 5.53e-05, 6001.2236, 150.5959, 2.8877, 7.3851
0.2550, 6.28e-05, 6001.2835, 150.5514, 2.8886, 7.5097
0.2600, 6.55e-05, 6001.3449, 150.5068, 2.8869, 7.6316
0.2650, 5.3e-05, 6001.4080, 150.4622, 2.8827, 7.7507
0.2700, 5.07e-05, 6001.4726, 150.4175, 2.8762, 7.8673
0.2750, 5.31e-05, 6001.5389, 150.3728, 2.8676, 7.9815
0.2800, 5.07e-05, 6001.6067, 150.3281, 2.8571, 8.0935
0.2850, 5.04e-05, 6001.6761, 150.2834, 2.8448, 8.2033
0.2900, 5.05e-05, 6001.7470, 150.2386, 2.8310, 8.3112
0.2950, 6.34e-05, 6001.8196, 150.1940, 2.8159, 8.4172
0.3000, 5.33e-05, 6001.8937, 150.1493, 2.7996, 8.5216
0.3050, 5.11e-05, 6001.9693, 150.1046, 2.7822, 8.6245
0.3100, 5.06e-05, 6002.0465, 150.0600, 2.7640, 8.7260
0.3150, 5.35e-05, 6002.1252, 150.0154, 2.7451, 8.8263
0.3200, 5.06e-05, 6002.2054, 149.9709, 2.7257, 8.9255
0.3250, 5.08e-05, 6002.2872, 149.9264, 2.7059, 9.0238
0.3300, 6.07e-05, 6002.3704, 149.8820, 2.6858, 9.1212
0.3350, 8.25e-05, 6002.4552, 149.8376, 2.6656, 9.2179
0.3400, 0.0001189, 6002.5414, 149.7932, 2.6454, 9.3141
0.3450, 9.4e-05, 6002.6291, 149.7489, 2.6252, 9.4098
0.3500, 0.000124, 6002.7183, 149.7047, 2.6053, 9.5052
0.3550, 9.73e-05, 6002.8090, 149.6605, 2.5857, 9.6003
0.3600, 5.83e-05, 6002.9011, 149.6164, 2.5665, 9.6953
0.3650, 5.2e-05, 6002.9947, 149.5722, 2.5477, 9.7903
0.3700, 5.29e-05, 6003.0897, 149.5282, 2.5294, 9.8853
0.3750, 5.1e-05, 6003.1862, 149.4841, 2.5118, 9.9804
0.3800, 5.4e-05, 6003.2840, 149.4402, 2.4948, 10.0757
0.3850, 5.13e-05, 6003.3833, 149.3962, 2.4785, 10.1712
0.3900, 7.72e-05, 6003.4840, 149.3523, 2.4630, 10.2671
0.3950, 5.25e-05, 6003.5862, 149.3084, 2.4482, 10.3633
0.4000, 5.12e-05, 6003.6897, 149.2645, 2.4342, 10.4600
0.4050, 5.28e-05, 6003.7946, 149.2206, 2.4211, 10.5571
0.4100, 6.23e-05, 6003.9009, 149.1768, 2.4088, 10.6548
0.4150, 5.19e-05, 6004.0086, 149.1329, 2.3973, 10.7529
0.4200, 5.05e-05, 6004.1176, 149.0891, 2.3867, 10.8517
0.4250, 5.75e-05, 6004.2281, 149.0452, 2.3770, 10.9510
0.4300, 5.02e-05, 6004.3399, 149.0014, 2.3681, 11.0509
0.4350, 5.05e-05, 6004.4530, 148.9575, 2.3601, 11.1514
0.4400, 5.04e-05, 6004.5675, 148.9136, 2.3529, 11.2526
0.4450, 6.38e-05, 6004.6834, 148.8697, 2.3464, 11.3543
0.4500, 5.23e-05, 6004.8006, 148.8258, 2.3408, 11.4567
0.4550, 5.14e-05, 6004.9192, 148.7819, 2.3360, 11.5597
0.4600, 5.03e-05, 6005.0391, 148.7379, 2.3319, 11.6633
0.4650, 5.07e-05, 6005.1604, 148.6938, 2.3285, 11.7675
0.4700, 5.48e-05, 6005.2830, 148.6498, 2.3258, 11.8724
0.4750, 5.16e-05, 6005.4070, 148.6056, 2.3237, 11.9777
0.4800, 6.85e-05, 6005.5322, 148.5614, 2.3223, 12.0837
0.4850, 5.18e-05, 6005.6589, 148.5172, 2.3215, 12.1902
0.4900, 5.02e-05, 6005.7868, 148.4729, 2.3212, 12.2972
0.4950, 5e-05, 6005.9161, 148.4286, 2.3215, 12.4047
0.5000, 5.21e-05, 6006.0467, 148.3841, 2.3222, 12.5126
0.5050, 5.02e-05, 6006.1786, 148.3397, 2.3234, 12.6210
0.5100, 5.09e-05, 6006.3119, 148.2951, 2.3250, 12.7299
0.5150, 6.29e-05, 6006.4465, 148.2505, 2.3270, 12.8391
0.5200, 5.38e-05, 6006.5824, 148.2058, 2.3293, 12.9487
0.5250, 5.05e-05, 6006.7196, 148.1610, 2.3319, 13.0587
0.5300, 5.03e-05, 6006.8581, 148.1162, 2.3348, 13.1689
0.5350, 5.27e-05, 6006.9980, 148.0712, 2.3380, 13.2795
0.5400, 5.01e-05, 6007.1392, 148.0262, 2.3413, 13.3903
0.5450, 5.04e-05, 6007.2817, 147.9812, 2.3449, 13.5013
0.5500, 6.51e-05, 6007.4255, 147.9360, 2.3486, 13.6125
0.5550, 5.84e-05, 6007.5707, 147.8908, 2.3524, 13.7240
0.5600, 5.1e-05, 6007.7171, 147.8455, 2.3563, 13.8355
0.5650, 5.05e-05, 6007.8649, 147.8001, 2.3603, 13.9472
0.5700, 5.05e-05, 6008.0140, 147.7546, 2.3643, 14.0591
0.5750, 5.27e-05, 6008.1644, 147.7090, 2.3683, 14.1709
0.5800, 5.03e-05, 6008.3161, 147.6634, 2.3724, 14.2829
0.5850, 6.33e-05, 6008.4692, 147.6177, 2.3764, 14.3949
0.5900, 5.28e-05, 6008.6235, 147.5719, 2.3804, 14.5069
0.5950, 5.04e-05, 6008.7792, 147.5260, 2.3843, 14.6189
0.6000, 5.06e-05, 6008.9361, 147.4800, 2.3881, 14.7309
0.6050, 5.03e-05, 6009.0944, 147.4340, 2.3919, 14.8428
0.6100, 5.25e-05, 6009.2540, 147.3879, 2.3956, 14.9547
0.6150, 5.05e-05, 6009.4149, 147.3417, 2.3991, 15.0666
0.6200, 6.16e-05, 6009.5771, 147.2954, 2.4025, 15.1783
0.6250, 5.11e-05, 6009.7406, 147.2490, 2.4058, 15.2900
0.6300, 5.3e-05, 6009.9054, 147.2026, 2.4090, 15.4015
0.6350, 5.57e-05, 6010.0715, 147.1561, 2.4120, 15.5130
0.6400, 5.17e-05, 6010.2390, 147.1095, 2.4148, 15.6243
0.6450, 5.21e-05, 6010.4077, 147.0628, 2.4176, 15.7355
0.6500, 5.34e-05, 6010.5777, 147.0161, 2.4201, 15.8465
0.6550, 6.3e-05, 6010.7490, 146.9693, 2.4225, 15.9574
0.6600, 5.07e-05, 6010.9216, 146.9224, 2.4247, 16.0682
0.6650, 5.3e-05, 6011.0956, 146.8755, 2.4268, 16.1788
0.6700, 5.04e-05, 6011.2708, 146.8285, 2.4287, 16.2892
0.6750, 5e-05, 6011.4473, 146.7814, 2.4304, 16.3995
0.6800, 5.06e-05, 6011.6251, 146.7342, 2.4320, 16.5096
0.6850, 5.25e-05, 6011.8042, 146.6870, 2.4334, 16.6195
0.6900, 6.21e-05, 6011.9845, 146.6397, 2.4347, 16.7293
0.6950, 5.05e-05, 6012.1662, 146.5923, 2.4359, 16.8390
0.7000, 5.01e-05, 6012.3491, 146.5449, 2.4369, 16.9484
0.7050, 5.28e-05, 6012.5334, 146.4975, 2.4377, 17.0577
0.7100, 5.22e-05, 6012.7189, 146.4499, 2.4384, 17.1669
0.7150, 6.24e-05, 6012.9057, 146.4023, 2.4390, 17.2759
0.7200, 5.46e-05, 6013.0937, 146.3546, 2.4395, 17.3847
0.7250, 6.51e-05, 6013.2831, 146.3069, 2.4399, 17.4934
0.7300, 5.08e-05, 6013.4737, 146.2591, 2.4402, 17.6019
0.7350, 5.02e-05, 6013.6655, 146.2113, 2.4403, 17.7103
0.7400, 5.33e-05, 6013.8587, 146.1634, 2.4404, 17.8186
0.7450, 5.04e-05, 6014.0531, 146.1154, 2.4404, 17.9267
0.7500, 5.02e-05, 6014.2488, 146.0674, 2.4403, 18.0347
0.7550, 4.99e-05, 6014.4457, 146.0193, 2.4401, 18.1426
0.7600, 5.44e-05, 6014.6439, 145.9711, 2.4398, 18.2503
0.7650, 5.05e-05, 6014.8434, 145.9230, 2.4395, 18.3580
0.7700, 5e-05, 6015.0441, 145.8747, 2.4392, 18.4655
0.7750, 5.02e-05, 6015.2461, 145.8264, 2.4387, 18.5729
0.7800, 5.51e-05, 6015.4493, 145.7780, 2.4383, 18.6803
0.7850, 4.99e-05, 6015.6537, 145.7296, 2.4378, 18.7875
0.7900, 5.02e-05, 6015.8594, 145.6812, 2.4373, 18.8946
0.7950, 6.35e-05, 6016.0664, 145.6326, 2.4367, 19.0017
0.8000, 5.13e-05, 6016.2746, 145.5841, 2.4361, 19.1087
0.8050, 5.04e-05, 6016.4840, 145.5354, 2.4355, 19.2156
0.8100, 5.1e-05, 6016.6947, 145.4867, 2.4349, 19.3224
0.8150, 6.67e-05, 6016.9066, 145.4380, 2.4343, 19.4291
0.8200, 5.07e-05, 6017.1197, 145.3892, 2.4337, 19.5358
0.8250, 0.0001075, 6017.3341, 145.3404, 2.4331, 19.6425
0.8300, 6.06e-05, 6017.5497, 145.2915, 2.4325, 19.7491
0.8350, 5.47e-05, 6017.7665, 145.2425, 2.4319, 19.8556
0.8400, 5.12e-05, 6017.9845, 145.1935, 2.4313, 19.9621
0.8450, 5.08e-05, 6018.2038, 145.1445, 2.4307, 20.0685
0.8500, 5.23e-05, 6018.4242, 145.0954, 2.4302, 20.1749
0.8550, 6.43e-05, 6018.6459, 145.0462, 2.4296, 20.2812
0.8600, 5.29e-05, 6018.8688, 144.9970, 2.4291, 20.3875
0.8650, 5.1e-05, 6019.0929, 144.9477, 2.4286, 20.4938
0.8700, 5.79e-05, 6019.3182, 144.8984, 2.4281, 20.6001
0.8750, 6.16e-05, 6019.5447, 144.8490, 2.4277, 20.7063
0.8800, 5.13e-05, 6019.7725, 144.7996, 2.4273, 20.8125
0.8850, 5.05e-05, 6020.0014, 144.7501, 2.4269, 20.9186
0.8900, 6.94e-05, 6020.2315, 144.7006, 2.4265, 21.0247
0.8950, 5.25e-05, 6020.4628, 144.6510, 2.4262, 21.1308
0.9000, 5.08e-05, 6020.6953, 144.6014, 2.4258, 21.2369
0.9050, 5.08e-05, 6020.9290, 144.5517, 2.4256, 21.3430
0.9100, 5.26e-05, 6021.1639, 144.5020, 2.4253, 21.4490
0.9150, 5.02e-05, 6021.3999, 144.4522, 2.4251, 21.5550
0.9200, 5.07e-05, 6021.6372, 144.4023, 2.4249, 21.6610
0.9250, 6.54e-05, 6021.8756, 144.3524, 2.4247, 21.7670
0.9300, 5.23e-05, 6022.1152, 144.3025, 2.4246, 21.8729
0.9350, 7.24e-05, 6022.3560, 144.2525, 2.4245, 21.9788
0.9400, 8.82e-05, 6022.5980, 144.2024, 2.4244, 22.0847
0.9450, 6.58e-05, 6022.8411, 144.1523, 2.4243, 22.1906
0.9500, 6.58e-05, 6023.0854, 144.1021, 2.4243, 22.2965
0.9550, 5.4e-05, 6023.3309, 144.0519, 2.4242, 22.4023
0.9600, 5.18e-05, 6023.5775, 144.0017, 2.4243, 22.5081
0.9650, 5.38e-05, 6023.8253, 143.9514, 2.4243, 22.6139
0.9700, 5.07e-05, 6024.0743, 143.9010, 2.4243, 22.7196
0.9750, 5.12e-05, 6024.3244, 143.8506, 2.4244, 22.8253
0.9800, 5.35e-05, 6024.5756, 143.8001, 2.4245, 22.9310
0.9850, 6.25e-05, 6024.8281, 143.7496, 2.4246, 23.0367
0.9900, 5.38e-05, 6025.0816, 143.6990, 2.4247, 23.1424
0.9950, 6.1e-05, 6025.3363, 143.6483, 2.4248, 23.2480
1.0000, 5.91e-05, 6025.5922, 143.5977, 2.4250, 23.3536
1.0050, 5.13e-05, 6025.8492, 143.5469, 2.4251, 23.4591
1.0100, 5.05e-05, 6026.1074, 143.4961, 2.4253, 23.5646
1.0150, 5.07e-05, 6026.3667, 143.4453, 2.4254, 23.6701
1.0200, 6.93e-05, 6026.6271, 143.3944, 2.4256, 23.7756
1.0250, 6.08e-05, 6026.8887, 143.3434, 2.4258, 23.8810
1.0300, 5.12e-05, 6027.1513, 143.2924, 2.4260, 23.9864
1.0350, 5.3e-05, 6027.4152, 143.2414, 2.4262, 24.0917
1.0400, 5.05e-05, 6027.6801, 143.1903, 2.4264, 24.1970
1.0450, 5.02e-05, 6027.9462, 143.1391, 2.4266, 24.3023
1.0500, 5.05e-05, 6028.2134, 143.0879, 2.4268, 24.4075
1.0550, 7.4e-05, 6028.4817, 143.0367, 2.4270, 24.5127
1.0600, 5.09e-05, 6028.7512, 142.9853, 2.4272, 24.6178
1.0650, 5.01e-05, 6029.0217, 142.9340, 2.4275, 24.7229
1.0700, 5.04e-05, 6029.2934, 142.8826, 2.4277, 24.8280
1.0750, 5.23e-05, 6029.5662, 142.8311, 2.4279, 24.9330
1.0800, 5.02e-05, 6029.8401, 142.7796, 2.4281, 25.0380
1.0850, 5.06e-05, 6030.1151, 142.7280, 2.4283, 25.1429
1.0900, 5.26e-05, 6030.3912, 142.6764, 2.4285, 25.2478
1.0950, 5.34e-05, 6030.6684, 142.6247, 2.4287, 25.3526
1.1000, 5.01e-05, 6030.9467, 142.5730, 2.4288, 25.4574
1.1050, 5.79e-05, 6031.2261, 142.5213, 2.4290, 25.5621
1.1100, 5.29e-05, 6031.5066, 142.4694, 2.4292, 25.6668
1.1150, 5.06e-05, 6031.7881, 142.4176, 2.4294, 25.7715
1.1200, 6.09e-05, 6032.0708, 142.3656, 2.4295, 25.8760
1.1250, 5.23e-05, 6032.3546, 142.3137, 2.4297, 25.9806
1.1300, 5.28e-05, 6032.6394, 142.2617, 2.4299, 26.0851
1.1350, 5.05e-05, 6032.9254, 142.2096, 2.4300, 26.1895
1.1400, 5.06e-05, 6033.2124, 142.1575, 2.4302, 26.2939
1.1450, 5.08e-05, 6033.5005, 142.1053, 2.4303, 26.3982
1.1500, 5.26e-05, 6033.7896, 142.0531, 2.4304, 26.5025
1.1550, 5.01e-05, 6034.0799, 142.0008, 2.4305, 26.6068
1.1600, 5.23e-05, 6034.3712, 141.9485, 2.4307, 26.7109
1.1650, 5.28e-05, 6034.6636, 141.8961, 2.4308, 26.8151
1.1700, 5.08e-05, 6034.9570, 141.8437, 2.4309, 26.9192
1.1750, 5.02e-05, 6035.2515, 141.7913, 2.4310, 27.0232
1.1800, 4.97e-05, 6035.5471, 141.7388, 2.4311, 27.1272
1.1850, 6.37e-05, 6035.8437, 141.6862, 2.4312, 27.2311
1.1900, 6.2e-05, 6036.1414, 141.6336, 2.4312, 27.3350
1.1950, 5.23e-05, 6036.4402, 141.5809, 2.4313, 27.4388
1.2000, 5.05e-05, 6036.7400, 141.5282, 2.4314, 27.5426
1.2050, 5.3e-05, 6037.0408, 141.4755, 2.4314, 27.6463
1.2100, 5.02e-05, 6037.3427, 141.4227, 2.4315, 27.7500
1.2150, 5.02e-05, 6037.6456, 141.3698, 2.4316, 27.8536
1.2200, 5.01e-05, 6037.9496, 141.3169, 2.4316, 27.9572
1.2250, 6.23e-05, 6038.2546, 141.2640, 2.4317, 28.0607
1.2300, 5.27e-05, 6038.5607, 141.2110, 2.4317, 28.1642
1.2350, 5.09e-05, 6038.8677, 141.1580, 2.4317, 28.2676
1.2400, 5.24e-05, 6039.1758, 141.1049, 2.4318, 28.3710
1.2450, 5.03e-05, 6039.4850, 141.0518, 2.4318, 28.4743
1.2500, 5.01e-05, 6039.7952, 140.9986, 2.4318, 28.5776
1.2550, 5.04e-05, 6040.1064, 140.9454, 2.4319, 28.6808
1.2600, 5.27e-05, 6040.4186, 140.8921, 2.4319, 28.7840
1.2650, 5.28e-05, 6040.7318, 140.8388, 2.4319, 28.8871
1.2700, 5.15e-05, 6041.0461, 140.7854, 2.4319, 28.9902
1.2750, 5.11e-05, 6041.3613, 140.7320, 2.4319, 29.0932
1.2800, 5.29e-05, 6041.6776, 140.6785, 2.4319, 29.1962
1.2850, 5.02e-05, 6041.9949, 140.6250, 2.4320, 29.2991
1.2900, 5.06e-05, 6042.3132, 140.5715, 2.4320, 29.4020
1.2950, 5.26e-05, 6042.6325, 140.5179, 2.4320, 29.5048
1.3000, 5.25e-05, 6042.9528, 140.4642, 2.4320, 29.6076
1.3050, 5.06e-05, 6043.2741, 140.4105, 2.4320, 29.7103
1.3100, 4.99e-05, 6043.5964, 140.3568, 2.4320, 29.8130
1.3150, 5.35e-05, 6043.9197, 140.3030, 2.4320, 29.9157
1.3200, 5.01e-05, 6044.2440, 140.2492, 2.4320, 30.0183
1.3250, 5.01e-05, 6044.5693, 140.1953, 2.4320, 30.1208
1.3300, 4.99e-05, 6044.8955, 140.1414, 2.4320, 30.2233
1.3350, 6.48e-05, 6045.2228, 140.0874, 2.4320, 30.3258
1.3400, 5.08e-05, 6045.5510, 140.0334, 2.4320, 30.4282
1.3450, 5.19e-05, 6045.8802, 139.9794, 2.4321, 30.5305
1.3500, 6.66e-05, 6046.2104, 139.9253, 2.4321, 30.6329
1.3550, 5.21e-05, 6046.5416, 139.8711, 2.4321, 30.7351
1.3600, 5.02e-05, 6046.8737, 139.8169, 2.4321, 30.8374
1.3650, 6.1e-05, 6047.2068, 139.7627, 2.4321, 30.9395
1.3700, 6.36e-05, 6047.5409, 139.7084, 2.4321, 31.0417
1.3750, 5.03e-05, 6047.8759, 139.6541, 2.4321, 31.1437
1.3800, 5.04e-05, 6048.2119, 139.5997, 2.4321, 31.2458
1.3850, 5.18e-05, 6048.5488, 139.5453, 2.4321, 31.3478
1.3900, 5.27e-05, 6048.8868, 139.4908, 2.4322, 31.4497
1.3950, 5.06e-05, 6049.2256, 139.4363, 2.4322, 31.5516
1.4000, 6.13e-05, 6049.5654, 139.3817, 2.4322, 31.6535
1.4050, 5.16e-05, 6049.9062, 139.3271, 2.4322, 31.7553
1.4100, 5.27e-05, 6050.2479, 139.2725, 2.4322, 31.8571
1.4150, 5.03e-05, 6050.5906, 139.2178, 2.4322, 31.9588
1.4200, 5.02e-05, 6050.9342, 139.1631, 2.4323, 32.0605
1.4250, 5.2e-05, 6051.2787, 139.1083, 2.4323, 32.1621
1.4300, 5.38e-05, 6051.6242, 139.0535, 2.4323, 32.2637
1.4350, 6.18e-05, 6051.9706, 138.9986, 2.4323, 32.3652
1.4400, 5.2e-05, 6052.3179, 138.9437, 2.4324, 32.4667
1.4450, 5.27e-05, 6052.6662, 138.8888, 2.4324, 32.5682
1.4500, 5e-05, 6053.0154, 138.8338, 2.4324, 32.6696
1.4550, 5.04e-05, 6053.3655, 138.7787, 2.4324, 32.7709
1.4600, 4.99e-05, 6053.7165, 138.7236, 2.4325, 32.8723
1.4650, 5.24e-05, 6054.0685, 138.6685, 2.4325, 32.9735
1.4700, 7.26e-05, 6054.4214, 138.6133, 2.4325, 33.0748
1.4750, 5.33e-05, 6054.7751, 138.5581, 2.4325, 33.1759
1.4800, 5.31e-05, 6055.1298, 138.5028, 2.4326, 33.2771
1.4850, 5.06e-05, 6055.4854, 138.4475, 2.4326, 33.3782
1.4900, 5.08e-05, 6055.8420, 138.3922, 2.4326, 33.4792
1.4950, 5.01e-05, 6056.1994, 138.3368, 2.4327, 33.5802
1.5000, 5.27e-05, 6056.5577, 138.2814, 2.4327, 33.6811
1.5050, 6.54e-05, 6056.9169, 138.2259, 2.4327, 33.7820
1.5100, 5.21e-05, 6057.2770, 138.1704, 2.4328, 33.8829
1.5150, 5.06e-05, 6057.6380, 138.1148, 2.4328, 33.9837
1.5200, 5.26e-05, 6057.9999, 138.0592, 2.4328, 34.0845
1.5250, 5.05e-05, 6058.3627, 138.0035, 2.4329, 34.1852
1.5300, 5.04e-05, 6058.7264, 137.9478, 2.4329, 34.2859
1.5350, 5.04e-05, 6059.0909, 137.8921, 2.4330, 34.3865
1.5400, 6.4e-05, 6059.4563, 137.8363, 2.4330, 34.4871
1.5450, 5.13e-05, 6059.8226, 137.7805, 2.4330, 34.5877
1.5500, 5.2e-05, 6060.1898, 137.7246, 2.4331, 34.6881
1.5550, 5.25e-05, 6060.5579, 137.6687, 2.4331, 34.7886
1.5600, 5.02e-05, 6060.9268, 137.6127, 2.4331, 34.8890
1.5650, 4.99e-05, 6061.2966, 137.5567, 2.4332, 34.9894
1.5700, 5.02e-05, 6061.6673, 137.5007, 2.4332, 35.0897
1.5750, 6.4e-05, 6062.0388, 137.4446, 2.4333, 35.1899
1.5800, 5.21e-05, 6062.4112, 137.3885, 2.4333, 35.2901
1.5850, 5.01e-05, 6062.7844, 137.3323, 2.4333, 35.3903
1.5900, 0.0001296, 6063.1585, 137.2761, 2.4334, 35.4904
1.5950, 0.0001305, 6063.5334, 137.2199, 2.4334, 35.5905
1.6000, 9.87e-05, 6063.9092, 137.1636, 2.4334, 35.6906
1.6050, 9.27e-05, 6064.2859, 137.1072, 2.4335, 35.7905
1.6100, 0.0001279, 6064.6634, 137.0509, 2.4335, 35.8905
1.6150, 0.0001016, 6065.0417, 136.9944, 2.4336, 35.9904
1.6200, 9.57e-05, 6065.4209, 136.9380, 2.4336, 36.0902
1.6250, 9.2e-05, 6065.8009, 136.8815, 2.4336, 36.1900
1.6300, 0.0001197, 6066.1817, 136.8249, 2.4337, 36.2898
1.6350, 9.53e-05, 6066.5634, 136.7684, 2.4337, 36.3895
1.6400, 8.87e-05, 6066.9459, 136.7117, 2.4338, 36.4891
1.6450, 8.89e-05, 6067.3292, 136.6551, 2.4338, 36.5887
1.6500, 0.0001077, 6067.7134, 136.5983, 2.4338, 36.6883
1.6550, 9.52e-05, 6068.0983, 136.5416, 2.4339, 36.7878
1.6600, 8.98e-05, 6068.4841, 136.4848, 2.4339, 36.8873
1.6650, 8.85e-05, 6068.8707, 136.4280, 2.4339, 36.9867
1.6700, 0.0001068, 6069.2582, 136.3711, 2.4340, 37.0861
1.6750, 0.0001059, 6069.6464, 136.3142, 2.4340, 37.1854
1.6800, 9.02e-05, 6070.0354, 136.2572, 2.4340, 37.2847
1.6850, 8.96e-05, 6070.4253, 136.2002, 2.4341, 37.3839
1.6900, 0.0001019, 6070.8159, 136.1432, 2.4341, 37.4831
1.6950, 9.29e-05, 6071.2074, 136.0861, 2.4342, 37.5823
1.7000, 8.84e-05, 6071.5996, 136.0290, 2.4342, 37.6814
1.7050, 8.95e-05, 6071.9927, 135.9718, 2.4342, 37.7804
1.7100, 0.0001041, 6072.3865, 135.9146, 2.4343, 37.8794
1.7150, 9.38e-05, 6072.7812, 135.8574, 2.4343, 37.9784
1.7200, 9.61e-05, 6073.1766, 135.8001, 2.4343, 38.0773
1.7250, 9.22e-05, 6073.5728, 135.7428, 2.4344, 38.1761
1.7300, 0.0001055, 6073.9698, 135.6854, 2.4344, 38.2749
1.7350, 9.69e-05, 6074.3675, 135.6280, 2.4344, 38.3737
1.7400, 9.41e-05, 6074.7661, 135.5706, 2.4345, 38.4724
1.7450, 8.94e-05, 6075.1654, 135.5131, 2.4345, 38.5710
1.7500, 0.0001046, 6075.5655, 135.4556, 2.4345, 38.6697
1.7550, 9.62e-05, 6075.9664, 135.3980, 2.4346, 38.7682
1.7600, 9.17e-05, 6076.3680, 135.3404, 2.4346, 38.8667
1.7650, 9.45e-05, 6076.7704, 135.2828, 2.4346, 38.9652
1.7700, 0.0001048, 6077.1735, 135.2251, 2.4347, 39.0636
1.7750, 9.41e-05, 6077.5775, 135.1674, 2.4347, 39.1620
1.7800, 9.02e-05, 6077.9821, 135.1096, 2.4347, 39.2603
1.7850, 8.82e-05, 6078.3876, 135.0518, 2.4348, 39.3586
1.7900, 0.0001043, 6078.7937, 134.9940, 2.4348, 39.4568
1.7950, 9.79e-05, 6079.2007, 134.9361, 2.4348, 39.5550
1.8000, 8.85e-05, 6079.6084, 134.8782, 2.4349, 39.6531
1.8050, 8.68e-05, 6080.0168, 134.8203, 2.4349, 39.7512
1.8100, 0.0001035, 6080.4259, 134.7623, 2.4349, 39.8492
1.8150, 0.0001041, 6080.8359, 134.7043, 2.4350, 39.9472
1.8200, 9.01e-05, 6081.2465, 134.6462, 2.4350, 40.0451
1.8250, 8.99e-05, 6081.6579, 134.5881, 2.4350, 40.1430
1.8300, 0.0001047, 6082.0700, 134.5300, 2.4351, 40.2408
1.8350, 9.67e-05, 6082.4828, 134.4718, 2.4351, 40.3386
1.8400, 9e-05, 6082.8964, 134.4136, 2.4351, 40.4363
1.8450, 8.8e-05, 6083.3107, 134.3553, 2.4352, 40.5340
1.8500, 0.0001028, 6083.7257, 134.2970, 2.4352, 40.6317
1.8550, 9.69e-05, 6084.1414, 134.2387, 2.4352, 40.7292
1.8600, 9.48e-05, 6084.5578, 134.1803, 2.4353, 40.8268
1.8650, 8.83e-05, 6084.9750, 134.1219, 2.4353, 40.9242
1.8700, 0.0001044, 6085.3929, 134.0635, 2.4353, 41.0217
1.8750, 9.35e-05, 6085.8114, 134.0050, 2.4354, 41.1190
1.8800, 8.92e-05, 6086.2307, 133.9465, 2.4354, 41.2164
1.8850, 8.71e-05, 6086.6507, 133.8879, 2.4354, 41.3136
1.8900, 0.0001262, 6087.0714, 133.8293, 2.4354, 41.4109
1.8950, 9.5e-05, 6087.4928, 133.7707, 2.4355, 41.5080
1.9000, 8.97e-05, 6087.9149, 133.7121, 2.4355, 41.6052
1.9050, 9.43e-05, 6088.3376, 133.6534, 2.4355, 41.7022
1.9100, 0.0001084, 6088.7611, 133.5946, 2.4356, 41.7993
1.9150, 9.46e-05, 6089.1852, 133.5359, 2.4356, 41.8962
1.9200, 8.85e-05, 6089.6101, 133.4771, 2.4356, 41.9931
1.9250, 9.03e-05, 6090.0356, 133.4182, 2.4356, 42.0900
1.9300, 0.0001024, 6090.4618, 133.3593, 2.4357, 42.1868
1.9350, 9.37e-05, 6090.8887, 133.3004, 2.4357, 42.2836
1.9400, 8.79e-05, 6091.3162, 133.2415, 2.4357, 42.3803
1.9450, 0.0001146, 6091.7445, 133.1825, 2.4358, 42.4770
1.9500, 0.0001125, 6092.1734, 133.1235, 2.4358, 42.5736
1.9550, 9.29e-05, 6092.6029, 133.0644, 2.4358, 42.6701
1.9600, 8.66e-05, 6093.0332, 133.0053, 2.4358, 42.7666
1.9650, 8.91e-05, 6093.4640, 132.9462, 2.4359, 42.8631
1.9700, 0.0001042, 6093.8956, 132.8870, 2.4359, 42.9595
1.9750, 9.38e-05, 6094.3278, 132.8279, 2.4359, 43.0558
1.9800, 8.7e-05, 6094.7607, 132.7686, 2.4359, 43.1521
1.9850, 9.13e-05, 6095.1942, 132.7094, 2.4360, 43.2483
1.9900, 0.0001046, 6095.6284, 132.6501, 2.4360, 43.3445
1.9950, 9.99e-05, 6096.0632, 132.5907, 2.4360, 43.4406
2.0000, 9.23e-05, 6096.4986, 132.5314, 2.4360, 43.5367
2.0050, 8.72e-05, 6096.9347, 132.4720, 2.4360, 43.6327
2.0100, 0.0001028, 6097.3715, 132.4125, 2.4361, 43.7287
2.0150, 9.76e-05, 6097.8088, 132.3531, 2.4361, 43.8246
2.0200, 9.05e-05, 6098.2469, 132.2936, 2.4361, 43.9205
2.0250, 8.81e-05, 6098.6855, 132.2340, 2.4361, 44.0163
2.0300, 0.0001041, 6099.1248, 132.1745, 2.4362, 44.1120
2.0350, 9.15e-05, 6099.5647, 132.1149, 2.4362, 44.2077
2.0400, 9.79e-05, 6100.0052, 132.0552, 2.4362, 44.3034
2.0450, 9.6e-05, 6100.4464, 131.9956, 2.4362, 44.3989
2.0500, 0.0001053, 6100.8881, 131.9359, 2.4362, 44.4945
2.0550, 9.76e-05, 6101.3305, 131.8761, 2.4362, 44.5900
2.0600, 8.78e-05, 6101.7735, 131.8164, 2.4363, 44.6854
2.0650, 8.49e-05, 6102.2171, 131.7566, 2.4363, 44.7807
2.0700, 0.0001039, 6102.6613, 131.6967, 2.4363, 44.8761
2.0750, 9.34e-05, 6103.1062, 131.6369, 2.4363, 44.9713
2.0800, 8.84e-05, 6103.5516, 131.5770, 2.4363, 45.0665
2.0850, 8.75e-05, 6103.9976, 131.5171, 2.4363, 45.1617
2.0900, 0.0001069, 6104.4443, 131.4571, 2.4364, 45.2567
2.0950, 9.63e-05, 6104.8915, 131.3971, 2.4364, 45.3518
2.1000, 9e-05, 6105.3393, 131.3371, 2.4364, 45.4468
2.1050, 8.87e-05, 6105.7877, 131.2770, 2.4364, 45.5417
2.1100, 0.0001042, 6106.2367, 131.2169, 2.4364, 45.6365
2.1150, 0.0001065, 6106.6863, 131.1568, 2.4364, 45.7313
2.1200, 9.01e-05, 6107.1365, 131.0967, 2.4364, 45.8261
2.1250, 8.82e-05, 6107.5872, 131.0365, 2.4364, 45.9208
2.1300, 0.0001063, 6108.0386, 130.9763, 2.4364, 46.0154
2.1350, 9.71e-05, 6108.4905, 130.9161, 2.4365, 46.1100
2.1400, 9e-05, 6108.9430, 130.8558, 2.4365, 46.2045
2.1450, 8.8e-05, 6109.3960, 130.7955, 2.4365, 46.2990
2.1500, 0.0001067, 6109.8497, 130.7352, 2.4365, 46.3934
2.1550, 9.19e-05, 6110.3039, 130.6748, 2.4365, 46.4877
2.1600, 8.86e-05, 6110.7586, 130.6144, 2.4365, 46.5820
2.1650, 8.76e-05, 6111.2139, 130.5540, 2.4365, 46.6763
2.1700, 0.0001061, 6111.6698, 130.4935, 2.4365, 46.7704
2.1750, 9.51e-05, 6112.1262, 130.4331, 2.4365, 46.8645
2.1800, 8.86e-05, 6112.5832, 130.3726, 2.4365, 46.9586
2.1850, 9.86e-05, 6113.0408, 130.3120, 2.4365, 47.0526
2.1900, 0.0001048, 6113.4989, 130.2514, 2.4365, 47.1465
2.1950, 0.0001008, 6113.9575, 130.1908, 2.4365, 47.2404
2.2000, 8.93e-05, 6114.4167, 130.1302, 2.4365, 47.3342
2.2050, 8.92e-05, 6114.8764, 130.0696, 2.4365, 47.4280
2.2100, 0.0001056, 6115.3367, 130.0089, 2.4365, 47.5217
2.2150, 8.86e-05, 6115.7975, 129.9482, 2.4365, 47.6154
2.2200, 8.71e-05, 6116.2588, 129.8874, 2.4365, 47.7089
2.2250, 9.12e-05, 6116.7207, 129.8267, 2.4365, 47.8025
2.2300, 0.0001062, 6117.1831, 129.7659, 2.4365, 47.8959
2.2350, 0.0001089, 6117.6460, 129.7050, 2.4365, 47.9894
2.2400, 9.09e-05, 6118.1094, 129.6442, 2.4365, 48.0827
2.2450, 9.33e-05, 6118.5734, 129.5833, 2.4365, 48.1760
2.2500, 9.21e-05, 6119.0379, 129.5224, 2.4365, 48.2692
2.2550, 8.57e-05, 6119.5029, 129.4615, 2.4365, 48.3624
2.2600, 9.07e-05, 6119.9684, 129.4005, 2.4365, 48.4555
2.2650, 9.5e-05, 6120.4344, 129.3395, 2.4365, 48.5485
2.2700, 9.25e-05, 6120.9010, 129.2785, 2.4364, 48.6415
2.2750, 8.83e-05, 6121.3680, 129.2175, 2.4364, 48.7344
2.2800, 9e-05, 6121.8356, 129.1564, 2.4364, 48.8273
2.2850, 9.27e-05, 6122.3036, 129.0953, 2.4364, 48.9201
2.2900, 9.21e-05, 6122.7722, 129.0342, 2.4364, 49.0128
2.2950, 8.86e-05, 6123.2412, 128.9730, 2.4364, 49.1055
2.3000, 9.34e-05, 6123.7108, 128.9118, 2.4364, 49.1981
2.3050, 0.0001121, 6124.1808, 128.8506, 2.4364, 49.2907
2.3100, 9.3e-05, 6124.6513, 128.7894, 2.4364, 49.3832
2.3150, 0.0001496, 6125.1224, 128.7281, 2.4363, 49.4756
2.3200, 6.92e-05, 6125.5939, 128.6669, 2.4363, 49.5680
2.3250, 5.44e-05, 6126.0658, 128.6055, 2.4363, 49.6603
2.3300, 5.2e-05, 6126.5383, 128.5442, 2.4363, 49.7526
2.3350, 5.32e-05, 6127.0112, 128.4829, 2.4363, 49.8447
2.3400, 5.07e-05, 6127.4847, 128.4215, 2.4363, 49.9369
2.3450, 5.06e-05, 6127.9586, 128.3601, 2.4362, 50.0289
2.3500, 5.02e-05, 6128.4329, 128.2986, 2.4362, 50.1209
2.3550, 5.24e-05, 6128.9077, 128.2372, 2.4362, 50.2128
2.3600, 5.04e-05, 6129.3830, 128.1757, 2.4362, 50.3047
2.3650, 5.01e-05, 6129.8588, 128.1142, 2.4362, 50.3965
2.3700, 5.21e-05, 6130.3350, 128.0526, 2.4361, 50.4883
2.3750, 5.06e-05, 6130.8117, 127.9911, 2.4361, 50.5799
2.3800, 5.02e-05, 6131.2888, 127.9295, 2.4361, 50.6716
2.3850, 5.62e-05, 6131.7664, 127.8679, 2.4361, 50.7631
2.3900, 5.31e-05, 6132.2445, 127.8063, 2.4360, 50.8546
2.3950, 5.04e-05, 6132.7229, 127.7446, 2.4360, 50.9460
2.4000, 5.06e-05, 6133.2019, 127.6829, 2.4360, 51.0374
2.4050, 5.02e-05, 6133.6812, 127.6212, 2.4360, 51.1287
2.4100, 5.26e-05, 6134.1611, 127.5595, 2.4359, 51.2199
2.4150, 5.04e-05, 6134.6413, 127.4978, 2.4359, 51.3111
2.4200, 5.05e-05, 6135.1220, 127.4360, 2.4359, 51.4022
2.4250, 5.03e-05, 6135.6031, 127.3742, 2.4358, 51.4932
2.4300, 7.04e-05, 6136.0847, 127.3124, 2.4358, 51.5842
2.4350, 5.07e-05, 6136.5667, 127.2505, 2.4358, 51.6751
2.4400, 5.03e-05, 6137.0491, 127.1887, 2.4358, 51.7660
2.4450, 5.24e-05, 6137.5320, 127.1268, 2.4357, 51.8567
2.4500, 5.05e-05, 6138.0152, 127.0649, 2.4357, 51.9475
2.4550, 5.03e-05, 6138.4989, 127.0029, 2.4357, 52.0381
2.4600, 5.05e-05, 6138.9830, 126.9410, 2.4356, 52.1287
2.4650, 6.67e-05, 6139.4675, 126.8790, 2.4356, 52.2192
2.4700, 5.17e-05, 6139.9525, 126.8170, 2.4356, 52.3096
2.4750, 5.01e-05, 6140.4378, 126.7550, 2.4355, 52.4000
2.4800, 5.01e-05, 6140.9235, 126.6929, 2.4355, 52.4903
2.4850, 5.27e-05, 6141.4097, 126.6309, 2.4355, 52.5806
2.4900, 5.02e-05, 6141.8963, 126.5688, 2.4354, 52.6708
2.4950, 5.02e-05, 6142.3832, 126.5067, 2.4354, 52.7609
2.5000, 6.47e-05, 6142.8706, 126.4446, 2.4353, 52.8510
2.5050, 5.09e-05, 6143.3583, 126.3824, 2.4353, 52.9409
2.5100, 5.03e-05, 6143.8465, 126.3202, 2.4353, 53.0309
2.5150, 5e-05, 6144.3350, 126.2580, 2.4352, 53.1207
2.5200, 5.26e-05, 6144.8239, 126.1958, 2.4352, 53.2105
2.5250, 5.01e-05, 6145.3133, 126.1336, 2.4351, 53.3002
2.5300, 5.01e-05, 6145.8030, 126.0713, 2.4351, 53.3899
2.5350, 6.24e-05, 6146.2930, 126.0091, 2.4351, 53.4794
2.5400, 5.33e-05, 6146.7835, 125.9468, 2.4350, 53.5689
2.5450, 5.04e-05, 6147.2744, 125.8845, 2.4350, 53.6584
2.5500, 5.45e-05, 6147.7656, 125.8221, 2.4349, 53.7478
2.5550, 5.17e-05, 6148.2572, 125.7598, 2.4349, 53.8371
2.5600, 5.29e-05, 6148.7491, 125.6974, 2.4348, 53.9263
2.5650, 5.02e-05, 6149.2414, 125.6350, 2.4348, 54.0155
2.5700, 6.22e-05, 6149.7341, 125.5726, 2.4347, 54.1046
2.5750, 5.29e-05, 6150.2272, 125.5101, 2.4347, 54.1936
2.5800, 5e-05, 6150.7206, 125.4477, 2.4346, 54.2826
2.5850, 5.01e-05, 6151.2144, 125.3852, 2.4346, 54.3715
2.5900, 5.01e-05, 6151.7085, 125.3227, 2.4346, 54.4603
2.5950, 5.26e-05, 6152.2030, 125.2602, 2.4345, 54.5490
2.6000, 5.02e-05, 6152.6979, 125.1977, 2.4345, 54.6377
2.6050, 6.26e-05, 6153.1930, 125.1351, 2.4344, 54.7263
2.6100, 5.08e-05, 6153.6886, 125.0725, 2.4344, 54.8149
2.6150, 5.24e-05, 6154.1845, 125.0100, 2.4343, 54.9034
2.6200, 5.03e-05, 6154.6807, 124.9473, 2.4343, 54.9918
2.6250, 5.03e-05, 6155.1773, 124.8847, 2.4342, 55.0801
2.6300, 5.26e-05, 6155.6742, 124.8221, 2.4341, 55.1684
2.6350, 5.49e-05, 6156.1714, 124.7594, 2.4341, 55.2565
2.6400, 6.21e-05, 6156.6690, 124.6967, 2.4340, 55.3447
2.6450, 5.06e-05, 6157.1669, 124.6340, 2.4340, 55.4327
2.6500, 5.24e-05, 6157.6651, 124.5713, 2.4339, 55.5207
2.6550, 5.05e-05, 6158.1637, 124.5086, 2.4339, 55.6086
2.6600, 5.05e-05, 6158.6626, 124.4458, 2.4338, 55.6964
2.6650, 5.04e-05, 6159.1618, 124.3831, 2.4338, 55.7842
2.6700, 5.22e-05, 6159.6613, 124.3203, 2.4337, 55.8719
2.6750, 6.18e-05, 6160.1611, 124.2575, 2.4337, 55.9595
2.6800, 5.08e-05, 6160.6613, 124.1947, 2.4336, 56.0470
2.6850, 5.23e-05, 6161.1618, 124.1318, 2.4335, 56.1345
2.6900, 5.01e-05, 6161.6626, 124.0690, 2.4335, 56.2219
2.6950, 5.01e-05, 6162.1637, 124.0061, 2.4334, 56.3092
2.7000, 5.05e-05, 6162.6651, 123.9432, 2.4334, 56.3965
2.7050, 5.25e-05, 6163.1668, 123.8803, 2.4333, 56.4836
2.7100, 6.17e-05, 6163.6688, 123.8174, 2.4332, 56.5708
2.7150, 5.52e-05, 6164.1711, 123.7544, 2.4332, 56.6578
2.7200, 5.09e-05, 6164.6737, 123.6915, 2.4331, 56.7447
2.7250, 5.26e-05, 6165.1766, 123.6285, 2.4331, 56.8316
2.7300, 5.04e-05, 6165.6798, 123.5655, 2.4330, 56.9184
2.7350, 5.03e-05, 6166.1833, 123.5025, 2.4329, 57.0051
2.7400, 5.04e-05, 6166.6870, 123.4395, 2.4329, 57.0918
2.7450, 6.4e-05, 6167.1911, 123.3765, 2.4328, 57.1784
2.7500, 5.11e-05, 6167.6954, 123.3134, 2.4328, 57.2649
2.7550, 5.02e-05, 6168.2001, 123.2503, 2.4327, 57.3513
2.7600, 5.24e-05, 6168.7050, 123.1873, 2.4326, 57.4377
2.7650, 5.05e-05, 6169.2101, 123.1242, 2.4326, 57.5239
2.7700, 5.03e-05, 6169.7156, 123.0610, 2.4325, 57.6101
2.7750, 5.02e-05, 6170.2213, 122.9979, 2.4324, 57.6963
2.7800, 6.35e-05, 6170.7273, 122.9348, 2.4324, 57.7823
2.7850, 5.18e-05, 6171.2336, 122.8716, 2.4323, 57.8683
2.7900, 5.04e-05, 6171.7401, 122.8084, 2.4322, 57.9542
2.7950, 5.04e-05, 6172.2469, 122.7452, 2.4322, 58.0400
2.8000, 5.65e-05, 6172.7540, 122.6820, 2.4321, 58.1257
2.8050, 5.01e-05, 6173.2613, 122.6188, 2.4320, 58.2114
2.8100, 5.02e-05, 6173.7689, 122.5556, 2.4320, 58.2969
2.8150, 6.32e-05, 6174.2767, 122.4923, 2.4319, 58.3824
2.8200, 5.17e-05, 6174.7848, 122.4291, 2.4318, 58.4679
2.8250, 5.06e-05, 6175.2932, 122.3658, 2.4318, 58.5532
2.8300, 5.01e-05, 6175.8017, 122.3025, 2.4317, 58.6385
2.8350, 5.24e-05, 6176.3106, 122.2392, 2.4316, 58.7236
2.8400, 5e-05, 6176.8197, 122.1759, 2.4315, 58.8087
2.8450, 5.05e-05, 6177.3290, 122.1126, 2.4315, 58.8938
2.8500, 6.11e-05, 6177.8385, 122.0492, 2.4314, 58.9787
2.8550, 5.42e-05, 6178.3483, 121.9859, 2.4313, 59.0636
2.8600, 5.06e-05, 6178.8584, 121.9225, 2.4313, 59.1483
2.8650, 5.05e-05, 6179.3686, 121.8591, 2.4312, 59.2330
2.8700, 5.01e-05, 6179.8792, 121.7957, 2.4311, 59.3177
2.8750, 5.25e-05, 6180.3899, 121.7323, 2.4310, 59.4022
2.8800, 5e-05, 6180.9008, 121.6689, 2.4310, 59.4866
2.8850, 6.21e-05, 6181.4120, 121.6054, 2.4309, 59.5710
2.8900, 5.39e-05, 6181.9234, 121.5420, 2.4308, 59.6553
2.8950, 5.04e-05, 6182.4351, 121.4785, 2.4308, 59.7395
2.9000, 5e-05, 6182.9469, 121.4151, 2.4307, 59.8236
2.9050, 5.05e-05, 6183.4590, 121.3516, 2.4306, 59.9076
2.9100, 5.3e-05, 6183.9712, 121.2881, 2.4305, 59.9916
2.9150, 0.0001198, 6184.4837, 121.2246, 2.4305, 60.0754
2.9200, 0.0001129, 6184.9964, 121.1610, 2.4304, 60.1592
2.9250, 6.02e-05, 6185.5093, 121.0975, 2.4303, 60.2429
2.9300, 5.43e-05, 6186.0225, 121.0339, 2.4302, 60.3265
2.9350, 5.12e-05, 6186.5358, 120.9704, 2.4301, 60.4100
2.9400, 5.1e-05, 6187.0493, 120.9068, 2.4301, 60.4935
2.9450, 5.64e-05, 6187.5630, 120.8432, 2.4300, 60.5768
2.9500, 5.2e-05, 6188.0769, 120.7796, 2.4299, 60.6601
2.9550, 5.09e-05, 6188.5910, 120.7160, 2.4298, 60.7432
2.9600, 5.06e-05, 6189.1053, 120.6524, 2.4298, 60.8263
2.9650, 5.27e-05, 6189.6198, 120.5888, 2.4297, 60.9093
2.9700, 5.09e-05, 6190.1345, 120.5251, 2.4296, 60.9922
2.9750, 7.48e-05, 6190.6494, 120.4615, 2.4295, 61.0750
2.9800, 7.9e-05, 6191.1645, 120.3978, 2.4294, 61.1578
2.9850, 5.63e-05, 6191.6797, 120.3341, 2.4294, 61.2404
2.9900, 5.15e-05, 6192.1951, 120.2705, 2.4293, 61.3229
2.9950, 5.09e-05, 6192.7107, 120.2068, 2.4292, 61.4054
3.0000, 5.1e-05, 6193.2265, 120.1431, 2.4291, 61.4877
3.0050, 5.32e-05, 6193.7425, 120.0793, 2.4290, 61.5700
3.0100, 6.49e-05, 6194.2586, 120.0156, 2.4289, 61.6522
3.0150, 5.08e-05, 6194.7749, 119.9519, 2.4289, 61.7343
3.0200, 5.26e-05, 6195.2913, 119.8881, 2.4288, 61.8163
3.0250, 5.63e-05, 6195.8080, 119.8244, 2.4287, 61.8982
3.0300, 5.09e-05, 6196.3248, 119.7606, 2.4286, 61.9800
3.0350, 5.03e-05, 6196.8417, 119.6968, 2.4285, 62.0617
3.0400, 5.26e-05, 6197.3588, 119.6331, 2.4284, 62.1433
3.0450, 6.28e-05, 6197.8761, 119.5693, 2.4284, 62.2248
3.0500, 5.07e-05, 6198.3936, 119.5055, 2.4283, 62.3063
3.0550, 5.03e-05, 6198.9111, 119.4416, 2.4282, 62.3876
3.0600, 5.25e-05, 6199.4289, 119.3778, 2.4281, 62.4688
3.0650, 5.11e-05, 6199.9468, 119.3140, 2.4280, 62.5500
3.0700, 5.04e-05, 6200.4648, 119.2501, 2.4279, 62.6310
3.0750, 5.22e-05, 6200.9830, 119.1863, 2.4278, 62.7119
3.0800, 6.25e-05, 6201.5013, 119.1224, 2.4278, 62.7928
3.0850, 5.09e-05, 6202.0198, 119.0586, 2.4277, 62.8735
3.0900, 5.02e-05, 6202.5384, 118.9947, 2.4276, 62.9542
3.0950, 5.24e-05, 6203.0572, 118.9308, 2.4275, 63.0347
3.1000, 5.01e-05, 6203.5760, 118.8669, 2.4274, 63.1151
3.1050, 5.01e-05, 6204.0951, 118.8030, 2.4273, 63.1955
3.1100, 5.42e-05, 6204.6142, 118.7391, 2.4272, 63.2757
3.1150, 7.32e-05, 6205.1335, 118.6752, 2.4271, 63.3559
3.1200, 5.1e-05, 6205.6529, 118.6112, 2.4271, 63.4359
3.1250, 5.05e-05, 6206.1724, 118.5473, 2.4270, 63.5158
3.1300, 6.08e-05, 6206.6921, 118.4834, 2.4269, 63.5956
3.1350, 5.06e-05, 6207.2119, 118.4194, 2.4268, 63.6754
3.1400, 4.98e-05, 6207.7318, 118.3554, 2.4267, 63.7550
3.1450, 5.04e-05, 6208.2518, 118.2915, 2.4266, 63.8345
3.1500, 6.5e-05, 6208.7719, 118.2275, 2.4265, 63.9139
3.1550, 5.23e-05, 6209.2922, 118.1635, 2.4264, 63.9932
3.1600, 5.1e-05, 6209.8126, 118.0995, 2.4263, 64.0724
3.1650, 5.06e-05, 6210.3330, 118.0355, 2.4262, 64.1514
3.1700, 5.3e-05, 6210.8536, 117.9715, 2.4261, 64.2304
3.1750, 5.03e-05, 6211.3743, 117.9075, 2.4260, 64.3093
3.1800, 6.24e-05, 6211.8951, 117.8435, 2.4259, 64.3880
3.1850, 5.18e-05, 6212.4160, 117.7795, 2.4258, 64.4667
3.1900, 5.77e-05, 6212.9370, 117.7155, 2.4257, 64.5452
3.1950, 5.08e-05, 6213.4581, 117.6514, 2.4257, 64.6236
3.2000, 5.04e-05, 6213.9793, 117.5874, 2.4256, 64.7019
3.2050, 6.34e-05, 6214.5006, 117.5233, 2.4255, 64.7801
3.2100, 5.05e-05, 6215.0220, 117.4593, 2.4254, 64.8582
3.2150, 6.79e-05, 6215.5434, 117.3952, 2.4253, 64.9361
3.2200, 5.3e-05, 6216.0650, 117.3311, 2.4252, 65.0140
3.2250, 5.36e-05, 6216.5866, 117.2671, 2.4251, 65.0917
3.2300, 5.07e-05, 6217.1084, 117.2030, 2.4250, 65.1693
3.2350, 5.05e-05, 6217.6302, 117.1389, 2.4249, 65.2468
3.2400, 5.01e-05, 6218.1521, 117.0748, 2.4248, 65.3242
3.2450, 5.31e-05, 6218.6741, 117.0107, 2.4247, 65.4014
3.2500, 6.22e-05, 6219.1961, 116.9466, 2.4246, 65.4785
3.2550, 5.27e-05, 6219.7183, 116.8825, 2.4245, 65.5555
3.2600, 5.32e-05, 6220.2405, 116.8184, 2.4244, 65.6324
3.2650, 5.1e-05, 6220.7627, 116.7543, 2.4243, 65.7092
3.2700, 5.51e-05, 6221.2851, 116.6901, 2.4242, 65.7858
3.2750, 5.08e-05, 6221.8075, 116.6260, 2.4241, 65.8624
3.2800, 5.3e-05, 6222.3300, 116.5619, 2.4240, 65.9388
3.2850, 6.24e-05, 6222.8525, 116.4978, 2.4239, 66.0150
3.2900, 5.26e-05, 6223.3751, 116.4336, 2.4238, 66.0912
3.2950, 5.04e-05, 6223.8978, 116.3695, 2.4236, 66.1672
3.3000, 5.31e-05, 6224.4205, 116.3053, 2.4235, 66.2431
3.3050, 5.1e-05, 6224.9433, 116.2412, 2.4234, 66.3188
3.3100, 5.15e-05, 6225.4662, 116.1770, 2.4233, 66.3945
3.3150, 5.08e-05, 6225.9891, 116.1128, 2.4232, 66.4700
3.3200, 6.52e-05, 6226.5120, 116.0487, 2.4231, 66.5453
3.3250, 5.17e-05, 6227.0350, 115.9845, 2.4230, 66.6205
3.3300, 5.05e-05, 6227.5581, 115.9203, 2.4229, 66.6956
3.3350, 6.27e-05, 6228.0811, 115.8561, 2.4228, 66.7706
3.3400, 5.03e-05, 6228.6043, 115.7920, 2.4227, 66.8454
3.3450, 5.01e-05, 6229.1275, 115.7278, 2.4226, 66.9201
3.3500, 5.48e-05, 6229.6507, 115.6636, 2.4225, 66.9947
3.3550, 6.45e-05, 6230.1739, 115.5994, 2.4224, 67.0691
3.3600, 5.11e-05, 6230.6972, 115.5352, 2.4222, 67.1434
3.3650, 5.08e-05, 6231.2205, 115.4710, 2.4221, 67.2175
3.3700, 5.03e-05, 6231.7439, 115.4068, 2.4220, 67.2915
3.3750, 5.27e-05, 6232.2673, 115.3426, 2.4219, 67.3654
3.3800, 5.04e-05, 6232.7907, 115.2784, 2.4218, 67.4391
3.3850, 5.02e-05, 6233.3142, 115.2142, 2.4217, 67.5126
3.3900, 6.34e-05, 6233.8376, 115.1500, 2.4216, 67.5861
3.3950, 5.15e-05, 6234.3611, 115.0858, 2.4215, 67.6593
3.4000, 5.04e-05, 6234.8847, 115.0215, 2.4213, 67.7325
3.4050, 5.01e-05, 6235.4082, 114.9573, 2.4212, 67.8054
3.4100, 5.24e-05, 6235.9318, 114.8931, 2.4211, 67.8783
3.4150, 5.05e-05, 6236.4554, 114.8289, 2.4210, 67.9509
3.4200, 5e-05, 6236.9789, 114.7647, 2.4209, 68.0235
3.4250, 6.14e-05, 6237.5026, 114.7004, 2.4208, 68.0958
3.4300, 5.37e-05, 6238.0262, 114.6362, 2.4206, 68.1681
3.4350, 5.1e-05, 6238.5498, 114.5720, 2.4205, 68.2401
3.4400, 4.99e-05, 6239.0734, 114.5077, 2.4204, 68.3120
3.4450, 5.03e-05, 6239.5971, 114.4435, 2.4203, 68.3838
3.4500, 5.53e-05, 6240.1207, 114.3793, 2.4202, 68.4554
3.4550, 5.05e-05, 6240.6444, 114.3150, 2.4201, 68.5268
3.4600, 6.16e-05, 6241.1680, 114.2508, 2.4199, 68.5981
3.4650, 5.39e-05, 6241.6917, 114.1866, 2.4198, 68.6692
3.4700, 5.05e-05, 6242.2153, 114.1223, 2.4197, 68.7401
3.4750, 5.05e-05, 6242.7390, 114.0581, 2.4196, 68.8109
3.4800, 5.05e-05, 6243.2626, 113.9938, 2.4194, 68.8815
3.4850, 5.24e-05, 6243.7863, 113.9296, 2.4193, 68.9520
3.4900, 5.02e-05, 6244.3099, 113.8654, 2.4192, 69.0222
3.4950, 6.13e-05, 6244.8335, 113.8011, 2.4191, 69.0923
3.5000, 5.51e-05, 6245.3571, 113.7369, 2.4189, 69.1623
3.5050, 5.26e-05, 6245.8807, 113.6726, 2.4188, 69.2320
3.5100, 5.03e-05, 6246.4043, 113.6084, 2.4187, 69.3016
3.5150, 5.52e-05, 6246.9278, 113.5442, 2.4186, 69.3710
3.5200, 5.41e-05, 6247.4514, 113.4799, 2.4184, 69.4403
3.5250, 5e-05, 6247.9749, 113.4157, 2.4183, 69.5093
3.5300, 6.15e-05, 6248.4984, 113.3514, 2.4182, 69.5782
3.5350, 5.15e-05, 6249.0218, 113.2872, 2.4180, 69.6469
3.5400, 5.24e-05, 6249.5453, 113.2230, 2.4179, 69.7154
3.5450, 5.01e-05, 6250.0687, 113.1587, 2.4178, 69.7838
3.5500, 5.01e-05, 6250.5920, 113.0945, 2.4177, 69.8519
3.5550, 4.98e-05, 6251.1154, 113.0302, 2.4175, 69.9199
3.5600, 5.23e-05, 6251.6387, 112.9660, 2.4174, 69.9876
3.5650, 6.07e-05, 6252.1620, 112.9018, 2.4173, 70.0552
3.5700, 5.15e-05, 6252.6852, 112.8375, 2.4171, 70.1226
3.5750, 5.23e-05, 6253.2084, 112.7733, 2.4170, 70.1898
3.5800, 5.14e-05, 6253.7316, 112.7091, 2.4169, 70.2568
3.5850, 5.03e-05, 6254.2547, 112.6448, 2.4167, 70.3236
3.5900, 5e-05, 6254.7778, 112.5806, 2.4166, 70.3902
3.5950, 5.17e-05, 6255.3009, 112.5164, 2.4164, 70.4566
3.6000, 0.0001198, 6255.8239, 112.4522, 2.4163, 70.5229
3.6050, 6.23e-05, 6256.3468, 112.3879, 2.4162, 70.5889
3.6100, 5.15e-05, 6256.8697, 112.3237, 2.4160, 70.6547
3.6150, 5.29e-05, 6257.3925, 112.2595, 2.4159, 70.7203
3.6200, 5.09e-05, 6257.9153, 112.1953, 2.4158, 70.7857
3.6250, 5.05e-05, 6258.4381, 112.1311, 2.4156, 70.8508
3.6300, 6.42e-05, 6258.9608, 112.0669, 2.4155, 70.9158
3.6350, 5.46e-05, 6259.4834, 112.0027, 2.4153, 70.9806
3.6400, 5.07e-05, 6260.0059, 111.9384, 2.4152, 71.0451
3.6450, 5.05e-05, 6260.5284, 111.8742, 2.4150, 71.1095
3.6500, 5.2e-05, 6261.0509, 111.8100, 2.4149, 71.1736
3.6550, 5.81e-05, 6261.5733, 111.7458, 2.4148, 71.2375
3.6600, 5.15e-05, 6262.0956, 111.6817, 2.4146, 71.3011
3.6650, 6.51e-05, 6262.6178, 111.6175, 2.4145, 71.3646
3.6700, 6.26e-05, 6263.1400, 111.5533, 2.4143, 71.4278
3.6750, 5.06e-05, 6263.6621, 111.4891, 2.4142, 71.4908
3.6800, 5.05e-05, 6264.1841, 111.4249, 2.4140, 71.5536
3.6850, 5.06e-05, 6264.7061, 111.3607, 2.4139, 71.6161
3.6900, 5.47e-05, 6265.2280, 111.2966, 2.4137, 71.6784
3.6950, 5.04e-05, 6265.7498, 111.2324, 2.4136, 71.7405
3.7000, 5.25e-05, 6266.2715, 111.1682, 2.4134, 71.8023
3.7050, 5.31e-05, 6266.7932, 111.1041, 2.4133, 71.8639
3.7100, 5.09e-05, 6267.3147, 111.0399, 2.4131, 71.9253
3.7150, 5.05e-05, 6267.8362, 110.9757, 2.4130, 71.9864
3.7200, 5.04e-05, 6268.3576, 110.9116, 2.4128, 72.0473
3.7250, 5.2e-05, 6268.8789, 110.8474, 2.4127, 72.1079
3.7300, 4.99e-05, 6269.4001, 110.7833, 2.4125, 72.1682
3.7350, 6.23e-05, 6269.9213, 110.7192, 2.4124, 72.2284
3.7400, 5.08e-05, 6270.4423, 110.6550, 2.4122, 72.2882
3.7450, 5.22e-05, 6270.9633, 110.5909, 2.4120, 72.3479
3.7500, 5.4e-05, 6271.4841, 110.5268, 2.4119, 72.4072
3.7550, 5.09e-05, 6272.0049, 110.4627, 2.4117, 72.4663
3.7600, 5.04e-05, 6272.5256, 110.3986, 2.4116, 72.5251
3.7650, 5.26e-05, 6273.0461, 110.3344, 2.4114, 72.5837
3.7700, 6.23e-05, 6273.5666, 110.2703, 2.4113, 72.6420
3.7750, 5.08e-05, 6274.0870, 110.2063, 2.4111, 72.7001
3.7800, 5.25e-05, 6274.6072, 110.1422, 2.4109, 72.7578
3.7850, 5.13e-05, 6275.1274, 110.0781, 2.4108, 72.8153
3.7900, 5.04e-05, 6275.6474, 110.0140, 2.4106, 72.8726
3.7950, 5.02e-05, 6276.1674, 109.9499, 2.4104, 72.9295
3.8000, 5.23e-05, 6276.6872, 109.8859, 2.4103, 72.9862
3.8050, 6.24e-05, 6277.2069, 109.8218, 2.4101, 73.0426
3.8100, 5.05e-05, 6277.7266, 109.7577, 2.4100, 73.0987
3.8150, 5.05e-05, 6278.2461, 109.6937, 2.4098, 73.1545
3.8200, 5.25e-05, 6278.7654, 109.6296, 2.4096, 73.2100
3.8250, 5.05e-05, 6279.2847, 109.5656, 2.4095, 73.2652
3.8300, 5.01e-05, 6279.8039, 109.5016, 2.4093, 73.3202
3.8350, 5.67e-05, 6280.3229, 109.4375, 2.4091, 73.3748
3.8400, 6.24e-05, 6280.8418, 109.3735, 2.4089, 73.4292
3.8450, 5.09e-05, 6281.3606, 109.3095, 2.4088, 73.4832
3.8500, 5.04e-05, 6281.8792, 109.2455, 2.4086, 73.5370
3.8550, 5.24e-05, 6282.3978, 109.1815, 2.4084, 73.5904
3.8600, 5.04e-05, 6282.9162, 109.1175, 2.4083, 73.6435
3.8650, 5.02e-05, 6283.4345, 109.0535, 2.4081, 73.6963
3.8700, 4.98e-05, 6283.9526, 108.9896, 2.4079, 73.7488
3.8750, 6.38e-05, 6284.4706, 108.9256, 2.4077, 73.8010
3.8800, 5.1e-05, 6284.9885, 108.8616, 2.4076, 73.8529
3.8850, 5.04e-05, 6285.5063, 108.7977, 2.4074, 73.9045
3.8900, 5e-05, 6286.0239, 108.7337, 2.4072, 73.9557
3.8950, 5.24e-05, 6286.5414, 108.6698, 2.4070, 74.0066
3.9000, 5e-05, 6287.0587, 108.6059, 2.4069, 74.0571
3.9050, 4.99e-05, 6287.5759, 108.5420, 2.4067, 74.1074
3.9100, 6.31e-05, 6288.0930, 108.4780, 2.4065, 74.1573
3.9150, 5.53e-05, 6288.6099, 108.4141, 2.4063, 74.2068
3.9200, 5.12e-05, 6289.1267, 108.3502, 2.4061, 74.2561
3.9250, 5.04e-05, 6289.6433, 108.2863, 2.4060, 74.3050
3.9300, 5.22e-05, 6290.1598, 108.2225, 2.4058, 74.3535
3.9350, 5.07e-05, 6290.6761, 108.1586, 2.4056, 74.4017
3.9400, 5.02e-05, 6291.1923, 108.0947, 2.4054, 74.4495
3.9450, 6.08e-05, 6291.7084, 108.0309, 2.4052, 74.4970
3.9500, 5.36e-05, 6292.2242, 107.9670, 2.4050, 74.5441
3.9550, 5.02e-05, 6292.7400, 107.9032, 2.4048, 74.5909
3.9600, 5.02e-05, 6293.2555, 107.8394, 2.4047, 74.6373
3.9650, 5.23e-05, 6293.7710, 107.7755, 2.4045, 74.6834
3.9700, 5.03e-05, 6294.2862, 107.7117, 2.4043, 74.7290
3.9750, 5.01e-05, 6294.8013, 107.6479, 2.4041, 74.7744
3.9800, 6.04e-05, 6295.3163, 107.5841, 2.4039, 74.8193
3.9850, 5.48e-05, 6295.8310, 107.5204, 2.4037, 74.8638
3.9900, 5.02e-05, 6296.3456, 107.4566, 2.4035, 74.9080
3.9950, 4.99e-05, 6296.8601, 107.3928, 2.4033, 74.9518
4.0000, 5.43e-05, 6297.3744, 107.3291, 2.4031, 74.9952
4.0050, 5.31e-05, 6297.8885, 107.2653, 2.4029, 75.0383
4.0100, 5.05e-05, 6298.4024, 107.2016, 2.4028, 75.0809
4.0150, 6.1e-05, 6298.9162, 107.1379, 2.4026, 75.1232
4.0200, 5.41e-05, 6299.4298, 107.0742, 2.4024, 75.1650
4.0250, 5.06e-05, 6299.9432, 107.0105, 2.4022, 75.2065
4.0300, 4.98e-05, 6300.4565, 106.9468, 2.4020, 75.2475
4.0350, 5.03e-05, 6300.9696, 106.8831, 2.4018, 75.2882
4.0400, 5.23e-05, 6301.4825, 106.8194, 2.4016, 75.3284
4.0450, 5.02e-05, 6301.9952, 106.7557, 2.4014, 75.3682
4.0500, 6.09e-05, 6302.5078, 106.6921, 2.4012, 75.4076
4.0550, 5.16e-05, 6303.0201, 106.6285, 2.4010, 75.4466
4.0600, 5.21e-05, 6303.5323, 106.5648, 2.4008, 75.4852
4.0650, 4.97e-05, 6304.0443, 106.5012, 2.4006, 75.5234
4.0700, 5.03e-05, 6304.5561, 106.4376, 2.4004, 75.5611
4.0750, 5.04e-05, 6305.0677, 106.3740, 2.4002, 75.5984
4.0800, 5.23e-05, 6305.5792, 106.3104, 2.4000, 75.6353
4.0850, 6.22e-05, 6306.0904, 106.2468, 2.3997, 75.6718
4.0900, 5.17e-05, 6306.6015, 106.1833, 2.3995, 75.7078
4.0950, 5.25e-05, 6307.1124, 106.1197, 2.3993, 75.7434
4.1000, 5.02e-05, 6307.6230, 106.0562, 2.3991, 75.7785
4.1050, 5.02e-05, 6308.1335, 105.9927, 2.3989, 75.8132
4.1100, 5.03e-05, 6308.6438, 105.9292, 2.3987, 75.8474
4.1150, 5.25e-05, 6309.1539, 105.8657, 2.3985, 75.8812
4.1200, 6.18e-05, 6309.6638, 105.8022, 2.3983, 75.9146
4.1250, 5.22e-05, 6310.1735, 105.7387, 2.3981, 75.9475
4.1300, 5.05e-05, 6310.6830, 105.6752, 2.3979, 75.9799
4.1350, 5.27e-05, 6311.1923, 105.6118, 2.3977, 76.0119
4.1400, 5.02e-05, 6311.7014, 105.5483, 2.3974, 76.0434
4.1450, 5.01e-05, 6312.2102, 105.4849, 2.3972, 76.0744
4.1500, 5.19e-05, 6312.7189, 105.4215, 2.3970, 76.1050
4.1550, 6.1e-05, 6313.2274, 105.3581, 2.3968, 76.1351
4.1600, 5.15e-05, 6313.7357, 105.2947, 2.3966, 76.1648
4.1650, 5.38e-05, 6314.2437, 105.2313, 2.3964, 76.1939
4.1700, 5.28e-05, 6314.7516, 105.1679, 2.3961, 76.2226
4.1750, 5.03e-05, 6315.2592, 105.1046, 2.3959, 76.2508
4.1800, 5.01e-05, 6315.7666, 105.0412, 2.3957, 76.2785
4.1850, 5.01e-05, 6316.2738, 104.9779, 2.3955, 76.3058
4.1900, 6.23e-05, 6316.7808, 104.9146, 2.3953, 76.3325
4.1950, 5.2e-05, 6317.2876, 104.8513, 2.3950, 76.3588
4.2000, 5.04e-05, 6317.7942, 104.7880, 2.3948, 76.3845
4.2050, 5.04e-05, 6318.3005, 104.7247, 2.3946, 76.4098
4.2100, 5.23e-05, 6318.8066, 104.6615, 2.3944, 76.4346
4.2150, 5.03e-05, 6319.3125, 104.5982, 2.3941, 76.4589
4.2200, 5.02e-05, 6319.8182, 104.5350, 2.3939, 76.4826
4.2250, 5.24e-05, 6320.3236, 104.4718, 2.3937, 76.5059
4.2300, 5.25e-05, 6320.8289, 104.4086, 2.3935, 76.5287
4.2350, 5.11e-05, 6321.3339, 104.3454, 2.3932, 76.5509
4.2400, 5.04e-05, 6321.8386, 104.2822, 2.3930, 76.5727
4.2450, 5.26e-05, 6322.3432, 104.2190, 2.3928, 76.5939
4.2500, 6.29e-05, 6322.8475, 104.1559, 2.3925, 76.6147
4.2550, 5.17e-05, 6323.3516, 104.0928, 2.3923, 76.6349
4.2600, 5.06e-05, 6323.8554, 104.0297, 2.3921, 76.6546
4.2650, 5.59e-05, 6324.3591, 103.9665, 2.3919, 76.6737
4.2700, 5.08e-05, 6324.8624, 103.9035, 2.3916, 76.6924
4.2750, 5.05e-05, 6325.3656, 103.8404, 2.3914, 76.7105
4.2800, 6.11e-05, 6325.8685, 103.7773, 2.3911, 76.7281
4.2850, 5.03e-05, 6326.3712, 103.7143, 2.3909, 76.7452
4.2900, 5.93e-05, 6326.8736, 103.6512, 2.3907, 76.7618
4.2950, 0.0001138, 6327.3758, 103.5882, 2.3904, 76.7778
4.3000, 6.88e-05, 6327.8778, 103.5252, 2.3902, 76.7933
4.3050, 5.1e-05, 6328.3795, 103.4622, 2.3900, 76.8082
4.3100, 5.05e-05, 6328.8809, 103.3993, 2.3897, 76.8227
4.3150, 5.04e-05, 6329.3822, 103.3363, 2.3895, 76.8366
4.3200, 5.64e-05, 6329.8831, 103.2734, 2.3892, 76.8499
4.3250, 7.53e-05, 6330.3839, 103.2105, 2.3890, 76.8628
4.3300, 5.23e-05, 6330.8844, 103.1476, 2.3888, 76.8750
4.3350, 5.28e-05, 6331.3846, 103.0847, 2.3885, 76.8868
4.3400, 5.03e-05, 6331.8846, 103.0218, 2.3883, 76.8980
4.3450, 5.07e-05, 6332.3843, 102.9589, 2.3880, 76.9087
4.3500, 5.01e-05, 6332.8838, 102.8961, 2.3878, 76.9188
4.3550, 5.18e-05, 6333.3830, 102.8333, 2.3875, 76.9284
4.3600, 6.13e-05, 6333.8820, 102.7705, 2.3873, 76.9374
4.3650, 5.21e-05, 6334.3807, 102.7077, 2.3870, 76.9459
4.3700, 5.01e-05, 6334.8791, 102.6449, 2.3868, 76.9539
4.3750, 6.15e-05, 6335.3773, 102.5821, 2.3865, 76.9613
4.3800, 5.08e-05, 6335.8753, 102.5194, 2.3863, 76.9682
4.3850, 5.61e-05, 6336.3730, 102.4567, 2.3860, 76.9745
4.3900, 5.14e-05, 6336.8704, 102.3939, 2.3858, 76.9803
4.3950, 7.13e-05, 6337.3675, 102.3312, 2.3855, 76.9855
4.4000, 5.24e-05, 6337.8644, 102.2686, 2.3853, 76.9902
4.4050, 5.13e-05, 6338.3610, 102.2059, 2.3850, 76.9944
4.4100, 5.32e-05, 6338.8574, 102.1433, 2.3848, 76.9980
4.4150, 5.1e-05, 6339.3535, 102.0806, 2.3845, 77.0010
4.4200, 5.15e-05, 6339.8493, 102.0180, 2.3843, 77.0035
4.4250, 5.14e-05, 6340.3449, 101.9554, 2.3840, 77.0055
4.4300, 5.57e-05, 6340.8402, 101.8929, 2.3838, 77.0069
4.4350, 5.12e-05, 6341.3352, 101.8303, 2.3835, 77.0077
4.4400, 5.08e-05, 6341.8299, 101.7678, 2.3832, 77.0081
4.4450, 5.07e-05, 6342.3244, 101.7052, 2.3830, 77.0078
4.4500, 5.31e-05, 6342.8186, 101.6427, 2.3827, 77.0071
4.4550, 5.07e-05, 6343.3125, 101.5803, 2.3825, 77.0058
4.4600, 5.07e-05, 6343.8061, 101.5178, 2.3822, 77.0039
4.4650, 5.57e-05, 6344.2995, 101.4553, 2.3819, 77.0015
4.4700, 5.09e-05, 6344.7926, 101.3929, 2.3817, 76.9986
4.4750, 5.02e-05, 6345.2854, 101.3305, 2.3814, 76.9951
4.4800, 5.09e-05, 6345.7779, 101.2681, 2.3811, 76.9911
4.4850, 6.49e-05, 6346.2702, 101.2057, 2.3809, 76.9865
4.4900, 5.07e-05, 6346.7621, 101.1434, 2.3806, 76.9814
4.4950, 6.08e-05, 6347.2538, 101.0810, 2.3803, 76.9758
4.5000, 5.22e-05, 6347.7452, 101.0187, 2.3801, 76.9696
4.5050, 6.48e-05, 6348.2363, 100.9564, 2.3798, 76.9629
4.5100, 5.02e-05, 6348.7271, 100.8941, 2.3795, 76.9557
4.5150, 4.99e-05, 6349.2177, 100.8319, 2.3793, 76.9479
4.5200, 5.05e-05, 6349.7079, 100.7696, 2.3790, 76.9396
4.5250, 6.96e-05, 6350.1979, 100.7074, 2.3787, 76.9308
4.5300, 6.23e-05, 6350.6875, 100.6452, 2.3784, 76.9214
4.5350, 5.18e-05, 6351.1769, 100.5830, 2.3782, 76.9116
4.5400, 5.22e-05, 6351.6660, 100.5208, 2.3779, 76.9012
4.5450, 5.02e-05, 6352.1548, 100.4587, 2.3776, 76.8902
4.5500, 5e-05, 6352.6432, 100.3965, 2.3773, 76.8788
4.5550, 5.01e-05, 6353.1314, 100.3344, 2.3771, 76.8668
4.5600, 5.29e-05, 6353.6193, 100.2723, 2.3768, 76.8543
4.5650, 6.33e-05, 6354.1069, 100.2103, 2.3765, 76.8413
4.5700, 5.14e-05, 6354.5942, 100.1482, 2.3762, 76.8278
4.5750, 5.04e-05, 6355.0812, 100.0862, 2.3759, 76.8138
4.5800, 6.51e-05, 6355.5679, 100.0242, 2.3757, 76.7992
4.5850, 4.99e-05, 6356.0543, 99.9622, 2.3754, 76.7842
4.5900, 4.96e-05, 6356.5404, 99.9002, 2.3751, 76.7686
4.5950, 6.86e-05, 6357.0262, 99.8382, 2.3748, 76.7526
4.6000, 5.26e-05, 6357.5117, 99.7763, 2.3745, 76.7360
4.6050, 5.03e-05, 6357.9969, 99.7144, 2.3742, 76.7190
4.6100, 5.02e-05, 6358.4818, 99.6525, 2.3740, 76.7014
4.6150, 5.21e-05, 6358.9663, 99.5906, 2.3737, 76.6834
4.6200, 5.01e-05, 6359.4506, 99.5288, 2.3734, 76.6648
4.6250, 5.05e-05, 6359.9346, 99.4670, 2.3731, 76.6458
4.6300, 5.04e-05, 6360.4182, 99.4051, 2.3728, 76.6263
4.6350, 5.83e-05, 6360.9015, 99.3434, 2.3725, 76.6063
4.6400, 5.14e-05, 6361.3846, 99.2816, 2.3722, 76.5858
4.6450, 5e-05, 6361.8673, 99.2198, 2.3719, 76.5648
4.6500, 5.01e-05, 6362.3496, 99.1581, 2.3716, 76.5434
4.6550, 5.24e-05, 6362.8317, 99.0964, 2.3714, 76.5215
4.6600, 5.1e-05, 6363.3135, 99.0347, 2.3711, 76.4991
4.6650, 5.02e-05, 6363.7949, 98.9731, 2.3708, 76.4763
4.6700, 5.51e-05, 6364.2761, 98.9114, 2.3705, 76.4529
4.6750, 5.22e-05, 6364.7569, 98.8498, 2.3702, 76.4292
4.6800, 5.05e-05, 6365.2374, 98.7882, 2.3699, 76.4049
4.6850, 5.03e-05, 6365.7175, 98.7266, 2.3696, 76.3802
4.6900, 5.25e-05, 6366.1974, 98.6651, 2.3693, 76.3551
4.6950, 5.03e-05, 6366.6769, 98.6035, 2.3690, 76.3294
4.7000, 5.02e-05, 6367.1561, 98.5420, 2.3687, 76.3034
4.7050, 6.3e-05, 6367.6350, 98.4805, 2.3684, 76.2769
4.7100, 5.25e-05, 6368.1135, 98.4191, 2.3681, 76.2499
4.7150, 5.03e-05, 6368.5918, 98.3576, 2.3678, 76.2226
4.7200, 5e-05, 6369.0697, 98.2962, 2.3675, 76.1947
4.7250, 5.39e-05, 6369.5472, 98.2348, 2.3672, 76.1665
4.7300, 5.03e-05, 6370.0245, 98.1734, 2.3669, 76.1378
4.7350, 5.02e-05, 6370.5014, 98.1121, 2.3666, 76.1087
4.7400, 6.3e-05, 6370.9780, 98.0507, 2.3663, 76.0791
4.7450, 5.31e-05, 6371.4543, 97.9894, 2.3659, 76.0491
4.7500, 5.04e-05, 6371.9302, 97.9281, 2.3656, 76.0187
4.7550, 5.02e-05, 6372.4058, 97.8669, 2.3653, 75.9879
4.7600, 5.01e-05, 6372.8810, 97.8056, 2.3650, 75.9567
4.7650, 5.26e-05, 6373.3559, 97.7444, 2.3647, 75.9251
4.7700, 4.99e-05, 6373.8305, 97.6832, 2.3644, 75.8931
4.7750, 6.24e-05, 6374.3048, 97.6220, 2.3641, 75.8606
4.7800, 5.32e-05, 6374.7787, 97.5609, 2.3638, 75.8278
4.7850, 5.02e-05, 6375.2523, 97.4998, 2.3635, 75.7945
4.7900, 5.01e-05, 6375.7255, 97.4387, 2.3631, 75.7609
4.7950, 4.99e-05, 6376.1984, 97.3776, 2.3628, 75.7269
4.8000, 5.21e-05, 6376.6710, 97.3165, 2.3625, 75.6924
4.8050, 5.43e-05, 6377.1432, 97.2555, 2.3622, 75.6576
4.8100, 0.0001572, 6377.6151, 97.1945, 2.3619, 75.6225
4.8150, 0.0001179, 6378.0866, 97.1335, 2.3616, 75.5869
4.8200, 0.0001211, 6378.5578, 97.0725, 2.3612, 75.5510
4.8250, 0.0001066, 6379.0286, 97.0116, 2.3609, 75.5146
4.8300, 0.0001032, 6379.4991, 96.9507, 2.3606, 75.4779
4.8350, 0.0001034, 6379.9693, 96.8898, 2.3603, 75.4409
4.8400, 0.0001087, 6380.4391, 96.8289, 2.3599, 75.4035
4.8450, 0.0001084, 6380.9086, 96.7681, 2.3596, 75.3657
4.8500, 0.0001022, 6381.3777, 96.7073, 2.3593, 75.3276
4.8550, 0.000108, 6381.8464, 96.6465, 2.3590, 75.2891
4.8600, 0.0001097, 6382.3149, 96.5857, 2.3586, 75.2502
4.8650, 0.0001042, 6382.7829, 96.5250, 2.3583, 75.2110
4.8700, 0.0001012, 6383.2506, 96.4642, 2.3580, 75.1715
4.8750, 9.74e-05, 6383.7180, 96.4035, 2.3577, 75.1316
4.8800, 0.0001048, 6384.1850, 96.3429, 2.3573, 75.0914
4.8850, 0.0001134, 6384.6516, 96.2822, 2.3570, 75.0508
4.8900, 0.0001043, 6385.1179, 96.2216, 2.3567, 75.0099
4.8950, 0.0001071, 6385.5839, 96.1610, 2.3563, 74.9687
4.9000, 0.000104, 6386.0494, 96.1004, 2.3560, 74.9271
4.9050, 0.0001049, 6386.5147, 96.0399, 2.3557, 74.8853
4.9100, 0.0001062, 6386.9795, 95.9794, 2.3553, 74.8431
4.9150, 0.0001027, 6387.4441, 95.9189, 2.3550, 74.8005
4.9200, 0.0001096, 6387.9082, 95.8584, 2.3547, 74.7577
4.9250, 0.0001076, 6388.3720, 95.7979, 2.3543, 74.7145
4.9300, 0.0001214, 6388.8354, 95.7375, 2.3540, 74.6711
4.9350, 0.0001014, 6389.2985, 95.6771, 2.3536, 74.6273
4.9400, 0.0001004, 6389.7612, 95.6168, 2.3533, 74.5832
4.9450, 0.0001189, 6390.2235, 95.5564, 2.3530, 74.5388
4.9500, 0.0001063, 6390.6855, 95.4961, 2.3526, 74.4942
4.9550, 0.0001007, 6391.1471, 95.4358, 2.3523, 74.4492
4.9600, 9.65e-05, 6391.6084, 95.3755, 2.3519, 74.4039
4.9650, 0.0001182, 6392.0692, 95.3153, 2.3516, 74.3584
4.9700, 0.0001032, 6392.5298, 95.2551, 2.3512, 74.3125
4.9750, 9.94e-05, 6392.9899, 95.1949, 2.3509, 74.2664
4.9800, 9.97e-05, 6393.4497, 95.1347, 2.3506, 74.2200
4.9850, 0.0001172, 6393.9091, 95.0746, 2.3502, 74.1733
4.9900, 9.69e-05, 6394.3681, 95.0145, 2.3499, 74.1263
4.9950, 9.77e-05, 6394.8268, 94.9544, 2.3495, 74.0790
5.0000, 0.0001168, 6395.2851, 94.8943, 2.3492, 74.0315
5.0050, 0.0001048, 6395.7430, 94.8343, 2.3488, 73.9837
5.0100, 0.0001063, 6396.2005, 94.7743, 2.3484, 73.9357
5.0150, 9.48e-05, 6396.6577, 94.7143, 2.3481, 73.8873
5.0200, 0.0001017, 6397.1145, 94.6544, 2.3477, 73.8388
5.0250, 0.0001045, 6397.5710, 94.5945, 2.3474, 73.7899
5.0300, 9.95e-05, 6398.0270, 94.5346, 2.3470, 73.7408
5.0350, 0.0001173, 6398.4827, 94.4747, 2.3467, 73.6915
5.0400, 0.0001095, 6398.9380, 94.4149, 2.3463, 73.6419
5.0450, 9.87e-05, 6399.3929, 94.3550, 2.3460, 73.5920
5.0500, 0.0001041, 6399.8474, 94.2952, 2.3456, 73.5419
5.0550, 0.000115, 6400.3016, 94.2355, 2.3452, 73.4915
5.0600, 0.0001047, 6400.7554, 94.1758, 2.3449, 73.4410
5.0650, 0.0001018, 6401.2088, 94.1161, 2.3445, 73.3901
5.0700, 0.0001226, 6401.6618, 94.0564, 2.3441, 73.3391
5.0750, 0.000101, 6402.1144, 93.9967, 2.3438, 73.2877
5.0800, 9.99e-05, 6402.5667, 93.9371, 2.3434, 73.2362
5.0850, 0.0001004, 6403.0186, 93.8775, 2.3431, 73.1844
5.0900, 0.0001242, 6403.4701, 93.8179, 2.3427, 73.1324
5.0950, 0.0001029, 6403.9212, 93.7584, 2.3423, 73.0802
5.1000, 0.0001029, 6404.3719, 93.6989, 2.3420, 73.0278
5.1050, 0.0001217, 6404.8222, 93.6394, 2.3416, 72.9751
5.1100, 9.99e-05, 6405.2722, 93.5800, 2.3412, 72.9222
5.1150, 0.0001032, 6405.7217, 93.5205, 2.3408, 72.8691
5.1200, 0.0001025, 6406.1709, 93.4611, 2.3405, 72.8158
5.1250, 0.0001184, 6406.6197, 93.4018, 2.3401, 72.7623
5.1300, 0.0001433, 6407.0681, 93.3424, 2.3397, 72.7085
5.1350, 0.0001116, 6407.5161, 93.2831, 2.3393, 72.6546
5.1400, 0.0001112, 6407.9637, 93.2238, 2.3390, 72.6004
5.1450, 5.92e-05, 6408.4109, 93.1646, 2.3386, 72.5461
5.1500, 5.25e-05, 6408.8577, 93.1053, 2.3382, 72.4915
5.1550, 5.42e-05, 6409.3042, 93.0462, 2.3378, 72.4368
5.1600, 5.36e-05, 6409.7502, 92.9870, 2.3375, 72.3818
5.1650, 5.13e-05, 6410.1959, 92.9278, 2.3371, 72.3266
5.1700, 5.27e-05, 6410.6411, 92.8687, 2.3367, 72.2713
5.1750, 5.06e-05, 6411.0860, 92.8097, 2.3363, 72.2157
5.1800, 5e-05, 6411.5304, 92.7506, 2.3359, 72.1600
5.1850, 5.03e-05, 6411.9745, 92.6916, 2.3355, 72.1041
5.1900, 6.31e-05, 6412.4182, 92.6326, 2.3352, 72.0480
5.1950, 5.38e-05, 6412.8615, 92.5736, 2.3348, 71.9917
5.2000, 5.08e-05, 6413.3043, 92.5147, 2.3344, 71.9352
5.2050, 5.02e-05, 6413.7468, 92.4558, 2.3340, 71.8785
5.2100, 5.41e-05, 6414.1889, 92.3969, 2.3336, 71.8217
5.2150, 5.28e-05, 6414.6306, 92.3381, 2.3332, 71.7647
5.2200, 5.16e-05, 6415.0718, 92.2792, 2.3328, 71.7075
5.2250, 7.72e-05, 6415.5127, 92.2205, 2.3324, 71.6501
5.2300, 5.12e-05, 6415.9532, 92.1617, 2.3320, 71.5926
5.2350, 4.88e-05, 6416.3933, 92.1030, 2.3316, 71.5349
5.2400, 4.84e-05, 6416.8329, 92.0443, 2.3312, 71.4770
5.2450, 5.27e-05, 6417.2722, 91.9856, 2.3308, 71.4190
5.2500, 0.0001013, 6417.7111, 91.9270, 2.3305, 71.3608
5.2550, 7.18e-05, 6418.1495, 91.8684, 2.3301, 71.3024
5.2600, 5.22e-05, 6418.5876, 91.8098, 2.3297, 71.2438
5.2650, 9.25e-05, 6419.0252, 91.7513, 2.3293, 71.1851
5.2700, 8.66e-05, 6419.4624, 91.6928, 2.3289, 71.1263
5.2750, 7.77e-05, 6419.8993, 91.6343, 2.3285, 71.0673
5.2800, 9.15e-05, 6420.3357, 91.5758, 2.3280, 71.0081
5.2850, 7.95e-05, 6420.7717, 91.5174, 2.3276, 70.9488
5.2900, 7.53e-05, 6421.2073, 91.4590, 2.3272, 70.8893
5.2950, 0.0001593, 6421.6425, 91.4007, 2.3268, 70.8297
5.3000, 0.0001274, 6422.0773, 91.3423, 2.3264, 70.7699
5.3050, 8.96e-05, 6422.5117, 91.2840, 2.3260, 70.7100
5.3100, 5.88e-05, 6422.9456, 91.2258, 2.3256, 70.6499
5.3150, 5.87e-05, 6423.3792, 91.1675, 2.3252, 70.5897
5.3200, 5.27e-05, 6423.8123, 91.1093, 2.3248, 70.5293
5.3250, 4.99e-05, 6424.2451, 91.0512, 2.3244, 70.4688
5.3300, 4.89e-05, 6424.6774, 90.9930, 2.3240, 70.4082
5.3350, 4.91e-05, 6425.1093, 90.9349, 2.3236, 70.3474
5.3400, 5.12e-05, 6425.5408, 90.8768, 2.3231, 70.2865
5.3450, 4.9e-05, 6425.9718, 90.8188, 2.3227, 70.2254
5.3500, 4.88e-05, 6426.4025, 90.7608, 2.3223, 70.1642
5.3550, 5.11e-05, 6426.8327, 90.7028, 2.3219, 70.1029
5.3600, 4.92e-05, 6427.2625, 90.6448, 2.3215, 70.0414
5.3650, 4.96e-05, 6427.6919, 90.5869, 2.3211, 69.9798
5.3700, 4.86e-05, 6428.1209, 90.5290, 2.3206, 69.9181
5.3750, 5.8e-05, 6428.5495, 90.4712, 2.3202, 69.8563
5.3800, 4.93e-05, 6428.9776, 90.4134, 2.3198, 69.7943
5.3850, 4.89e-05, 6429.4054, 90.3556, 2.3194, 69.7322
5.3900, 4.85e-05, 6429.8327, 90.2978, 2.3189, 69.6699
5.3950, 5.05e-05, 6430.2596, 90.2401, 2.3185, 69.6076
5.4000, 4.95e-05, 6430.6861, 90.1824, 2.3181, 69.5451
5.4050, 4.86e-05, 6431.1121, 90.1247, 2.3177, 69.4825
5.4100, 4.91e-05, 6431.5377, 90.0671, 2.3172, 69.4198
5.4150, 6.52e-05, 6431.9629, 90.0095, 2.3168, 69.3569
5.4200, 4.93e-05, 6432.3877, 89.9520, 2.3164, 69.2940
5.4250, 4.9e-05, 6432.8121, 89.8944, 2.3159, 69.2309
5.4300, 5.06e-05, 6433.2360, 89.8369, 2.3155, 69.1677
5.4350, 4.86e-05, 6433.6595, 89.7795, 2.3151, 69.1044
5.4400, 4.86e-05, 6434.0826, 89.7220, 2.3146, 69.0410
5.4450, 4.85e-05, 6434.5053, 89.6646, 2.3142, 68.9775
5.4500, 6.47e-05, 6434.9275, 89.6073, 2.3138, 68.9138
5.4550, 4.94e-05, 6435.3493, 89.5499, 2.3133, 68.8501
5.4600, 4.86e-05, 6435.7707, 89.4926, 2.3129, 68.7862
5.4650, 4.82e-05, 6436.1916, 89.4354, 2.3124, 68.7222
5.4700, 5.03e-05, 6436.6121, 89.3782, 2.3120, 68.6581
5.4750, 4.78e-05, 6437.0322, 89.3210, 2.3116, 68.5939
5.4800, 4.97e-05, 6437.4519, 89.2638, 2.3111, 68.5297
5.4850, 6.48e-05, 6437.8711, 89.2067, 2.3107, 68.4653
5.4900, 4.96e-05, 6438.2900, 89.1496, 2.3102, 68.4008
5.4950, 4.82e-05, 6438.7083, 89.0925, 2.3098, 68.3362
5.5000, 4.82e-05, 6439.1263, 89.0355, 2.3093, 68.2714
5.5050, 5.03e-05, 6439.5438, 88.9785, 2.3089, 68.2066
5.5100, 4.82e-05, 6439.9609, 88.9215, 2.3084, 68.1417
5.5150, 4.79e-05, 6440.3775, 88.8646, 2.3080, 68.0767
5.5200, 5.85e-05, 6440.7937, 88.8077, 2.3075, 68.0116
5.5250, 5.18e-05, 6441.2095, 88.7509, 2.3071, 67.9464
5.5300, 4.82e-05, 6441.6249, 88.6940, 2.3066, 67.8811
5.5350, 4.8e-05, 6442.0398, 88.6372, 2.3062, 67.8158
5.5400, 4.81e-05, 6442.4543, 88.5805, 2.3057, 67.7503
5.5450, 5.7e-05, 6442.8683, 88.5238, 2.3053, 67.6847
5.5500, 4.82e-05, 6443.2819, 88.4671, 2.3048, 67.6190
5.5550, 5.97e-05, 6443.6951, 88.4104, 2.3044, 67.5533
5.5600, 5.17e-05, 6444.1079, 88.3538, 2.3039, 67.4874
5.5650, 4.91e-05, 6444.5202, 88.2972, 2.3034, 67.4215
5.5700, 5.2e-05, 6444.9320, 88.2407, 2.3030, 67.3554
5.5750, 4.85e-05, 6445.3434, 88.1842, 2.3025, 67.2893
5.5800, 5.03e-05, 6445.7544, 88.1277, 2.3020, 67.2231
5.5850, 4.81e-05, 6446.1650, 88.0713, 2.3016, 67.1568
5.5900, 5.91e-05, 6446.5751, 88.0149, 2.3011, 67.0904
5.5950, 4.97e-05, 6446.9848, 87.9585, 2.3006, 67.0240
5.6000, 5.04e-05, 6447.3940, 87.9022, 2.3002, 66.9574
5.6050, 4.82e-05, 6447.8028, 87.8459, 2.2997, 66.8908
5.6100, 4.81e-05, 6448.2112, 87.7896, 2.2992, 66.8241
5.6150, 5.03e-05, 6448.6191, 87.7334, 2.2988, 66.7573
5.6200, 4.86e-05, 6449.0265, 87.6772, 2.2983, 66.6904
5.6250, 5.84e-05, 6449.4336, 87.6210, 2.2978, 66.6234
5.6300, 4.96e-05, 6449.8401, 87.5649, 2.2973, 66.5564
5.6350, 5.05e-05, 6450.2463, 87.5088, 2.2969, 66.4893
5.6400, 4.84e-05, 6450.6520, 87.4528, 2.2964, 66.4221
5.6450, 4.81e-05, 6451.0572, 87.3968, 2.2959, 66.3548
5.6500, 4.8e-05, 6451.4621, 87.3408, 2.2954, 66.2875
5.6550, 5.37e-05, 6451.8664, 87.2848, 2.2950, 66.2200
5.6600, 0.0001638, 6452.2703, 87.2289, 2.2945, 66.1525
5.6650, 0.0001663, 6452.6738, 87.1731, 2.2940, 66.0849
5.6700, 0.0001431, 6453.0768, 87.1172, 2.2935, 66.0173
5.6750, 9.18e-05, 6453.4794, 87.0614, 2.2930, 65.9496
5.6800, 9.56e-05, 6453.8816, 87.0057, 2.2925, 65.8818
5.6850, 9.66e-05, 6454.2833, 86.9500, 2.2921, 65.8139
5.6900, 0.0001193, 6454.6845, 86.8943, 2.2916, 65.7459
5.6950, 9.93e-05, 6455.0853, 86.8386, 2.2911, 65.6779
5.7000, 9.81e-05, 6455.4856, 86.7830, 2.2906, 65.6098
5.7050, 0.0001083, 6455.8855, 86.7274, 2.2901, 65.5417
5.7100, 9.82e-05, 6456.2850, 86.6719, 2.2896, 65.4734
5.7150, 0.0001049, 6456.6840, 86.6164, 2.2891, 65.4051
5.7200, 9.13e-05, 6457.0825, 86.5609, 2.2886, 65.3368
5.7250, 0.0001089, 6457.4806, 86.5055, 2.2881, 65.2683
5.7300, 0.0001022, 6457.8783, 86.4501, 2.2876, 65.1998
5.7350, 0.000112, 6458.2755, 86.3948, 2.2871, 65.1313
5.7400, 9.38e-05, 6458.6722, 86.3394, 2.2866, 65.0626
5.7450, 0.000104, 6459.0685, 86.2842, 2.2861, 64.9939
5.7500, 0.0001016, 6459.4644, 86.2289, 2.2856, 64.9252
5.7550, 9.63e-05, 6459.8598, 86.1737, 2.2851, 64.8563
5.7600, 0.0001128, 6460.2547, 86.1186, 2.2846, 64.7874
5.7650, 0.000106, 6460.6492, 86.0634, 2.2841, 64.7185
5.7700, 0.000103, 6461.0433, 86.0083, 2.2836, 64.6495
5.7750, 0.0001203, 6461.4368, 85.9533, 2.2831, 64.5804
5.7800, 9.35e-05, 6461.8300, 85.8983, 2.2826, 64.5112
5.7850, 0.0001011, 6462.2226, 85.8433, 2.2821, 64.4420
5.7900, 9.79e-05, 6462.6148, 85.7884, 2.2816, 64.3728
5.7950, 0.0001096, 6463.0066, 85.7335, 2.2811, 64.3034
5.8000, 0.0001052, 6463.3979, 85.6786, 2.2806, 64.2340
5.8050, 9.98e-05, 6463.7888, 85.6238, 2.2801, 64.1646
5.8100, 9.68e-05, 6464.1792, 85.5690, 2.2795, 64.0951
5.8150, 0.0001115, 6464.5691, 85.5142, 2.2790, 64.0255
5.8200, 0.0001083, 6464.9586, 85.4595, 2.2785, 63.9559
5.8250, 9.84e-05, 6465.3476, 85.4049, 2.2780, 63.8862
5.8300, 0.0001084, 6465.7362, 85.3502, 2.2775, 63.8165
5.8350, 0.0001027, 6466.1243, 85.2956, 2.2770, 63.7467
5.8400, 9.97e-05, 6466.5119, 85.2411, 2.2764, 63.6768
5.8450, 9.45e-05, 6466.8991, 85.1866, 2.2759, 63.6069
5.8500, 0.0001339, 6467.2859, 85.1321, 2.2754, 63.5370
5.8550, 8.36e-05, 6467.6721, 85.0777, 2.2749, 63.4669
5.8600, 5.74e-05, 6468.0580, 85.0233, 2.2744, 63.3969
5.8650, 5.09e-05, 6468.4433, 84.9689, 2.2738, 63.3267
5.8700, 4.95e-05, 6468.8282, 84.9146, 2.2733, 63.2565
5.8750, 5.37e-05, 6469.2126, 84.8603, 2.2728, 63.1863
5.8800, 4.92e-05, 6469.5966, 84.8060, 2.2722, 63.1160
5.8850, 4.93e-05, 6469.9801, 84.7518, 2.2717, 63.0457
5.8900, 4.87e-05, 6470.3632, 84.6977, 2.2712, 62.9753
5.8950, 5e-05, 6470.7458, 84.6436, 2.2707, 62.9048
5.9000, 4.96e-05, 6471.1279, 84.5895, 2.2701, 62.8343
5.9050, 4.81e-05, 6471.5095, 84.5354, 2.2696, 62.7638
5.9100, 5.03e-05, 6471.8907, 84.4814, 2.2691, 62.6932
5.9150, 5.07e-05, 6472.2715, 84.4275, 2.2685, 62.6225
5.9200, 4.82e-05, 6472.6518, 84.3735, 2.2680, 62.5518
5.9250, 4.76e-05, 6473.0316, 84.3196, 2.2674, 62.4811
5.9300, 4.97e-05, 6473.4109, 84.2658, 2.2669, 62.4103
5.9350, 4.8e-05, 6473.7898, 84.2120, 2.2664, 62.3394
5.9400, 4.81e-05, 6474.1682, 84.1582, 2.2658, 62.2686
5.9450, 6.01e-05, 6474.5462, 84.1045, 2.2653, 62.1976
5.9500, 5.14e-05, 6474.9237, 84.0508, 2.2647, 62.1266
5.9550, 4.83e-05, 6475.3007, 83.9972, 2.2642, 62.0556
5.9600, 4.81e-05, 6475.6772, 83.9436, 2.2636, 61.9845
5.9650, 4.79e-05, 6476.0533, 83.8900, 2.2631, 61.9134
5.9700, 5e-05, 6476.4290, 83.8365, 2.2625, 61.8422
5.9750, 4.82e-05, 6476.8041, 83.7830, 2.2620, 61.7709
5.9800, 5.94e-05, 6477.1788, 83.7296, 2.2614, 61.6997
5.9850, 5.06e-05, 6477.5530, 83.6762, 2.2609, 61.6284
5.9900, 4.8e-05, 6477.9268, 83.6228, 2.2603, 61.5570
5.9950, 4.8e-05, 6478.3001, 83.5695, 2.2598, 61.4856
6.0000, 4.8e-05, 6478.6729, 83.5162, 2.2592, 61.4141
6.0050, 5e-05, 6479.0453, 83.4630, 2.2587, 61.3426
6.0100, 4.8e-05, 6479.4171, 83.4098, 2.2581, 61.2711
6.0150, 5.85e-05, 6479.7886, 83.3566, 2.2576, 61.1995
6.0200, 4.9e-05, 6480.1595, 83.3035, 2.2570, 61.1279
6.0250, 5e-05, 6480.5300, 83.2504, 2.2564, 61.0562
6.0300, 4.77e-05, 6480.9000, 83.1974, 2.2559, 60.9845
6.0350, 5.18e-05, 6481.2695, 83.1444, 2.2553, 60.9127
6.0400, 4.81e-05, 6481.6386, 83.0914, 2.2547, 60.8409
6.0450, 5e-05, 6482.0072, 83.0385, 2.2542, 60.7691
6.0500, 5.88e-05, 6482.3753, 82.9857, 2.2536, 60.6972
6.0550, 4.96e-05, 6482.7430, 82.9328, 2.2530, 60.6253
6.0600, 5.94e-05, 6483.1102, 82.8801, 2.2525, 60.5533
6.0650, 4.81e-05, 6483.4769, 82.8273, 2.2519, 60.4813
6.0700, 4.82e-05, 6483.8431, 82.7746, 2.2513, 60.4092
6.0750, 4.82e-05, 6484.2089, 82.7220, 2.2508, 60.3371
6.0800, 5e-05, 6484.5742, 82.6693, 2.2502, 60.2650
6.0850, 6.06e-05, 6484.9390, 82.6168, 2.2496, 60.1928
6.0900, 4.96e-05, 6485.3033, 82.5642, 2.2490, 60.1206
6.0950, 4.86e-05, 6485.6672, 82.5118, 2.2485, 60.0484
6.1000, 5.04e-05, 6486.0306, 82.4593, 2.2479, 59.9761
6.1050, 4.82e-05, 6486.3936, 82.4069, 2.2473, 59.9038
6.1100, 4.83e-05, 6486.7560, 82.3545, 2.2467, 59.8314
6.1150, 5.04e-05, 6487.1180, 82.3022, 2.2462, 59.7590
6.1200, 6.11e-05, 6487.4795, 82.2499, 2.2456, 59.6865
6.1250, 4.99e-05, 6487.8405, 82.1977, 2.2450, 59.6141
6.1300, 4.89e-05, 6488.2011, 82.1455, 2.2444, 59.5415
6.1350, 5.04e-05, 6488.5612, 82.0934, 2.2438, 59.4690
6.1400, 4.82e-05, 6488.9208, 82.0413, 2.2432, 59.3964
6.1450, 4.83e-05, 6489.2799, 81.9892, 2.2426, 59.3237
6.1500, 4.8e-05, 6489.6386, 81.9372, 2.2421, 59.2511
6.1550, 6.01e-05, 6489.9968, 81.8852, 2.2415, 59.1784
6.1600, 4.93e-05, 6490.3545, 81.8333, 2.2409, 59.1056
6.1650, 4.84e-05, 6490.7117, 81.7814, 2.2403, 59.0328
6.1700, 4.79e-05, 6491.0685, 81.7295, 2.2397, 58.9600
6.1750, 4.97e-05, 6491.4248, 81.6777, 2.2391, 58.8872
6.1800, 4.79e-05, 6491.7806, 81.6260, 2.2385, 58.8143
6.1850, 4.82e-05, 6492.1359, 81.5742, 2.2379, 58.7413
6.1900, 5.98e-05, 6492.4907, 81.5226, 2.2373, 58.6684
6.1950, 5.01e-05, 6492.8451, 81.4709, 2.2367, 58.5954
6.2000, 4.84e-05, 6493.1990, 81.4194, 2.2361, 58.5224
6.2050, 5.15e-05, 6493.5524, 81.3678, 2.2355, 58.4493
6.2100, 5.08e-05, 6493.9053, 81.3163, 2.2349, 58.3762
6.2150, 4.84e-05, 6494.2578, 81.2649, 2.2343, 58.3031
6.2200, 4.8e-05, 6494.6098, 81.2134, 2.2337, 58.2299
6.2250, 4.83e-05, 6494.9613, 81.1621, 2.2331, 58.1567
6.2300, 6.17e-05, 6495.3123, 81.1107, 2.2325, 58.0834
6.2350, 4.86e-05, 6495.6628, 81.0595, 2.2319, 58.0102
6.2400, 4.81e-05, 6496.0129, 81.0082, 2.2313, 57.9369
6.2450, 5e-05, 6496.3625, 80.9570, 2.2307, 57.8635
6.2500, 4.76e-05, 6496.7116, 80.9059, 2.2301, 57.7902
6.2550, 4.81e-05, 6497.0602, 80.8548, 2.2294, 57.7167
6.2600, 4.79e-05, 6497.4083, 80.8037, 2.2288, 57.6433
6.2650, 6.3e-05, 6497.7560, 80.7527, 2.2282, 57.5698
6.2700, 4.85e-05, 6498.1032, 80.7017, 2.2276, 57.4963
6.2750, 4.82e-05, 6498.4499, 80.6508, 2.2270, 57.4228
6.2800, 4.81e-05, 6498.7961, 80.5999, 2.2264, 57.3492
6.2850, 5.02e-05, 6499.1418, 80.5491, 2.2257, 57.2756
6.2900, 4.81e-05, 6499.4871, 80.4983, 2.2251, 57.2020
6.2950, 5.2e-05, 6499.8319, 80.4476, 2.2245, 57.1283
6.3000, 5.93e-05, 6500.1762, 80.3969, 2.2239, 57.0546
6.3050, 5.1e-05, 6500.5200, 80.3462, 2.2233, 56.9809
6.3100, 4.85e-05, 6500.8633, 80.2956, 2.2226, 56.9071
6.3150, 4.82e-05, 6501.2061, 80.2450, 2.2220, 56.8333
6.3200, 6.02e-05, 6501.5485, 80.1945, 2.2214, 56.7595
6.3250, 4.93e-05, 6501.8904, 80.1440, 2.2208, 56.6857
6.3300, 4.78e-05, 6502.2318, 80.0936, 2.2201, 56.6118
6.3350, 5.93e-05, 6502.5727, 80.0432, 2.2195, 56.5379
6.3400, 5.09e-05, 6502.9131, 79.9929, 2.2189, 56.4639
6.3450, 4.82e-05, 6503.2531, 79.9426, 2.2182, 56.3899
6.3500, 4.79e-05, 6503.5925, 79.8923, 2.2176, 56.3159
6.3550, 4.77e-05, 6503.9315, 79.8421, 2.2170, 56.2419
6.3600, 4.99e-05, 6504.2700, 79.7920, 2.2163, 56.1678
6.3650, 4.78e-05, 6504.6080, 79.7419, 2.2157, 56.0937
6.3700, 5.84e-05, 6504.9456, 79.6918, 2.2151, 56.0196
6.3750, 6.04e-05, 6505.2826, 79.6418, 2.2144, 55.9454
6.3800, 5.18e-05, 6505.6192, 79.5918, 2.2138, 55.8712
6.3850, 4.83e-05, 6505.9552, 79.5419, 2.2132, 55.7970
6.3900, 4.79e-05, 6506.2908, 79.4920, 2.2125, 55.7228
6.3950, 5.02e-05, 6506.6259, 79.4422, 2.2119, 55.6485
6.4000, 4.83e-05, 6506.9606, 79.3924, 2.2112, 55.5742
6.4050, 6.97e-05, 6507.2947, 79.3426, 2.2106, 55.4999
6.4100, 0.0001127, 6507.6283, 79.2929, 2.2099, 55.4255
6.4150, 9.52e-05, 6507.9615, 79.2433, 2.2093, 55.3511
6.4200, 9.19e-05, 6508.2942, 79.1937, 2.2086, 55.2767
6.4250, 0.0001096, 6508.6264, 79.1441, 2.2080, 55.2022
6.4300, 9.63e-05, 6508.9581, 79.0946, 2.2073, 55.1278
6.4350, 9.53e-05, 6509.2893, 79.0452, 2.2067, 55.0533
6.4400, 0.0001016, 6509.6200, 78.9958, 2.2060, 54.9787
6.4450, 8.74e-05, 6509.9503, 78.9464, 2.2054, 54.9042
6.4500, 0.0001146, 6510.2801, 78.8971, 2.2047, 54.8296
6.4550, 0.0001248, 6510.6093, 78.8478, 2.2041, 54.7549
6.4600, 0.0001228, 6510.9381, 78.7986, 2.2034, 54.6803
6.4650, 0.0001077, 6511.2664, 78.7494, 2.2028, 54.6056
6.4700, 6.19e-05, 6511.5942, 78.7002, 2.2021, 54.5309
6.4750, 5.44e-05, 6511.9216, 78.6512, 2.2014, 54.4562
6.4800, 0.0001015, 6512.2484, 78.6021, 2.2008, 54.3814
6.4850, 5.62e-05, 6512.5747, 78.5531, 2.2001, 54.3066
6.4900, 5.69e-05, 6512.9006, 78.5042, 2.1995, 54.2318
6.4950, 4.96e-05, 6513.2260, 78.4553, 2.1988, 54.1570
6.5000, 4.89e-05, 6513.5509, 78.4064, 2.1981, 54.0821
6.5050, 5.11e-05, 6513.8753, 78.3576, 2.1975, 54.0072
6.5100, 4.96e-05, 6514.1992, 78.3089, 2.1968, 53.9323
6.5150, 5.14e-05, 6514.5226, 78.2602, 2.1961, 53.8574
6.5200, 4.87e-05, 6514.8455, 78.2115, 2.1955, 53.7824
6.5250, 5.06e-05, 6515.1680, 78.1629, 2.1948, 53.7074
6.5300, 4.87e-05, 6515.4899, 78.1143, 2.1941, 53.6324
6.5350, 6.7e-05, 6515.8114, 78.0658, 2.1935, 53.5573
6.5400, 5.7e-05, 6516.1324, 78.0174, 2.1928, 53.4822
6.5450, 7.35e-05, 6516.4529, 77.9689, 2.1921, 53.4071
6.5500, 5.24e-05, 6516.7729, 77.9206, 2.1914, 53.3320
6.5550, 6.59e-05, 6517.0924, 77.8722, 2.1908, 53.2568
6.5600, 6.21e-05, 6517.4114, 77.8240, 2.1901, 53.1816
6.5650, 5.05e-05, 6517.7299, 77.7758, 2.1894, 53.1064
6.5700, 4.91e-05, 6518.0480, 77.7276, 2.1887, 53.0312
6.5750, 6.02e-05, 6518.3655, 77.6794, 2.1880, 52.9559
6.5800, 5.27e-05, 6518.6826, 77.6314, 2.1874, 52.8806
6.5850, 4.86e-05, 6518.9992, 77.5833, 2.1867, 52.8053
6.5900, 4.9e-05, 6519.3152, 77.5354, 2.1860, 52.7299
6.5950, 4.85e-05, 6519.6308, 77.4874, 2.1853, 52.6546
6.6000, 5.08e-05, 6519.9459, 77.4395, 2.1846, 52.5792
6.6050, 5.36e-05, 6520.2606, 77.3917, 2.1839, 52.5038
6.6100, 6.27e-05, 6520.5747, 77.3439, 2.1832, 52.4283
6.6150, 4.97e-05, 6520.8883, 77.2962, 2.1826, 52.3528
6.6200, 7.24e-05, 6521.2014, 77.2485, 2.1819, 52.2773
6.6250, 4.89e-05, 6521.5141, 77.2009, 2.1812, 52.2018
6.6300, 4.84e-05, 6521.8263, 77.1533, 2.1805, 52.1263
6.6350, 7.45e-05, 6522.1379, 77.1057, 2.1798, 52.0507
6.6400, 0.0001639, 6522.4491, 77.0582, 2.1791, 51.9751
6.6450, 5.76e-05, 6522.7598, 77.0108, 2.1784, 51.8995
6.6500, 4.99e-05, 6523.0700, 76.9634, 2.1777, 51.8238
6.6550, 5.74e-05, 6523.3797, 76.9161, 2.1770, 51.7482
6.6600, 4.85e-05, 6523.6889, 76.8688, 2.1763, 51.6725
6.6650, 6.05e-05, 6523.9976, 76.8215, 2.1756, 51.5967
6.6700, 5.06e-05, 6524.3058, 76.7743, 2.1749, 51.5210
6.6750, 8e-05, 6524.6136, 76.7272, 2.1742, 51.4452
6.6800, 9.23e-05, 6524.9208, 76.6801, 2.1735, 51.3694
6.6850, 8.06e-05, 6525.2276, 76.6330, 2.1728, 51.2936
6.6900, 8.64e-05, 6525.5338, 76.5861, 2.1721, 51.2177
6.6950, 6e-05, 6525.8396, 76.5391, 2.1714, 51.1419
6.7000, 5.05e-05, 6526.1449, 76.4922, 2.1707, 51.0660
6.7050, 4.92e-05, 6526.4496, 76.4454, 2.1700, 50.9901
6.7100, 5.12e-05, 6526.7539, 76.3986, 2.1693, 50.9141
6.7150, 4.89e-05, 6527.0577, 76.3518, 2.1686, 50.8381
6.7200, 4.81e-05, 6527.3610, 76.3051, 2.1679, 50.7621
6.7250, 6.06e-05, 6527.6638, 76.2585, 2.1672, 50.6861
6.7300, 5.09e-05, 6527.9662, 76.2119, 2.1664, 50.6101
6.7350, 4.83e-05, 6528.2680, 76.1654, 2.1657, 50.5340
6.7400, 4.9e-05, 6528.5693, 76.1189, 2.1650, 50.4579
6.7450, 4.9e-05, 6528.8702, 76.0724, 2.1643, 50.3818
6.7500, 5.01e-05, 6529.1705, 76.0261, 2.1636, 50.3057
6.7550, 4.84e-05, 6529.4704, 75.9797, 2.1629, 50.2295
6.7600, 6.01e-05, 6529.7697, 75.9334, 2.1622, 50.1533
6.7650, 5.09e-05, 6530.0686, 75.8872, 2.1614, 50.0771
6.7700, 4.86e-05, 6530.3670, 75.8410, 2.1607, 50.0009
6.7750, 4.83e-05, 6530.6649, 75.7949, 2.1600, 49.9246
6.7800, 5.24e-05, 6530.9622, 75.7488, 2.1593, 49.8483
6.7850, 5.15e-05, 6531.2591, 75.7028, 2.1586, 49.7720
6.7900, 4.85e-05, 6531.5555, 75.6568, 2.1578, 49.6957
6.7950, 6.02e-05, 6531.8514, 75.6109, 2.1571, 49.6193
6.8000, 4.96e-05, 6532.1469, 75.5650, 2.1564, 49.5430
6.8050, 5.04e-05, 6532.4418, 75.5192, 2.1557, 49.4666
6.8100, 4.8e-05, 6532.7362, 75.4734, 2.1549, 49.3901
6.8150, 4.8e-05, 6533.0301, 75.4277, 2.1542, 49.3137
6.8200, 5.19e-05, 6533.3236, 75.3820, 2.1535, 49.2372
6.8250, 4.81e-05, 6533.6165, 75.3364, 2.1527, 49.1607
6.8300, 5.92e-05, 6533.9090, 75.2908, 2.1520, 49.0842
6.8350, 4.87e-05, 6534.2009, 75.2453, 2.1513, 49.0077
6.8400, 5.01e-05, 6534.4924, 75.1998, 2.1505, 48.9311
6.8450, 4.83e-05, 6534.7834, 75.1544, 2.1498, 48.8545
6.8500, 4.81e-05, 6535.0738, 75.1091, 2.1491, 48.7779
6.8550, 4.84e-05, 6535.3638, 75.0638, 2.1483, 48.7013
6.8600, 5.06e-05, 6535.6533, 75.0185, 2.1476, 48.6246
6.8650, 5.87e-05, 6535.9423, 74.9733, 2.1469, 48.5479
6.8700, 5.01e-05, 6536.2308, 74.9282, 2.1461, 48.4712
6.8750, 5.09e-05, 6536.5188, 74.8831, 2.1454, 48.3945
6.8800, 4.81e-05, 6536.8063, 74.8380, 2.1447, 48.3177
6.8850, 4.76e-05, 6537.0933, 74.7930, 2.1439, 48.2409
6.8900, 4.77e-05, 6537.3798, 74.7481, 2.1432, 48.1641
6.8950, 4.99e-05, 6537.6659, 74.7032, 2.1424, 48.0873
6.9000, 5.82e-05, 6537.9514, 74.6584, 2.1417, 48.0105
6.9050, 4.93e-05, 6538.2364, 74.6136, 2.1409, 47.9336
6.9100, 4.83e-05, 6538.5210, 74.5689, 2.1402, 47.8567
6.9150, 5e-05, 6538.8050, 74.5242, 2.1394, 47.7798
6.9200, 4.87e-05, 6539.0886, 74.4796, 2.1387, 47.7029
6.9250, 4.83e-05, 6539.3716, 74.4350, 2.1380, 47.6259
6.9300, 4.8e-05, 6539.6542, 74.3905, 2.1372, 47.5489
6.9350, 6.05e-05, 6539.9362, 74.3460, 2.1365, 47.4719
6.9400, 4.92e-05, 6540.2178, 74.3016, 2.1357, 47.3949
6.9450, 4.84e-05, 6540.4989, 74.2573, 2.1350, 47.3178
6.9500, 4.99e-05, 6540.7795, 74.2130, 2.1342, 47.2407
6.9550, 5.31e-05, 6541.0595, 74.1687, 2.1335, 47.1637
6.9600, 4.87e-05, 6541.3391, 74.1245, 2.1327, 47.0865
6.9650, 4.79e-05, 6541.6182, 74.0804, 2.1319, 47.0094
6.9700, 6.02e-05, 6541.8968, 74.0363, 2.1312, 46.9322
6.9750, 5.04e-05, 6542.1749, 73.9922, 2.1304, 46.8550
6.9800, 4.84e-05, 6542.4525, 73.9483, 2.1297, 46.7778
6.9850, 4.87e-05, 6542.7297, 73.9043, 2.1289, 46.7006
6.9900, 5.02e-05, 6543.0063, 73.8605, 2.1282, 46.6233
6.9950, 4.82e-05, 6543.2824, 73.8166, 2.1274, 46.5460
7.0000, 4.78e-05, 6543.5580, 73.7729, 2.1266, 46.4687
7.0050, 4.98e-05, 6543.8332, 73.7292, 2.1259, 46.3914
7.0100, 4.99e-05, 6544.1078, 73.6855, 2.1251, 46.3141
7.0150, 4.84e-05, 6544.3819, 73.6419, 2.1244, 46.2367
7.0200, 4.84e-05, 6544.6556, 73.5984, 2.1236, 46.1593
7.0250, 5.06e-05, 6544.9287, 73.5549, 2.1228, 46.0819
7.0300, 4.8e-05, 6545.2014, 73.5114, 2.1221, 46.0044
7.0350, 4.81e-05, 6545.4735, 73.4680, 2.1213, 45.9270
7.0400, 5.12e-05, 6545.7452, 73.4247, 2.1205, 45.8495
7.0450, 6.2e-05, 6546.0164, 73.3814, 2.1198, 45.7720
7.0500, 4.89e-05, 6546.2871, 73.3382, 2.1190, 45.6944
7.0550, 4.83e-05, 6546.5572, 73.2950, 2.1182, 45.6169
7.0600, 4.85e-05, 6546.8269, 73.2519, 2.1174, 45.5393
7.0650, 5.04e-05, 6547.0961, 73.2089, 2.1167, 45.4617
7.0700, 4.83e-05, 6547.3648, 73.1659, 2.1159, 45.3841
7.0750, 4.85e-05, 6547.6330, 73.1229, 2.1151, 45.3065
7.0800, 6.16e-05, 6547.9007, 73.0800, 2.1144, 45.2288
7.0850, 5.01e-05, 6548.1679, 73.0372, 2.1136, 45.1511
7.0900, 4.82e-05, 6548.4346, 72.9944, 2.1128, 45.0734
7.0950, 4.83e-05, 6548.7008, 72.9517, 2.1120, 44.9957
7.1000, 5.02e-05, 6548.9665, 72.9090, 2.1113, 44.9179
7.1050, 4.79e-05, 6549.2317, 72.8664, 2.1105, 44.8401
7.1100, 4.82e-05, 6549.4965, 72.8238, 2.1097, 44.7623
7.1150, 5.87e-05, 6549.7607, 72.7813, 2.1089, 44.6845
7.1200, 5.08e-05, 6550.0244, 72.7389, 2.1081, 44.6066
7.1250, 4.83e-05, 6550.2877, 72.6965, 2.1074, 44.5288
7.1300, 5.27e-05, 6550.5504, 72.6541, 2.1066, 44.4509
7.1350, 5.06e-05, 6550.8127, 72.6118, 2.1058, 44.3730
7.1400, 4.81e-05, 6551.0744, 72.5696, 2.1050, 44.2950
7.1450, 4.84e-05, 6551.3357, 72.5274, 2.1042, 44.2171
7.1500, 6.64e-05, 6551.5964, 72.4853, 2.1035, 44.1391
7.1550, 6.07e-05, 6551.8567, 72.4433, 2.1027, 44.0611
7.1600, 5.17e-05, 6552.1165, 72.4013, 2.1019, 43.9831
7.1650, 4.85e-05, 6552.3757, 72.3593, 2.1011, 43.9050
7.1700, 4.83e-05, 6552.6345, 72.3174, 2.1003, 43.8270
7.1750, 5.08e-05, 6552.8928, 72.2756, 2.0995, 43.7489
7.1800, 4.79e-05, 6553.1506, 72.2338, 2.0987, 43.6708
7.1850, 6.08e-05, 6553.4079, 72.1921, 2.0980, 43.5926
7.1900, 4.88e-05, 6553.6646, 72.1504, 2.0972, 43.5145
7.1950, 5.06e-05, 6553.9209, 72.1088, 2.0964, 43.4363
7.2000, 4.8e-05, 6554.1767, 72.0673, 2.0956, 43.3581
7.2050, 4.81e-05, 6554.4321, 72.0258, 2.0948, 43.2798
7.2100, 6.95e-05, 6554.6869, 71.9843, 2.0940, 43.2016
7.2150, 6.13e-05, 6554.9412, 71.9429, 2.0932, 43.1233
7.2200, 4.99e-05, 6555.1950, 71.9016, 2.0924, 43.0450
7.2250, 4.87e-05, 6555.4483, 71.8603, 2.0916, 42.9667
7.2300, 5.02e-05, 6555.7011, 71.8191, 2.0908, 42.8884
7.2350, 4.85e-05, 6555.9535, 71.7780, 2.0900, 42.8100
7.2400, 4.9e-05, 6556.2053, 71.7369, 2.0892, 42.7316
7.2450, 5.02e-05, 6556.4567, 71.6958, 2.0884, 42.6532
7.2500, 6.13e-05, 6556.7075, 71.6548, 2.0877, 42.5748
7.2550, 4.96e-05, 6556.9578, 71.6139, 2.0869, 42.4964
7.2600, 4.84e-05, 6557.2077, 71.5730, 2.0861, 42.4179
7.2650, 5.02e-05, 6557.4571, 71.5322, 2.0853, 42.3394
7.2700, 4.85e-05, 6557.7059, 71.4915, 2.0845, 42.2609
7.2750, 4.87e-05, 6557.9543, 71.4508, 2.0837, 42.1823
7.2800, 4.83e-05, 6558.2022, 71.4101, 2.0829, 42.1038
7.2850, 6.11e-05, 6558.4495, 71.3695, 2.0821, 42.0252
7.2900, 5.01e-05, 6558.6964, 71.3290, 2.0813, 41.9466
7.2950, 5.2e-05, 6558.9428, 71.2886, 2.0805, 41.8680
7.3000, 4.92e-05, 6559.1887, 71.2481, 2.0797, 41.7893
7.3050, 5.12e-05, 6559.4341, 71.2078, 2.0789, 41.7106
7.3100, 4.81e-05, 6559.6790, 71.1675, 2.0781, 41.6319
7.3150, 4.79e-05, 6559.9234, 71.1273, 2.0772, 41.5532
7.3200, 4.99e-05, 6560.1673, 71.0871, 2.0764, 41.4745
7.3250, 5.07e-05, 6560.4107, 71.0470, 2.0756, 41.3957
7.3300, 4.81e-05, 6560.6536, 71.0069, 2.0748, 41.3169
7.3350, 4.8e-05, 6560.8961, 70.9669, 2.0740, 41.2381
7.3400, 5.03e-05, 6561.1380, 70.9269, 2.0732, 41.1593
7.3450, 4.81e-05, 6561.3794, 70.8871, 2.0724, 41.0805
7.3500, 5.62e-05, 6561.6204, 70.8472, 2.0716, 41.0016
7.3550, 6.21e-05, 6561.8608, 70.8075, 2.0708, 40.9227
7.3600, 5.29e-05, 6562.1007, 70.7677, 2.0700, 40.8438
7.3650, 4.85e-05, 6562.3402, 70.7281, 2.0692, 40.7648
7.3700, 4.86e-05, 6562.5791, 70.6885, 2.0684, 40.6859
7.3750, 6.16e-05, 6562.8176, 70.6490, 2.0676, 40.6069
7.3800, 5.18e-05, 6563.0556, 70.6095, 2.0668, 40.5279
7.3850, 4.89e-05, 6563.2930, 70.5701, 2.0659, 40.4489
7.3900, 5.99e-05, 6563.5300, 70.5307, 2.0651, 40.3698
7.3950, 5.2e-05, 6563.7665, 70.4914, 2.0643, 40.2907
7.4000, 4.9e-05, 6564.0025, 70.4521, 2.0635, 40.2116
7.4050, 4.83e-05, 6564.2380, 70.4130, 2.0627, 40.1325
7.4100, 4.83e-05, 6564.4730, 70.3738, 2.0619, 40.0534
7.4150, 5.04e-05, 6564.7075, 70.3348, 2.0611, 39.9742
7.4200, 4.82e-05, 6564.9415, 70.2958, 2.0603, 39.8950
7.4250, 5.86e-05, 6565.1750, 70.2568, 2.0595, 39.8158
7.4300, 5.03e-05, 6565.4080, 70.2179, 2.0586, 39.7366
7.4350, 6.3e-05, 6565.6405, 70.1791, 2.0578, 39.6574
7.4400, 4.83e-05, 6565.8726, 70.1403, 2.0570, 39.5781
7.4450, 4.85e-05, 6566.1041, 70.1016, 2.0562, 39.4988
7.4500, 5.04e-05, 6566.3351, 70.0630, 2.0554, 39.4195
7.4550, 4.81e-05, 6566.5657, 70.0244, 2.0546, 39.3401
7.4600, 6.07e-05, 6566.7957, 69.9859, 2.0537, 39.2608
7.4650, 4.93e-05, 6567.0253, 69.9474, 2.0529, 39.1814
7.4700, 5.06e-05, 6567.2544, 69.9090, 2.0521, 39.1020
7.4750, 4.81e-05, 6567.4829, 69.8706, 2.0513, 39.0226
7.4800, 4.84e-05, 6567.7110, 69.8323, 2.0505, 38.9431
7.4850, 4.79e-05, 6567.9386, 69.7941, 2.0497, 38.8637
7.4900, 5.02e-05, 6568.1657, 69.7559, 2.0489, 38.7842
7.4950, 5.82e-05, 6568.3923, 69.7178, 2.0480, 38.7047
7.5000, 4.93e-05, 6568.6183, 69.6798, 2.0472, 38.6251
7.5050, 4.81e-05, 6568.8440, 69.6418, 2.0464, 38.5456
7.5100, 5.03e-05, 6569.0691, 69.6038, 2.0456, 38.4660
7.5150, 4.94e-05, 6569.2937, 69.5660, 2.0448, 38.3864
7.5200, 4.82e-05, 6569.5178, 69.5282, 2.0439, 38.3068
7.5250, 5.02e-05, 6569.7414, 69.4904, 2.0431, 38.2271
7.5300, 5.83e-05, 6569.9646, 69.4527, 2.0423, 38.1474
7.5350, 4.99e-05, 6570.1872, 69.4151, 2.0415, 38.0678
7.5400, 4.81e-05, 6570.4093, 69.3775, 2.0407, 37.9880
7.5450, 6.1e-05, 6570.6310, 69.3400, 2.0399, 37.9083
7.5500, 5.12e-05, 6570.8521, 69.3026, 2.0390, 37.8286
7.5550, 4.8e-05, 6571.0728, 69.2652, 2.0382, 37.7488
7.5600, 4.81e-05, 6571.2930, 69.2279, 2.0374, 37.6690
7.5650, 6.13e-05, 6571.5127, 69.1906, 2.0366, 37.5892
7.5700, 4.96e-05, 6571.7318, 69.1534, 2.0358, 37.5093
7.5750, 4.83e-05, 6571.9505, 69.1163, 2.0350, 37.4295
7.5800, 5.02e-05, 6572.1687, 69.0792, 2.0341, 37.3496
7.5850, 4.83e-05, 6572.3864, 69.0422, 2.0333, 37.2697
7.5900, 4.81e-05, 6572.6036, 69.0052, 2.0325, 37.1898
7.5950, 4.83e-05, 6572.8204, 68.9683, 2.0317, 37.1098
7.6000, 6.06e-05, 6573.0366, 68.9315, 2.0309, 37.0298
7.6050, 4.99e-05, 6573.2523, 68.8947, 2.0301, 36.9499
7.6100, 4.85e-05, 6573.4675, 68.8580, 2.0293, 36.8698
7.6150, 4.81e-05, 6573.6823, 68.8213, 2.0284, 36.7898
7.6200, 5.02e-05, 6573.8965, 68.7847, 2.0276, 36.7098
7.6250, 4.79e-05, 6574.1103, 68.7482, 2.0268, 36.6297
7.6300, 5.17e-05, 6574.3236, 68.7117, 2.0260, 36.5496
7.6350, 5.86e-05, 6574.5363, 68.6753, 2.0252, 36.4695
7.6400, 5.62e-05, 6574.7486, 68.6390, 2.0244, 36.3893
7.6450, 4.83e-05, 6574.9604, 68.6027, 2.0236, 36.3092
7.6500, 4.82e-05, 6575.1717, 68.5665, 2.0227, 36.2290
7.6550, 5.02e-05, 6575.3825, 68.5303, 2.0219, 36.1488
7.6600, 4.79e-05, 6575.5928, 68.4942, 2.0211, 36.0685
7.6650, 4.82e-05, 6575.8026, 68.4582, 2.0203, 35.9883
7.6700, 4.81e-05, 6576.0120, 68.4222, 2.0195, 35.9080
7.6750, 5.26e-05, 6576.2208, 68.3863, 2.0186, 35.8277
7.6800, 4.87e-05, 6576.4291, 68.3504, 2.0178, 35.7474
7.6850, 4.82e-05, 6576.6370, 68.3146, 2.0170, 35.6671
7.6900, 4.84e-05, 6576.8443, 68.2789, 2.0162, 35.5867
7.6950, 5.02e-05, 6577.0512, 68.2432, 2.0153, 35.5063
7.7000, 4.84e-05, 6577.2576, 68.2076, 2.0145, 35.4259
7.7050, 4.8e-05, 6577.4635, 68.1721, 2.0137, 35.3455
7.7100, 6.24e-05, 6577.6688, 68.1366, 2.0129, 35.2651
7.7150, 6.12e-05, 6577.8737, 68.1012, 2.0120, 35.1846
7.7200, 0.0001136, 6578.0782, 68.0658, 2.0112, 35.1041
7.7250, 9.12e-05, 6578.2821, 68.0305, 2.0104, 35.0236
7.7300, 0.0001088, 6578.4855, 67.9953, 2.0096, 34.9431
7.7350, 9.62e-05, 6578.6884, 67.9601, 2.0087, 34.8625
7.7400, 9.28e-05, 6578.8909, 67.9250, 2.0079, 34.7819
7.7450, 9.15e-05, 6579.0928, 67.8900, 2.0071, 34.7013
7.7500, 0.0001107, 6579.2943, 67.8550, 2.0062, 34.6207
7.7550, 0.0001245, 6579.4952, 67.8201, 2.0054, 34.5401
7.7600, 0.0001207, 6579.6957, 67.7852, 2.0046, 34.4594
7.7650, 0.0001399, 6579.8957, 67.7504, 2.0037, 34.3787
7.7700, 7.9e-05, 6580.0952, 67.7157, 2.0029, 34.2980
7.7750, 5.57e-05, 6580.2942, 67.6810, 2.0021, 34.2173
7.7800, 5.44e-05, 6580.4927, 67.6464, 2.0012, 34.1365
7.7850, 5.64e-05, 6580.6907, 67.6119, 2.0004, 34.0557
7.7900, 6.45e-05, 6580.8882, 67.5774, 1.9995, 33.9749
7.7950, 4.93e-05, 6581.0853, 67.5430, 1.9987, 33.8941
7.8000, 4.83e-05, 6581.2818, 67.5086, 1.9979, 33.8133
7.8050, 5.04e-05, 6581.4779, 67.4743, 1.9970, 33.7324
7.8100, 4.88e-05, 6581.6734, 67.4401, 1.9962, 33.6515
7.8150, 4.87e-05, 6581.8685, 67.4059, 1.9953, 33.5706
7.8200, 4.82e-05, 6582.0631, 67.3718, 1.9945, 33.4897
7.8250, 7.54e-05, 6582.2572, 67.3378, 1.9937, 33.4087
7.8300, 5.12e-05, 6582.4508, 67.3038, 1.9928, 33.3278
7.8350, 4.92e-05, 6582.6439, 67.2699, 1.9920, 33.2468
7.8400, 5.21e-05, 6582.8365, 67.2361, 1.9911, 33.1657
7.8450, 4.93e-05, 6583.0287, 67.2023, 1.9903, 33.0847
7.8500, 4.9e-05, 6583.2203, 67.1686, 1.9894, 33.0036
7.8550, 9.68e-05, 6583.4115, 67.1349, 1.9886, 32.9226
7.8600, 9.47e-05, 6583.6021, 67.1013, 1.9878, 32.8414
7.8650, 8.12e-05, 6583.7923, 67.0678, 1.9869, 32.7603
7.8700, 8.48e-05, 6583.9820, 67.0343, 1.9861, 32.6792
7.8750, 8.7e-05, 6584.1712, 67.0009, 1.9852, 32.5980
7.8800, 5.42e-05, 6584.3599, 66.9676, 1.9844, 32.5168
7.8850, 4.9e-05, 6584.5481, 66.9343, 1.9835, 32.4356
7.8900, 5.25e-05, 6584.7358, 66.9011, 1.9827, 32.3543
7.8950, 0.0001439, 6584.9231, 66.8680, 1.9818, 32.2731
7.9000, 0.0001092, 6585.1098, 66.8349, 1.9810, 32.1918
7.9050, 0.0001141, 6585.2961, 66.8019, 1.9801, 32.1105
7.9100, 0.0001021, 6585.4818, 66.7689, 1.9793, 32.0291
7.9150, 0.0001033, 6585.6671, 66.7360, 1.9784, 31.9478
7.9200, 0.0001013, 6585.8519, 66.7032, 1.9776, 31.8664
7.9250, 0.0001033, 6586.0362, 66.6704, 1.9767, 31.7850
7.9300, 0.0001324, 6586.2200, 66.6377, 1.9759, 31.7036
7.9350, 0.0001386, 6586.4034, 66.6051, 1.9750, 31.6221
7.9400, 9.61e-05, 6586.5862, 66.5726, 1.9742, 31.5407
7.9450, 9.77e-05, 6586.7685, 66.5401, 1.9733, 31.4592
7.9500, 9.46e-05, 6586.9504, 66.5076, 1.9725, 31.3777
7.9550, 0.0001106, 6587.1318, 66.4752, 1.9716, 31.2961
7.9600, 9.36e-05, 6587.3127, 66.4429, 1.9708, 31.2146
7.9650, 9.49e-05, 6587.4930, 66.4107, 1.9699, 31.1330
7.9700, 0.0001021, 6587.6730, 66.3785, 1.9691, 31.0514
7.9750, 0.0001114, 6587.8524, 66.3464, 1.9682, 30.9697
7.9800, 9.42e-05, 6588.0313, 66.3144, 1.9674, 30.8881
7.9850, 9.49e-05, 6588.2097, 66.2824, 1.9665, 30.8064
7.9900, 0.0001156, 6588.3877, 66.2505, 1.9657, 30.7247
7.9950, 9.7e-05, 6588.5652, 66.2186, 1.9649, 30.6430
8.0000, 9.71e-05, 6588.7421, 66.1868, 1.9640, 30.5612
8.0050, 9.83e-05, 6588.9186, 66.1551, 1.9632, 30.4795
8.0100, 0.0001142, 6589.0946, 66.1235, 1.9623, 30.3977
8.0150, 0.000114, 6589.2702, 66.0919, 1.9615, 30.3159
8.0200, 9.72e-05, 6589.4452, 66.0604, 1.9606, 30.2340
8.0250, 0.0001145, 6589.6197, 66.0289, 1.9598, 30.1522
8.0300, 9.46e-05, 6589.7938, 65.9975, 1.9589, 30.0703
8.0350, 9.64e-05, 6589.9673, 65.9662, 1.9581, 29.9884
8.0400, 9.49e-05, 6590.1404, 65.9349, 1.9572, 29.9065
8.0450, 0.0001244, 6590.3130, 65.9037, 1.9564, 29.8245
8.0500, 9.49e-05, 6590.4851, 65.8726, 1.9556, 29.7425
8.0550, 9.79e-05, 6590.6567, 65.8415, 1.9547, 29.6605
8.0600, 9.35e-05, 6590.8279, 65.8106, 1.9539, 29.5785
8.0650, 9.73e-05, 6590.9985, 65.7796, 1.9530, 29.4965
8.0700, 9.28e-05, 6591.1687, 65.7488, 1.9522, 29.4144
8.0750, 9.24e-05, 6591.3384, 65.7180, 1.9513, 29.3323
8.0800, 0.000108, 6591.5075, 65.6872, 1.9505, 29.2502
8.0850, 9.49e-05, 6591.6762, 65.6566, 1.9497, 29.1680
8.0900, 0.000101, 6591.8445, 65.6260, 1.9488, 29.0859
8.0950, 9.64e-05, 6592.0122, 65.5954, 1.9480, 29.0037
8.1000, 0.0001102, 6592.1794, 65.5650, 1.9471, 28.9215
8.1050, 9.39e-05, 6592.3462, 65.5346, 1.9463, 28.8392
8.1100, 9.28e-05, 6592.5125, 65.5042, 1.9455, 28.7570
8.1150, 9.35e-05, 6592.6782, 65.4740, 1.9446, 28.6747
8.1200, 9.9e-05, 6592.8435, 65.4438, 1.9438, 28.5924
8.1250, 9.25e-05, 6593.0083, 65.4136, 1.9430, 28.5101
8.1300, 9.25e-05, 6593.1727, 65.3836, 1.9421, 28.4277
8.1350, 0.0001069, 6593.3365, 65.3536, 1.9413, 28.3453
8.1400, 0.0001008, 6593.4999, 65.3236, 1.9405, 28.2630
8.1450, 9.45e-05, 6593.6627, 65.2938, 1.9396, 28.1805
8.1500, 9.12e-05, 6593.8251, 65.2640, 1.9388, 28.0981
8.1550, 0.0001107, 6593.9870, 65.2342, 1.9380, 28.0156
8.1600, 9.08e-05, 6594.1484, 65.2046, 1.9371, 27.9331
8.1650, 9.48e-05, 6594.3094, 65.1750, 1.9363, 27.8506
8.1700, 9.69e-05, 6594.4698, 65.1455, 1.9355, 27.7681
8.1750, 0.000116, 6594.6298, 65.1160, 1.9346, 27.6855
8.1800, 9.25e-05, 6594.7893, 65.0866, 1.9338, 27.6029
8.1850, 0.0001011, 6594.9482, 65.0573, 1.9330, 27.5203
8.1900, 0.000112, 6595.1068, 65.0280, 1.9322, 27.4377
8.1950, 0.0001001, 6595.2648, 64.9988, 1.9313, 27.3550
8.2000, 9.49e-05, 6595.4223, 64.9697, 1.9305, 27.2723
8.2050, 9.33e-05, 6595.5794, 64.9406, 1.9297, 27.1896
8.2100, 0.0001151, 6595.7359, 64.9116, 1.9289, 27.1069
8.2150, 9.63e-05, 6595.8920, 64.8827, 1.9281, 27.0242
8.2200, 9.57e-05, 6596.0476, 64.8539, 1.9272, 26.9414
8.2250, 0.0001106, 6596.2027, 64.8251, 1.9264, 26.8586
8.2300, 0.0001031, 6596.3574, 64.7964, 1.9256, 26.7758
8.2350, 9.66e-05, 6596.5115, 64.7677, 1.9248, 26.6929
8.2400, 9.27e-05, 6596.6652, 64.7391, 1.9240, 26.6101
8.2450, 0.0001118, 6596.8184, 64.7106, 1.9231, 26.5272
8.2500, 9.99e-05, 6596.9711, 64.6822, 1.9223, 26.4442
8.2550, 9.33e-05, 6597.1233, 64.6538, 1.9215, 26.3613
8.2600, 9.29e-05, 6597.2750, 64.6255, 1.9207, 26.2783
8.2650, 0.0001089, 6597.4263, 64.5972, 1.9199, 26.1954
8.2700, 9.49e-05, 6597.5770, 64.5690, 1.9191, 26.1124
8.2750, 5.87e-05, 6597.7273, 64.5409, 1.9183, 26.0293
8.2800, 5.52e-05, 6597.8771, 64.5129, 1.9175, 25.9463
8.2850, 5.65e-05, 6598.0264, 64.4849, 1.9166, 25.8632
8.2900, 6.46e-05, 6598.1753, 64.4570, 1.9158, 25.7801
8.2950, 5.01e-05, 6598.3236, 64.4292, 1.9150, 25.6970
8.3000, 4.94e-05, 6598.4715, 64.4014, 1.9142, 25.6138
8.3050, 5.12e-05, 6598.6189, 64.3737, 1.9134, 25.5306
8.3100, 4.9e-05, 6598.7658, 64.3461, 1.9126, 25.4474
8.3150, 4.91e-05, 6598.9122, 64.3185, 1.9118, 25.3642
8.3200, 4.9e-05, 6599.0582, 64.2911, 1.9110, 25.2810
8.3250, 6.37e-05, 6599.2036, 64.2636, 1.9102, 25.1977
8.3300, 4.93e-05, 6599.3486, 64.2363, 1.9094, 25.1144
8.3350, 4.88e-05, 6599.4931, 64.2090, 1.9086, 25.0311
8.3400, 5.07e-05, 6599.6371, 64.1818, 1.9078, 24.9478
8.3450, 4.9e-05, 6599.7806, 64.1546, 1.9070, 24.8644
8.3500, 4.92e-05, 6599.9237, 64.1276, 1.9062, 24.7810
8.3550, 5.31e-05, 6600.0662, 64.1006, 1.9054, 24.6976
8.3600, 6.33e-05, 6600.2083, 64.0736, 1.9046, 24.6142
8.3650, 4.94e-05, 6600.3499, 64.0467, 1.9038, 24.5307
8.3700, 4.89e-05, 6600.4911, 64.0199, 1.9031, 24.4472
8.3750, 4.9e-05, 6600.6317, 63.9932, 1.9023, 24.3637
8.3800, 5.09e-05, 6600.7719, 63.9666, 1.9015, 24.2802
8.3850, 4.86e-05, 6600.9115, 63.9400, 1.9007, 24.1967
8.3900, 4.9e-05, 6601.0507, 63.9134, 1.8999, 24.1131
8.3950, 6.11e-05, 6601.1895, 63.8870, 1.8991, 24.0295
8.4000, 5.25e-05, 6601.3277, 63.8606, 1.8983, 23.9459
8.4050, 4.87e-05, 6601.4655, 63.8343, 1.8975, 23.8622
8.4100, 4.87e-05, 6601.6027, 63.8080, 1.8968, 23.7786
8.4150, 5.08e-05, 6601.7395, 63.7819, 1.8960, 23.6949
8.4200, 4.92e-05, 6601.8758, 63.7558, 1.8952, 23.6112
8.4250, 4.85e-05, 6602.0117, 63.7297, 1.8944, 23.5275
8.4300, 6.04e-05, 6602.1470, 63.7038, 1.8936, 23.4437
8.4350, 5.14e-05, 6602.2819, 63.6779, 1.8929, 23.3599
8.4400, 5.27e-05, 6602.4163, 63.6520, 1.8921, 23.2761
8.4450, 5.02e-05, 6602.5502, 63.6263, 1.8913, 23.1923
8.4500, 4.88e-05, 6602.6836, 63.6006, 1.8905, 23.1084
8.4550, 5.08e-05, 6602.8166, 63.5750, 1.8898, 23.0246
8.4600, 4.87e-05, 6602.9491, 63.5494, 1.8890, 22.9407
8.4650, 6.1e-05, 6603.0811, 63.5240, 1.8882, 22.8568
8.4700, 5.17e-05, 6603.2126, 63.4986, 1.8875, 22.7728
8.4750, 4.88e-05, 6603.3436, 63.4732, 1.8867, 22.6889
8.4800, 4.84e-05, 6603.4742, 63.4480, 1.8859, 22.6049
8.4850, 4.88e-05, 6603.6043, 63.4228, 1.8852, 22.5209
8.4900, 5.05e-05, 6603.7339, 63.3976, 1.8844, 22.4368
8.4950, 4.87e-05, 6603.8630, 63.3726, 1.8836, 22.3528
8.5000, 6.07e-05, 6603.9916, 63.3476, 1.8829, 22.2687
8.5050, 4.87e-05, 6604.1198, 63.3227, 1.8821, 22.1846
8.5100, 5.08e-05, 6604.2475, 63.2978, 1.8814, 22.1005
8.5150, 4.85e-05, 6604.3747, 63.2731, 1.8806, 22.0164
8.5200, 4.86e-05, 6604.5014, 63.2484, 1.8799, 21.9322
8.5250, 5.24e-05, 6604.6277, 63.2237, 1.8791, 21.8480
8.5300, 5.17e-05, 6604.7534, 63.1992, 1.8783, 21.7638
8.5350, 6.06e-05, 6604.8787, 63.1747, 1.8776, 21.6795
8.5400, 4.94e-05, 6605.0035, 63.1503, 1.8768, 21.5953
8.5450, 5.11e-05, 6605.1279, 63.1259, 1.8761, 21.5110
8.5500, 4.98e-05, 6605.2517, 63.1017, 1.8753, 21.4267
8.5550, 4.89e-05, 6605.3751, 63.0775, 1.8746, 21.3424
8.5600, 4.86e-05, 6605.4980, 63.0533, 1.8738, 21.2580
8.5650, 5.08e-05, 6605.6204, 63.0293, 1.8731, 21.1737
8.5700, 6.06e-05, 6605.7424, 63.0053, 1.8724, 21.0893
8.5750, 4.85e-05, 6605.8639, 62.9813, 1.8716, 21.0049
8.5800, 4.87e-05, 6605.9848, 62.9575, 1.8709, 20.9204
8.5850, 5.02e-05, 6606.1054, 62.9337, 1.8701, 20.8360
8.5900, 4.86e-05, 6606.2254, 62.9100, 1.8694, 20.7515
8.5950, 4.88e-05, 6606.3450, 62.8864, 1.8687, 20.6670
8.6000, 5.08e-05, 6606.4640, 62.8628, 1.8679, 20.5825
8.6050, 6.39e-05, 6606.5826, 62.8393, 1.8672, 20.4979
8.6100, 4.95e-05, 6606.7008, 62.8159, 1.8665, 20.4133
8.6150, 4.88e-05, 6606.8184, 62.7925, 1.8657, 20.3288
8.6200, 6.25e-05, 6606.9356, 62.7693, 1.8650, 20.2441
8.6250, 4.89e-05, 6607.0523, 62.7461, 1.8643, 20.1595
8.6300, 4.86e-05, 6607.1685, 62.7229, 1.8635, 20.0748
8.6350, 4.89e-05, 6607.2843, 62.6999, 1.8628, 19.9902
8.6400, 5.32e-05, 6607.3996, 62.6769, 1.8621, 19.9055
8.6450, 4.87e-05, 6607.5143, 62.6540, 1.8614, 19.8207
8.6500, 4.87e-05, 6607.6287, 62.6311, 1.8607, 19.7360
8.6550, 5.44e-05, 6607.7425, 62.6083, 1.8599, 19.6512
8.6600, 4.87e-05, 6607.8559, 62.5856, 1.8592, 19.5664
8.6650, 4.86e-05, 6607.9688, 62.5630, 1.8585, 19.4816
8.6700, 4.88e-05, 6608.0812, 62.5404, 1.8578, 19.3968
8.6750, 7.63e-05, 6608.1931, 62.5179, 1.8571, 19.3119
8.6800, 5.62e-05, 6608.3046, 62.4955, 1.8564, 19.2271
8.6850, 4.99e-05, 6608.4156, 62.4732, 1.8557, 19.1422
8.6900, 6.62e-05, 6608.5261, 62.4509, 1.8549, 19.0573
8.6950, 5.42e-05, 6608.6361, 62.4287, 1.8542, 18.9723
8.7000, 4.98e-05, 6608.7457, 62.4066, 1.8535, 18.8874
8.7050, 5.22e-05, 6608.8548, 62.3845, 1.8528, 18.8024
8.7100, 4.94e-05, 6608.9634, 62.3625, 1.8521, 18.7174
8.7150, 5.14e-05, 6609.0715, 62.3406, 1.8514, 18.6323
8.7200, 9.61e-05, 6609.1792, 62.3188, 1.8507, 18.5473
8.7250, 7.99e-05, 6609.2864, 62.2970, 1.8500, 18.4622
8.7300, 8.13e-05, 6609.3931, 62.2753, 1.8493, 18.3771
8.7350, 7.25e-05, 6609.4993, 62.2537, 1.8486, 18.2920
8.7400, 6.62e-05, 6609.6051, 62.2322, 1.8479, 18.2069
8.7450, 5.64e-05, 6609.7104, 62.2107, 1.8473, 18.1217
8.7500, 5.19e-05, 6609.8152, 62.1893, 1.8466, 18.0366
8.7550, 0.0001026, 6609.9196, 62.1680, 1.8459, 17.9514
8.7600, 0.0001381, 6610.0234, 62.1467, 1.8452, 17.8662
8.7650, 8.86e-05, 6610.1268, 62.1255, 1.8445, 17.7809
8.7700, 6.26e-05, 6610.2297, 62.1044, 1.8438, 17.6957
8.7750, 5.07e-05, 6610.3322, 62.0834, 1.8431, 17.6104
8.7800, 4.96e-05, 6610.4342, 62.0624, 1.8425, 17.5251
8.7850, 6.79e-05, 6610.5357, 62.0415, 1.8418, 17.4398
8.7900, 7.25e-05, 6610.6367, 62.0207, 1.8411, 17.3544
8.7950, 5.49e-05, 6610.7373, 61.9999, 1.8404, 17.2691
8.8000, 6.47e-05, 6610.8373, 61.9793, 1.8398, 17.1837
8.8050, 0.0001104, 6610.9369, 61.9587, 1.8391, 17.0983
8.8100, 7.35e-05, 6611.0361, 61.9381, 1.8384, 17.0129
8.8150, 5.3e-05, 6611.1347, 61.9177, 1.8377, 16.9274
8.8200, 4.94e-05, 6611.2329, 61.8973, 1.8371, 16.8420
8.8250, 6.37e-05, 6611.3306, 61.8770, 1.8364, 16.7565
8.8300, 5.44e-05, 6611.4279, 61.8567, 1.8358, 16.6710
8.8350, 4.98e-05, 6611.5247, 61.8366, 1.8351, 16.5855
8.8400, 6.36e-05, 6611.6210, 61.8165, 1.8344, 16.4999
8.8450, 5.35e-05, 6611.7168, 61.7965, 1.8338, 16.4143
8.8500, 5.03e-05, 6611.8121, 61.7765, 1.8331, 16.3288
8.8550, 4.95e-05, 6611.9070, 61.7567, 1.8325, 16.2432
8.8600, 5.81e-05, 6612.0014, 61.7369, 1.8318, 16.1575
8.8650, 4.99e-05, 6612.0954, 61.7171, 1.8312, 16.0719
8.8700, 4.96e-05, 6612.1888, 61.6975, 1.8305, 15.9862
8.8750, 6.17e-05, 6612.2818, 61.6779, 1.8299, 15.9005
8.8800, 5.29e-05, 6612.3743, 61.6584, 1.8292, 15.8148
8.8850, 4.9e-05, 6612.4664, 61.6390, 1.8286, 15.7291
8.8900, 5.33e-05, 6612.5580, 61.6196, 1.8280, 15.6434
8.8950, 4.95e-05, 6612.6491, 61.6003, 1.8273, 15.5576
8.9000, 5.16e-05, 6612.7397, 61.5811, 1.8267, 15.4718
8.9050, 4.9e-05, 6612.8299, 61.5620, 1.8260, 15.3860
8.9100, 5.99e-05, 6612.9196, 61.5429, 1.8254, 15.3002
8.9150, 5.26e-05, 6613.0088, 61.5240, 1.8248, 15.2143
8.9200, 4.95e-05, 6613.0975, 61.5050, 1.8242, 15.1285
8.9250, 4.91e-05, 6613.1858, 61.4862, 1.8235, 15.0426
8.9300, 4.9e-05, 6613.2736, 61.4674, 1.8229, 14.9567
8.9350, 5.11e-05, 6613.3610, 61.4487, 1.8223, 14.8708
8.9400, 4.9e-05, 6613.4478, 61.4301, 1.8217, 14.7848
8.9450, 5.94e-05, 6613.5342, 61.4116, 1.8210, 14.6989
8.9500, 5.06e-05, 6613.6202, 61.3931, 1.8204, 14.6129
8.9550, 5.17e-05, 6613.7056, 61.3747, 1.8198, 14.5269
8.9600, 4.91e-05, 6613.7906, 61.3564, 1.8192, 14.4409
8.9650, 4.93e-05, 6613.8751, 61.3381, 1.8186, 14.3549
8.9700, 5.21e-05, 6613.9592, 61.3200, 1.8180, 14.2688
8.9750, 6.4e-05, 6614.0427, 61.3019, 1.8174, 14.1827
8.9800, 6.09e-05, 6614.1259, 61.2839, 1.8168, 14.0966
8.9850, 4.96e-05, 6614.2085, 61.2659, 1.8162, 14.0105
8.9900, 5.14e-05, 6614.2907, 61.2480, 1.8156, 13.9244
8.9950, 4.92e-05, 6614.3724, 61.2302, 1.8150, 13.8383
9.0000, 5.31e-05, 6614.4536, 61.2125, 1.8144, 13.7521
9.0050, 4.89e-05, 6614.5343, 61.1948, 1.8138, 13.6659
9.0100, 5.13e-05, 6614.6146, 61.1773, 1.8132, 13.5797
9.0150, 6.12e-05, 6614.6944, 61.1598, 1.8126, 13.4935
9.0200, 4.98e-05, 6614.7738, 61.1423, 1.8120, 13.4072
9.0250, 4.9e-05, 6614.8527, 61.1250, 1.8114, 13.3210
9.0300, 6.31e-05, 6614.9311, 61.1077, 1.8109, 13.2347
9.0350, 4.89e-05, 6615.0090, 61.0905, 1.8103, 13.1484
9.0400, 4.92e-05, 6615.0865, 61.0734, 1.8097, 13.0621
9.0450, 5.11e-05, 6615.1635, 61.0563, 1.8091, 12.9758
9.0500, 5.13e-05, 6615.2400, 61.0393, 1.8085, 12.8894
9.0550, 5.28e-05, 6615.3161, 61.0224, 1.8080, 12.8031
9.0600, 5.05e-05, 6615.3917, 61.0056, 1.8074, 12.7167
9.0650, 5.13e-05, 6615.4668, 60.9888, 1.8068, 12.6303
9.0700, 4.89e-05, 6615.5415, 60.9721, 1.8063, 12.5439
9.0750, 4.98e-05, 6615.6157, 60.9555, 1.8057, 12.4574
9.0800, 4.87e-05, 6615.6894, 60.9390, 1.8052, 12.3710
9.0850, 5.35e-05, 6615.7627, 60.9225, 1.8046, 12.2845
9.0900, 4.91e-05, 6615.8355, 60.9061, 1.8040, 12.1980
9.0950, 4.92e-05, 6615.9078, 60.8898, 1.8035, 12.1115
9.1000, 5.1e-05, 6615.9797, 60.8736, 1.8029, 12.0250
9.1050, 4.92e-05, 6616.0511, 60.8574, 1.8024, 11.9384
9.1100, 4.97e-05, 6616.1220, 60.8413, 1.8018, 11.8519
9.1150, 5.88e-05, 6616.1924, 60.8253, 1.8013, 11.7653
9.1200, 5.33e-05, 6616.2624, 60.8094, 1.8008, 11.6787
9.1250, 4.96e-05, 6616.3319, 60.7935, 1.8002, 11.5921
9.1300, 4.92e-05, 6616.4010, 60.7778, 1.7997, 11.5055
9.1350, 4.89e-05, 6616.4696, 60.7620, 1.7992, 11.4188
9.1400, 6.12e-05, 6616.5377, 60.7464, 1.7986, 11.3322
9.1450, 6.07e-05, 6616.6053, 60.7309, 1.7981, 11.2455
9.1500, 5.95e-05, 6616.6725, 60.7154, 1.7976, 11.1588
9.1550, 5.04e-05, 6616.7392, 60.7000, 1.7970, 11.0721
9.1600, 5.77e-05, 6616.8055, 60.6846, 1.7965, 10.9854
9.1650, 4.89e-05, 6616.8713, 60.6694, 1.7960, 10.8986
9.1700, 4.9e-05, 6616.9366, 60.6542, 1.7955, 10.8119
9.1750, 5.09e-05, 6617.0014, 60.6391, 1.7950, 10.7251
9.1800, 4.9e-05, 6617.0658, 60.6240, 1.7945, 10.6383
9.1850, 5.94e-05, 6617.1297, 60.6091, 1.7940, 10.5515
9.1900, 5.02e-05, 6617.1932, 60.5942, 1.7934, 10.4647
9.1950, 5.1e-05, 6617.2562, 60.5794, 1.7929, 10.3778
9.2000, 4.92e-05, 6617.3187, 60.5646, 1.7924, 10.2910
9.2050, 4.87e-05, 6617.3807, 60.5500, 1.7919, 10.2041
9.2100, 4.98e-05, 6617.4423, 60.5354, 1.7914, 10.1172
9.2150, 5.08e-05, 6617.5034, 60.5209, 1.7910, 10.0303
9.2200, 6.05e-05, 6617.5641, 60.5065, 1.7905, 9.9434
9.2250, 5.36e-05, 6617.6243, 60.4921, 1.7900, 9.8564
9.2300, 5.17e-05, 6617.6840, 60.4778, 1.7895, 9.7695
9.2350, 4.9e-05, 6617.7433, 60.4636, 1.7890, 9.6825
9.2400, 4.9e-05, 6617.8021, 60.4495, 1.7885, 9.5955
9.2450, 4.87e-05, 6617.8604, 60.4354, 1.7880, 9.5085
9.2500, 5.09e-05, 6617.9183, 60.4215, 1.7876, 9.4215
9.2550, 5.99e-05, 6617.9757, 60.4076, 1.7871, 9.3345
9.2600, 4.99e-05, 6618.0326, 60.3937, 1.7866, 9.2474
9.2650, 4.9e-05, 6618.0891, 60.3800, 1.7862, 9.1604
9.2700, 5.14e-05, 6618.1451, 60.3663, 1.7857, 9.0733
9.2750, 4.89e-05, 6618.2006, 60.3527, 1.7852, 8.9862
9.2800, 4.91e-05, 6618.2557, 60.3392, 1.7848, 8.8991
9.2850, 5.03e-05, 6618.3103, 60.3257, 1.7843, 8.8120
9.2900, 6.4e-05, 6618.3644, 60.3124, 1.7839, 8.7249
9.2950, 5.01e-05, 6618.4181, 60.2991, 1.7834, 8.6377
9.3000, 4.93e-05, 6618.4713, 60.2858, 1.7830, 8.5506
9.3050, 6.2e-05, 6618.5241, 60.2727, 1.7825, 8.4634
9.3100, 4.93e-05, 6618.5764, 60.2596, 1.7821, 8.3762
9.3150, 4.92e-05, 6618.6282, 60.2466, 1.7816, 8.2890
9.3200, 4.88e-05, 6618.6796, 60.2337, 1.7812, 8.2018
9.3250, 6.25e-05, 6618.7305, 60.2209, 1.7808, 8.1145
9.3300, 4.94e-05, 6618.7809, 60.2081, 1.7803, 8.0273
9.3350, 4.9e-05, 6618.8309, 60.1954, 1.7799, 7.9400
9.3400, 4.98e-05, 6618.8804, 60.1828, 1.7795, 7.8527
9.3450, 5.11e-05, 6618.9294, 60.1702, 1.7790, 7.7655
9.3500, 4.87e-05, 6618.9780, 60.1578, 1.7786, 7.6782
9.3550, 4.89e-05, 6619.0261, 60.1454, 1.7782, 7.5908
9.3600, 6.46e-05, 6619.0738, 60.1331, 1.7778, 7.5035
9.3650, 4.96e-05, 6619.1210, 60.1208, 1.7774, 7.4162
9.3700, 4.92e-05, 6619.1677, 60.1087, 1.7770, 7.3288
9.3750, 4.89e-05, 6619.2139, 60.0966, 1.7766, 7.2414
9.3800, 5.12e-05, 6619.2597, 60.0846, 1.7762, 7.1540
9.3850, 4.9e-05, 6619.3051, 60.0727, 1.7757, 7.0667
9.3900, 4.86e-05, 6619.3500, 60.0608, 1.7754, 6.9792
9.3950, 5.98e-05, 6619.3944, 60.0490, 1.7750, 6.8918
9.4000, 5.12e-05, 6619.4383, 60.0373, 1.7746, 6.8044
9.4050, 4.87e-05, 6619.4818, 60.0257, 1.7742, 6.7169
9.4100, 4.86e-05, 6619.5248, 60.0141, 1.7738, 6.6295
9.4150, 5.1e-05, 6619.5674, 60.0026, 1.7734, 6.5420
9.4200, 5.01e-05, 6619.6095, 59.9912, 1.7730, 6.4545
9.4250, 4.86e-05, 6619.6511, 59.9799, 1.7726, 6.3670
9.4300, 6.08e-05, 6619.6923, 59.9687, 1.7723, 6.2795
9.4350, 5.16e-05, 6619.7330, 59.9575, 1.7719, 6.1920
9.4400, 4.93e-05, 6619.7733, 59.9464, 1.7715, 6.1044
9.4450, 4.91e-05, 6619.8130, 59.9354, 1.7712, 6.0169
9.4500, 4.85e-05, 6619.8524, 59.9244, 1.7708, 5.9293
9.4550, 5.08e-05, 6619.8912, 59.9136, 1.7704, 5.8417
9.4600, 4.88e-05, 6619.9296, 59.9028, 1.7701, 5.7542
9.4650, 6.1e-05, 6619.9676, 59.8921, 1.7697, 5.6666
9.4700, 4.94e-05, 6620.0051, 59.8814, 1.7694, 5.5789
9.4750, 5.47e-05, 6620.0421, 59.8709, 1.7690, 5.4913
9.4800, 4.96e-05, 6620.0786, 59.8604, 1.7687, 5.4037
9.4850, 4.89e-05, 6620.1147, 59.8500, 1.7683, 5.3160
9.4900, 5.08e-05, 6620.1504, 59.8396, 1.7680, 5.2284
9.4950, 4.89e-05, 6620.1855, 59.8294, 1.7676, 5.1407
9.5000, 6.15e-05, 6620.2202, 59.8192, 1.7673, 5.0530
9.5050, 4.98e-05, 6620.2545, 59.8091, 1.7670, 4.9653
9.5100, 5.13e-05, 6620.2883, 59.7990, 1.7666, 4.8776
9.5150, 4.88e-05, 6620.3216, 59.7891, 1.7663, 4.7899
9.5200, 4.87e-05, 6620.3545, 59.7792, 1.7660, 4.7022
9.5250, 4.91e-05, 6620.3869, 59.7694, 1.7657, 4.6145
9.5300, 5.06e-05, 6620.4188, 59.7597, 1.7654, 4.5267
9.5350, 6.06e-05, 6620.4503, 59.7500, 1.7650, 4.4390
9.5400, 4.93e-05, 6620.4814, 59.7405, 1.7647, 4.3512
9.5450, 5.06e-05, 6620.5119, 59.7310, 1.7644, 4.2634
9.5500, 4.89e-05, 6620.5420, 59.7215, 1.7641, 4.1756
9.5550, 4.88e-05, 6620.5717, 59.7122, 1.7638, 4.0878
9.5600, 4.88e-05, 6620.6008, 59.7029, 1.7635, 4.0000
9.5650, 6.13e-05, 6620.6296, 59.6937, 1.7632, 3.9122
9.5700, 5.1e-05, 6620.6578, 59.6846, 1.7629, 3.8244
9.5750, 4.9e-05, 6620.6856, 59.6756, 1.7626, 3.7365
9.5800, 5.3e-05, 6620.7130, 59.6666, 1.7624, 3.6487
9.5850, 5.16e-05, 6620.7399, 59.6577, 1.7621, 3.5608
9.5900, 4.94e-05, 6620.7663, 59.6489, 1.7618, 3.4730
9.5950, 4.9e-05, 6620.7923, 59.6402, 1.7615, 3.3851
9.6000, 6.08e-05, 6620.8178, 59.6315, 1.7612, 3.2972
9.6050, 5.3e-05, 6620.8428, 59.6229, 1.7610, 3.2093
9.6100, 4.91e-05, 6620.8674, 59.6144, 1.7607, 3.1214
9.6150, 4.87e-05, 6620.8915, 59.6060, 1.7604, 3.0335
9.6200, 5.09e-05, 6620.9152, 59.5976, 1.7602, 2.9455
9.6250, 4.87e-05, 6620.9384, 59.5894, 1.7599, 2.8576
9.6300, 4.99e-05, 6620.9612, 59.5812, 1.7597, 2.7697
9.6350, 5.96e-05, 6620.9834, 59.5730, 1.7594, 2.6817
9.6400, 5.26e-05, 6621.0053, 59.5650, 1.7592, 2.5938
9.6450, 5.37e-05, 6621.0266, 59.5570, 1.7589, 2.5058
9.6500, 4.88e-05, 6621.0476, 59.5491, 1.7587, 2.4178
9.6550, 4.87e-05, 6621.0680, 59.5413, 1.7584, 2.3298
9.6600, 5.11e-05, 6621.0880, 59.5336, 1.7582, 2.2418
9.6650, 4.83e-05, 6621.1076, 59.5259, 1.7580, 2.1538
9.6700, 5.92e-05, 6621.1266, 59.5183, 1.7577, 2.0658
9.6750, 5.29e-05, 6621.1452, 59.5108, 1.7575, 1.9778
9.6800, 4.93e-05, 6621.1634, 59.5033, 1.7573, 1.8898
9.6850, 4.88e-05, 6621.1811, 59.4960, 1.7571, 1.8017
9.6900, 4.87e-05, 6621.1984, 59.4887, 1.7569, 1.7137
9.6950, 5.09e-05, 6621.2151, 59.4815, 1.7566, 1.6256
9.7000, 4.89e-05, 6621.2315, 59.4743, 1.7564, 1.5376
9.7050, 5.98e-05, 6621.2473, 59.4673, 1.7562, 1.4495
9.7100, 5.07e-05, 6621.2628, 59.4603, 1.7560, 1.3614
9.7150, 5.13e-05, 6621.2777, 59.4534, 1.7558, 1.2733
9.7200, 5.04e-05, 6621.2922, 59.4466, 1.7556, 1.1852
9.7250, 4.88e-05, 6621.3062, 59.4398, 1.7554, 1.0971
9.7300, 5.26e-05, 6621.3198, 59.4331, 1.7552, 1.0090
9.7350, 5.97e-05, 6621.3330, 59.4265, 1.7550, 0.9209
9.7400, 6.02e-05, 6621.3456, 59.4200, 1.7549, 0.8328
9.7450, 5.06e-05, 6621.3578, 59.4136, 1.7547, 0.7447
9.7500, 5.11e-05, 6621.3696, 59.4072, 1.7545, 0.6565
9.7550, 4.91e-05, 6621.3809, 59.4009, 1.7543, 0.5684
9.7600, 4.95e-05, 6621.3917, 59.3947, 1.7541, 0.4803
9.7650, 4.87e-05, 6621.4021, 59.3885, 1.7540, 0.3921
9.7700, 5.11e-05, 6621.4120, 59.3825, 1.7538, 0.3039
9.7750, 5.95e-05, 6621.4215, 59.3765, 1.7536, 0.2158
9.7800, 5.07e-05, 6621.4305, 59.3706, 1.7535, 0.1276
9.7850, 4.92e-05, 6621.4390, 59.3647, 1.7533, 0.0394
9.7900, 5.1e-05, 6621.4471, 59.3590, 1.7532, -0.0488
9.7950, 4.9e-05, 6621.4548, 59.3533, 1.7530, -0.1369
9.8000, 4.9e-05, 6621.4619, 59.3477, 1.7529, -0.2251
9.8050, 5.14e-05, 6621.4687, 59.3421, 1.7527, -0.3133
9.8100, 5.98e-05, 6621.4749, 59.3367, 1.7526, -0.4016
9.8150, 5.34e-05, 6621.4807, 59.3313, 1.7525, -0.4898
9.8200, 4.91e-05, 6621.4861, 59.3260, 1.7523, -0.5780
9.8250, 5.11e-05, 6621.4910, 59.3208, 1.7522, -0.6662
9.8300, 4.91e-05, 6621.4954, 59.3156, 1.7521, -0.7544
9.8350, 4.92e-05, 6621.4994, 59.3105, 1.7519, -0.8427
9.8400, 4.84e-05, 6621.5029, 59.3055, 1.7518, -0.9309
9.8450, 6.18e-05, 6621.5060, 59.3006, 1.7517, -1.0192
9.8500, 5.04e-05, 6621.5086, 59.2958, 1.7516, -1.1074
9.8550, 4.89e-05, 6621.5108, 59.2910, 1.7515, -1.1957
9.8600, 5.17e-05, 6621.5125, 59.2863, 1.7514, -1.2839
9.8650, 4.87e-05, 6621.5137, 59.2817, 1.7513, -1.3722
9.8700, 4.89e-05, 6621.5145, 59.2771, 1.7512, -1.4605
9.8750, 4.9e-05, 6621.5148, 59.2727, 1.7511, -1.5487
9.8800, 6.2e-05, 6621.5147, 59.2683, 1.7510, -1.6370
9.8850, 5.05e-05, 6621.5141, 59.2640, 1.7509, -1.7253
9.8900, 4.89e-05, 6621.5131, 59.2597, 1.7508, -1.8136
9.8950, 4.93e-05, 6621.5116, 59.2555, 1.7507, -1.9019
9.9000, 5.76e-05, 6621.5097, 59.2515, 1.7506, -1.9902
9.9050, 4.89e-05, 6621.5073, 59.2474, 1.7506, -2.0785
9.9100, 5.02e-05, 6621.5044, 59.2435, 1.7505, -2.1668
9.9150, 6e-05, 6621.5011, 59.2396, 1.7504, -2.2551
9.9200, 5.25e-05, 6621.4974, 59.2359, 1.7503, -2.3434
9.9250, 4.92e-05, 6621.4931, 59.2321, 1.7503, -2.4317
9.9300, 4.91e-05, 6621.4885, 59.2285, 1.7502, -2.5200
9.9350, 5.13e-05, 6621.4833, 59.2250, 1.7502, -2.6083
9.9400, 4.89e-05, 6621.4777, 59.2215, 1.7501, -2.6966
9.9450, 4.91e-05, 6621.4717, 59.2181, 1.7500, -2.7850
9.9500, 5.94e-05, 6621.4652, 59.2147, 1.7500, -2.8733
9.9550, 5.29e-05, 6621.4582, 59.2115, 1.7500, -2.9616
9.9600, 4.97e-05, 6621.4508, 59.2083, 1.7499, -3.0500
9.9650, 4.89e-05, 6621.4430, 59.2052, 1.7499, -3.1383
9.9700, 4.89e-05, 6621.4347, 59.2022, 1.7498, -3.2266
9.9750, 5.06e-05, 6621.4259, 59.1992, 1.7498, -3.3150
9.9800, 4.89e-05, 6621.4167, 59.1963, 1.7498, -3.4033
9.9850, 0.0001298, 6621.4070, 59.1935, 1.7497, -3.4917
9.9900, 0.0001082, 6621.3969, 59.1908, 1.7497, -3.5800
9.9950, 8.69e-05, 6621.3863, 59.1882, 1.7497, -3.6684
10.0000, 0.0001017, 6621.3752, 59.1856, 1.7497, -3.7567
10.0050, 6.05e-05, 6621.3637, 59.1831, 1.7497, -3.8451
10.0100, 6.42e-05, 6621.3518, 59.1807, 1.7497, -3.9334
10.0150, 5.48e-05, 6621.3394, 59.1783, 1.7497, -4.0218
10.0200, 5.43e-05, 6621.3265, 59.1761, 1.7497, -4.1102
10.0250, 5.4e-05, 6621.3132, 59.1739, 1.7497, -4.1985
10.0300, 5.63e-05, 6621.2994, 59.1717, 1.7497, -4.2869
10.0350, 5.42e-05, 6621.2852, 59.1697, 1.7497, -4.3752
10.0400, 6.91e-05, 6621.2705, 59.1677, 1.7497, -4.4636
10.0450, 5.7e-05, 6621.2554, 59.1658, 1.7497, -4.5520
10.0500, 5.71e-05, 6621.2398, 59.1640, 1.7497, -4.6403
10.0550, 5.42e-05, 6621.2238, 59.1623, 1.7497, -4.7287
10.0600, 7.19e-05, 6621.2073, 59.1606, 1.7498, -4.8171
10.0650, 5.81e-05, 6621.1904, 59.1590, 1.7498, -4.9054
10.0700, 5.48e-05, 6621.1730, 59.1575, 1.7498, -4.9938
10.0750, 5.46e-05, 6621.1551, 59.1560, 1.7498, -5.0822
10.0800, 5.42e-05, 6621.1368, 59.1547, 1.7499, -5.1706
10.0850, 5.66e-05, 6621.1180, 59.1534, 1.7499, -5.2589
10.0900, 5.42e-05, 6621.0988, 59.1522, 1.7500, -5.3473
10.0950, 5.41e-05, 6621.0792, 59.1510, 1.7500, -5.4357
10.1000, 5.37e-05, 6621.0590, 59.1500, 1.7501, -5.5240
10.1050, 5.59e-05, 6621.0385, 59.1490, 1.7501, -5.6124
10.1100, 5.4e-05, 6621.0174, 59.1481, 1.7502, -5.7008
10.1150, 6.6e-05, 6620.9960, 59.1472, 1.7502, -5.7891
10.1200, 6.4e-05, 6620.9740, 59.1464, 1.7503, -5.8775
10.1250, 5.45e-05, 6620.9517, 59.1458, 1.7503, -5.9659
10.1300, 5.41e-05, 6620.9288, 59.1451, 1.7504, -6.0543
10.1350, 5.41e-05, 6620.9055, 59.1446, 1.7505, -6.1426
10.1400, 5.68e-05, 6620.8818, 59.1441, 1.7506, -6.2310
10.1450, 5.4e-05, 6620.8576, 59.1437, 1.7506, -6.3194
10.1500, 5.38e-05, 6620.8329, 59.1434, 1.7507, -6.4077
10.1550, 5.38e-05, 6620.8078, 59.1432, 1.7508, -6.4961
10.1600, 5.59e-05, 6620.7823, 59.1430, 1.7509, -6.5845
10.1650, 5.41e-05, 6620.7563, 59.1429, 1.7510, -6.6728
10.1700, 5.43e-05, 6620.7298, 59.1429, 1.7511, -6.7612
10.1750, 5.41e-05, 6620.7029, 59.1430, 1.7512, -6.8495
10.1800, 5.61e-05, 6620.6756, 59.1431, 1.7513, -6.9379
10.1850, 5.51e-05, 6620.6477, 59.1433, 1.7514, -7.0263
10.1900, 5.41e-05, 6620.6195, 59.1436, 1.7515, -7.1146
10.1950, 9.87e-05, 6620.5908, 59.1439, 1.7516, -7.2030
10.2000, 9.02e-05, 6620.5616, 59.1444, 1.7517, -7.2913
10.2050, 9.44e-05, 6620.5320, 59.1449, 1.7518, -7.3797
10.2100, 8.94e-05, 6620.5019, 59.1455, 1.7520, -7.4680
10.2150, 9.45e-05, 6620.4714, 59.1461, 1.7521, -7.5563
10.2200, 9.31e-05, 6620.4404, 59.1469, 1.7522, -7.6447
10.2250, 0.0001111, 6620.4089, 59.1477, 1.7523, -7.7330
10.2300, 9.16e-05, 6620.3771, 59.1485, 1.7525, -7.8214
10.2350, 9.65e-05, 6620.3447, 59.1495, 1.7526, -7.9097
10.2400, 7.68e-05, 6620.3119, 59.1505, 1.7527, -7.9980
10.2450, 5.59e-05, 6620.2787, 59.1516, 1.7529, -8.0864
10.2500, 6.67e-05, 6620.2450, 59.1528, 1.7530, -8.1747
10.2550, 5.06e-05, 6620.2109, 59.1541, 1.7532, -8.2630
10.2600, 4.86e-05, 6620.1763, 59.1554, 1.7533, -8.3513
10.2650, 4.92e-05, 6620.1412, 59.1568, 1.7535, -8.4396
10.2700, 5.17e-05, 6620.1057, 59.1583, 1.7536, -8.5279
10.2750, 4.84e-05, 6620.0698, 59.1598, 1.7538, -8.6163
10.2800, 4.85e-05, 6620.0334, 59.1614, 1.7540, -8.7046
10.2850, 6.03e-05, 6619.9965, 59.1631, 1.7541, -8.7929
10.2900, 5.28e-05, 6619.9592, 59.1649, 1.7543, -8.8812
10.2950, 4.96e-05, 6619.9215, 59.1667, 1.7545, -8.9695
10.3000, 4.87e-05, 6619.8833, 59.1687, 1.7547, -9.0577
10.3050, 5.05e-05, 6619.8446, 59.1706, 1.7548, -9.1460
10.3100, 4.82e-05, 6619.8055, 59.1727, 1.7550, -9.2343
10.3150, 4.83e-05, 6619.7659, 59.1749, 1.7552, -9.3226
10.3200, 6.44e-05, 6619.7259, 59.1771, 1.7554, -9.4109
10.3250, 5.7e-05, 6619.6855, 59.1794, 1.7556, -9.4991
10.3300, 5.46e-05, 6619.6446, 59.1817, 1.7558, -9.5874
10.3350, 5.41e-05, 6619.6032, 59.1842, 1.7560, -9.6756
10.3400, 5.42e-05, 6619.5614, 59.1867, 1.7562, -9.7639
10.3450, 5.62e-05, 6619.5191, 59.1892, 1.7564, -9.8522
10.3500, 6.33e-05, 6619.4764, 59.1919, 1.7566, -9.9404
10.3550, 4.93e-05, 6619.4332, 59.1946, 1.7568, -10.0286
10.3600, 4.88e-05, 6619.3896, 59.1974, 1.7570, -10.1169
10.3650, 5.12e-05, 6619.3456, 59.2003, 1.7573, -10.2051
10.3700, 4.83e-05, 6619.3010, 59.2033, 1.7575, -10.2933
10.3750, 4.85e-05, 6619.2561, 59.2063, 1.7577, -10.3815
10.3800, 5.15e-05, 6619.2107, 59.2094, 1.7579, -10.4697
10.3850, 6.37e-05, 6619.1648, 59.2126, 1.7582, -10.5580
10.3900, 4.96e-05, 6619.1185, 59.2158, 1.7584, -10.6462
10.3950, 4.87e-05, 6619.0717, 59.2191, 1.7586, -10.7344
10.4000, 6.68e-05, 6619.0245, 59.2225, 1.7589, -10.8225
10.4050, 5.44e-05, 6618.9768, 59.2260, 1.7591, -10.9107
10.4100, 5.36e-05, 6618.9287, 59.2295, 1.7593, -10.9989
10.4150, 6.37e-05, 6618.8801, 59.2331, 1.7596, -11.0871
10.4200, 5.27e-05, 6618.8311, 59.2368, 1.7598, -11.1752
10.4250, 4.89e-05, 6618.7816, 59.2406, 1.7601, -11.2634
10.4300, 4.85e-05, 6618.7317, 59.2444, 1.7604, -11.3515
10.4350, 5.05e-05, 6618.6813, 59.2483, 1.7606, -11.4397
10.4400, 4.86e-05, 6618.6305, 59.2523, 1.7609, -11.5278
10.4450, 4.8e-05, 6618.5793, 59.2563, 1.7611, -11.6160
10.4500, 5.85e-05, 6618.5275, 59.2605, 1.7614, -11.7041
10.4550, 5.17e-05, 6618.4754, 59.2647, 1.7617, -11.7922
10.4600, 4.87e-05, 6618.4227, 59.2689, 1.7620, -11.8803
10.4650, 4.87e-05, 6618.3697, 59.2733, 1.7622, -11.9684
10.4700, 4.87e-05, 6618.3162, 59.2777, 1.7625, -12.0565
10.4750, 5.1e-05, 6618.2622, 59.2822, 1.7628, -12.1446
10.4800, 6.16e-05, 6618.2078, 59.2867, 1.7631, -12.2327
10.4850, 6.4e-05, 6618.1529, 59.2914, 1.7634, -12.3207
10.4900, 4.91e-05, 6618.0976, 59.2961, 1.7637, -12.4088
10.4950, 5.27e-05, 6618.0418, 59.3008, 1.7640, -12.4969
10.5000, 4.87e-05, 6617.9856, 59.3057, 1.7643, -12.5849
10.5050, 4.86e-05, 6617.9289, 59.3106, 1.7646, -12.6730
10.5100, 5.03e-05, 6617.8718, 59.3156, 1.7649, -12.7610
10.5150, 4.84e-05, 6617.8143, 59.3207, 1.7652, -12.8490
10.5200, 5.94e-05, 6617.7563, 59.3258, 1.7655, -12.9370
10.5250, 4.92e-05, 6617.6978, 59.3310, 1.7658, -13.0250
10.5300, 5.52e-05, 6617.6389, 59.3363, 1.7661, -13.1130
10.5350, 4.86e-05, 6617.5795, 59.3417, 1.7664, -13.2010
10.5400, 4.83e-05, 6617.5197, 59.3471, 1.7668, -13.2890
10.5450, 4.86e-05, 6617.4595, 59.3526, 1.7671, -13.3770
10.5500, 5.06e-05, 6617.3987, 59.3582, 1.7674, -13.4650
10.5550, 5.89e-05, 6617.3376, 59.3638, 1.7677, -13.5529
10.5600, 4.92e-05, 6617.2760, 59.3695, 1.7681, -13.6409
10.5650, 6.83e-05, 6617.2139, 59.3753, 1.7684, -13.7288
10.5700, 7.37e-05, 6617.1514, 59.3812, 1.7687, -13.8167
10.5750, 5.57e-05, 6617.0885, 59.3871, 1.7691, -13.9047
10.5800, 5.36e-05, 6617.0251, 59.3931, 1.7694, -13.9926
10.5850, 6.6e-05, 6616.9612, 59.3992, 1.7698, -14.0805
10.5900, 4.96e-05, 6616.8969, 59.4053, 1.7701, -14.1684
10.5950, 4.88e-05, 6616.8322, 59.4116, 1.7705, -14.2562
10.6000, 4.89e-05, 6616.7670, 59.4178, 1.7708, -14.3441
10.6050, 5.07e-05, 6616.7014, 59.4242, 1.7712, -14.4320
10.6100, 4.87e-05, 6616.6353, 59.4306, 1.7716, -14.5198
10.6150, 4.81e-05, 6616.5687, 59.4371, 1.7719, -14.6077
10.6200, 5.89e-05, 6616.5017, 59.4437, 1.7723, -14.6955
10.6250, 5.14e-05, 6616.4343, 59.4504, 1.7727, -14.7833
10.6300, 4.87e-05, 6616.3664, 59.4571, 1.7730, -14.8711
10.6350, 4.88e-05, 6616.2981, 59.4639, 1.7734, -14.9589
10.6400, 5.07e-05, 6616.2293, 59.4707, 1.7738, -15.0467
10.6450, 6.29e-05, 6616.1601, 59.4777, 1.7742, -15.1345
10.6500, 5.59e-05, 6616.0904, 59.4847, 1.7745, -15.2223
10.6550, 6.16e-05, 6616.0203, 59.4917, 1.7749, -15.3100
10.6600, 5.11e-05, 6615.9497, 59.4989, 1.7753, -15.3978
10.6650, 4.85e-05, 6615.8787, 59.5061, 1.7757, -15.4855
10.6700, 4.81e-05, 6615.8072, 59.5134, 1.7761, -15.5732
10.6750, 4.79e-05, 6615.7353, 59.5207, 1.7765, -15.6610
10.6800, 5.03e-05, 6615.6629, 59.5282, 1.7769, -15.7487
10.6850, 4.84e-05, 6615.5901, 59.5357, 1.7773, -15.8363
10.6900, 6e-05, 6615.5168, 59.5432, 1.7777, -15.9240
10.6950, 5.05e-05, 6615.4431, 59.5509, 1.7781, -16.0117
10.7000, 4.84e-05, 6615.3690, 59.5586, 1.7785, -16.0994
10.7050, 4.81e-05, 6615.2944, 59.5664, 1.7789, -16.1870
10.7100, 4.82e-05, 6615.2193, 59.5742, 1.7793, -16.2746
10.7150, 5.03e-05, 6615.1438, 59.5822, 1.7798, -16.3623
10.7200, 4.81e-05, 6615.0679, 59.5901, 1.7802, -16.4499
10.7250, 5.92e-05, 6614.9915, 59.5982, 1.7806, -16.5375
10.7300, 6.62e-05, 6614.9146, 59.6063, 1.7810, -16.6251
10.7350, 5.69e-05, 6614.8373, 59.6145, 1.7815, -16.7126
10.7400, 5.37e-05, 6614.7596, 59.6228, 1.7819, -16.8002
10.7450, 5.38e-05, 6614.6814, 59.6312, 1.7823, -16.8877
10.7500, 5.62e-05, 6614.6028, 59.6396, 1.7828, -16.9753
10.7550, 6.37e-05, 6614.5237, 59.6481, 1.7832, -17.0628
10.7600, 5.03e-05, 6614.4442, 59.6566, 1.7836, -17.1503
10.7650, 4.86e-05, 6614.3642, 59.6652, 1.7841, -17.2378
10.7700, 5.06e-05, 6614.2838, 59.6739, 1.7845, -17.3253
10.7750, 4.87e-05, 6614.2029, 59.6827, 1.7850, -17.4128
10.7800, 4.81e-05, 6614.1216, 59.6915, 1.7854, -17.5002
10.7850, 4.83e-05, 6614.0398, 59.7004, 1.7859, -17.5877
10.7900, 6.03e-05, 6613.9576, 59.7094, 1.7863, -17.6751
10.7950, 4.99e-05, 6613.8750, 59.7185, 1.7868, -17.7625
10.8000, 4.84e-05, 6613.7919, 59.7276, 1.7872, -17.8499
10.8050, 4.82e-05, 6613.7083, 59.7367, 1.7877, -17.9373
10.8100, 6.33e-05, 6613.6243, 59.7460, 1.7882, -18.0247
10.8150, 5.57e-05, 6613.5399, 59.7553, 1.7886, -18.1121
10.8200, 5.38e-05, 6613.4550, 59.7647, 1.7891, -18.1994
10.8250, 6.39e-05, 6613.3696, 59.7742, 1.7896, -18.2868
10.8300, 4.95e-05, 6613.2838, 59.7837, 1.7900, -18.3741
10.8350, 4.84e-05, 6613.1976, 59.7933, 1.7905, -18.4614
10.8400, 4.81e-05, 6613.1109, 59.8030, 1.7910, -18.5487
10.8450, 5.04e-05, 6613.0238, 59.8127, 1.7915, -18.6360
10.8500, 4.82e-05, 6612.9362, 59.8225, 1.7920, -18.7233
10.8550, 4.86e-05, 6612.8482, 59.8324, 1.7925, -18.8105
10.8600, 5.92e-05, 6612.7598, 59.8423, 1.7929, -18.8977
10.8650, 5.44e-05, 6612.6708, 59.8523, 1.7934, -18.9850
10.8700, 4.82e-05, 6612.5815, 59.8624, 1.7939, -19.0722
10.8750, 4.8e-05, 6612.4917, 59.8725, 1.7944, -19.1594
10.8800, 5.88e-05, 6612.4014, 59.8828, 1.7949, -19.2466
10.8850, 4.88e-05, 6612.3107, 59.8930, 1.7954, -19.3337
10.8900, 4.83e-05, 6612.2196, 59.9034, 1.7959, -19.4209
10.8950, 7.44e-05, 6612.1280, 59.9138, 1.7964, -19.5080
10.9000, 5.63e-05, 6612.0360, 59.9243, 1.7969, -19.5951
10.9050, 5.39e-05, 6611.9435, 59.9349, 1.7974, -19.6823
10.9100, 5.38e-05, 6611.8505, 59.9455, 1.7980, -19.7693
10.9150, 5.36e-05, 6611.7572, 59.9562, 1.7985, -19.8564
10.9200, 5.55e-05, 6611.6634, 59.9669, 1.7990, -19.9435
10.9250, 6.8e-05, 6611.5691, 59.9778, 1.7995, -20.0305
10.9300, 5.07e-05, 6611.4744, 59.9887, 1.8000, -20.1176
10.9350, 4.9e-05, 6611.3792, 59.9996, 1.8005, -20.2046
10.9400, 5.13e-05, 6611.2836, 60.0107, 1.8011, -20.2916
10.9450, 4.88e-05, 6611.1876, 60.0218, 1.8016, -20.3786
10.9500, 4.92e-05, 6611.0911, 60.0329, 1.8021, -20.4655
10.9550, 5.07e-05, 6610.9941, 60.0442, 1.8027, -20.5525
10.9600, 5.98e-05, 6610.8967, 60.0555, 1.8032, -20.6394
10.9650, 4.97e-05, 6610.7989, 60.0669, 1.8037, -20.7263
10.9700, 4.89e-05, 6610.7006, 60.0783, 1.8043, -20.8133
10.9750, 6.84e-05, 6610.6019, 60.0898, 1.8048, -20.9001
10.9800, 5.57e-05, 6610.5027, 60.1014, 1.8053, -20.9870
10.9850, 5.36e-05, 6610.4031, 60.1130, 1.8059, -21.0739
10.9900, 6.42e-05, 6610.3030, 60.1247, 1.8064, -21.1607
10.9950, 5.24e-05, 6610.2025, 60.1365, 1.8070, -21.2475
11.0000, 4.91e-05, 6610.1016, 60.1483, 1.8075, -21.3343
11.0050, 4.87e-05, 6610.0002, 60.1603, 1.8081, -21.4211
11.0100, 5.1e-05, 6609.8983, 60.1722, 1.8086, -21.5079
11.0150, 4.84e-05, 6609.7960, 60.1843, 1.8092, -21.5947
11.0200, 4.82e-05, 6609.6933, 60.1964, 1.8098, -21.6814
11.0250, 5.87e-05, 6609.5901, 60.2086, 1.8103, -21.7681
11.0300, 5.22e-05, 6609.4865, 60.2208, 1.8109, -21.8548
11.0350, 4.85e-05, 6609.3824, 60.2331, 1.8114, -21.9415
11.0400, 5.25e-05, 6609.2779, 60.2455, 1.8120, -22.0282
11.0450, 4.83e-05, 6609.1729, 60.2579, 1.8126, -22.1148
11.0500, 5.04e-05, 6609.0675, 60.2704, 1.8131, -22.2015
11.0550, 6.44e-05, 6608.9617, 60.2830, 1.8137, -22.2881
11.0600, 6.31e-05, 6608.8554, 60.2957, 1.8143, -22.3747
11.0650, 4.91e-05, 6608.7487, 60.3084, 1.8149, -22.4613
11.0700, 5.1e-05, 6608.6415, 60.3212, 1.8154, -22.5479
11.0750, 4.91e-05, 6608.5338, 60.3340, 1.8160, -22.6344
11.0800, 4.85e-05, 6608.4258, 60.3469, 1.8166, -22.7209
11.0850, 5.03e-05, 6608.3172, 60.3599, 1.8172, -22.8074
11.0900, 4.82e-05, 6608.2083, 60.3729, 1.8178, -22.8939
11.0950, 5.91e-05, 6608.0989, 60.3860, 1.8184, -22.9804
11.1000, 4.88e-05, 6607.9890, 60.3992, 1.8190, -23.0669
11.1050, 5.03e-05, 6607.8787, 60.4124, 1.8196, -23.1533
11.1100, 4.82e-05, 6607.7680, 60.4257, 1.8201, -23.2397
11.1150, 4.83e-05, 6607.6568, 60.4391, 1.8207, -23.3262
11.1200, 4.94e-05, 6607.5451, 60.4525, 1.8213, -23.4125
11.1250, 5.04e-05, 6607.4330, 60.4660, 1.8219, -23.4989
11.1300, 5.85e-05, 6607.3205, 60.4796, 1.8225, -23.5853
11.1350, 4.94e-05, 6607.2076, 60.4932, 1.8231, -23.6716
11.1400, 6.87e-05, 6607.0941, 60.5069, 1.8237, -23.7579
11.1450, 5.41e-05, 6606.9803, 60.5207, 1.8243, -23.8442
11.1500, 5.36e-05, 6606.8660, 60.5345, 1.8250, -23.9305
11.1550, 5.38e-05, 6606.7512, 60.5484, 1.8256, -24.0167
11.1600, 6.61e-05, 6606.6360, 60.5623, 1.8262, -24.1030
11.1650, 5.05e-05, 6606.5204, 60.5764, 1.8268, -24.1892
11.1700, 4.86e-05, 6606.4043, 60.5904, 1.8274, -24.2754
11.1750, 4.87e-05, 6606.2878, 60.6046, 1.8280, -24.3616
11.1800, 5.05e-05, 6606.1708, 60.6188, 1.8286, -24.4477
11.1850, 4.84e-05, 6606.0534, 60.6331, 1.8293, -24.5339
11.1900, 4.83e-05, 6605.9356, 60.6474, 1.8299, -24.6200
11.1950, 6.04e-05, 6605.8173, 60.6618, 1.8305, -24.7061
11.2000, 4.98e-05, 6605.6985, 60.6763, 1.8311, -24.7922
11.2050, 4.85e-05, 6605.5793, 60.6908, 1.8318, -24.8783
11.2100, 4.82e-05, 6605.4597, 60.7054, 1.8324, -24.9643
11.2150, 5.02e-05, 6605.3396, 60.7201, 1.8330, -25.0503
11.2200, 6.82e-05, 6605.2191, 60.7348, 1.8337, -25.1363
11.2250, 0.0001272, 6605.0982, 60.7496, 1.8343, -25.2223
11.2300, 9.55e-05, 6604.9767, 60.7645, 1.8349, -25.3083
11.2350, 0.0001, 6604.8549, 60.7794, 1.8356, -25.3942
11.2400, 9.39e-05, 6604.7326, 60.7944, 1.8362, -25.4802
11.2450, 0.0001118, 6604.6099, 60.8094, 1.8368, -25.5661
11.2500, 9.54e-05, 6604.4867, 60.8245, 1.8375, -25.6520
11.2550, 9.97e-05, 6604.3631, 60.8397, 1.8381, -25.7378
11.2600, 9.45e-05, 6604.2390, 60.8550, 1.8388, -25.8237
11.2650, 9.42e-05, 6604.1145, 60.8703, 1.8394, -25.9095
11.2700, 6.11e-05, 6603.9895, 60.8856, 1.8401, -25.9953
11.2750, 5.53e-05, 6603.8641, 60.9011, 1.8407, -26.0811
11.2800, 5.41e-05, 6603.7383, 60.9166, 1.8414, -26.1669
11.2850, 5.45e-05, 6603.6120, 60.9321, 1.8420, -26.2526
11.2900, 6.76e-05, 6603.4853, 60.9477, 1.8427, -26.3384
11.2950, 5.12e-05, 6603.3581, 60.9634, 1.8433, -26.4241
11.3000, 4.89e-05, 6603.2305, 60.9791, 1.8440, -26.5097
11.3050, 4.84e-05, 6603.1024, 60.9950, 1.8446, -26.5954
11.3100, 5.11e-05, 6602.9739, 61.0108, 1.8453, -26.6811
11.3150, 4.81e-05, 6602.8450, 61.0268, 1.8460, -26.7667
11.3200, 4.89e-05, 6602.7156, 61.0428, 1.8466, -26.8523
11.3250, 6.08e-05, 6602.5858, 61.0588, 1.8473, -26.9379
11.3300, 4.98e-05, 6602.4555, 61.0749, 1.8479, -27.0234
11.3350, 4.84e-05, 6602.3248, 61.0911, 1.8486, -27.1090
11.3400, 5.13e-05, 6602.1936, 61.1074, 1.8493, -27.1945
11.3450, 5.94e-05, 6602.0620, 61.1237, 1.8500, -27.2800
11.3500, 5.41e-05, 6601.9300, 61.1400, 1.8506, -27.3655
11.3550, 5.39e-05, 6601.7975, 61.1565, 1.8513, -27.4509
11.3600, 5.15e-05, 6601.6645, 61.1730, 1.8520, -27.5363
11.3650, 5.15e-05, 6601.5312, 61.1895, 1.8526, -27.6218
11.3700, 4.89e-05, 6601.3973, 61.2061, 1.8533, -27.7071
11.3750, 4.88e-05, 6601.2631, 61.2228, 1.8540, -27.7925
11.3800, 4.85e-05, 6601.1284, 61.2396, 1.8547, -27.8779
11.3850, 5.06e-05, 6600.9932, 61.2564, 1.8554, -27.9632
11.3900, 4.85e-05, 6600.8577, 61.2732, 1.8560, -28.0485
11.3950, 5.1e-05, 6600.7216, 61.2901, 1.8567, -28.1338
11.4000, 5.7e-05, 6600.5852, 61.3071, 1.8574, -28.2190
11.4050, 4.85e-05, 6600.4482, 61.3242, 1.8581, -28.3043
11.4100, 4.87e-05, 6600.3109, 61.3413, 1.8588, -28.3895
11.4150, 4.81e-05, 6600.1731, 61.3585, 1.8595, -28.4747
11.4200, 5.25e-05, 6600.0348, 61.3757, 1.8602, -28.5599
11.4250, 8.81e-05, 6599.8962, 61.3930, 1.8609, -28.6450
11.4300, 9.16e-05, 6599.7570, 61.4103, 1.8615, -28.7302
11.4350, 8.91e-05, 6599.6175, 61.4278, 1.8622, -28.8153
11.4400, 9.73e-05, 6599.4775, 61.4452, 1.8629, -28.9003
11.4450, 0.0001026, 6599.3370, 61.4628, 1.8636, -28.9854
11.4500, 9.05e-05, 6599.1961, 61.4804, 1.8643, -29.0705
11.4550, 9.3e-05, 6599.0548, 61.4980, 1.8650, -29.1555
11.4600, 9.52e-05, 6598.9130, 61.5157, 1.8657, -29.2405
11.4650, 0.0001054, 6598.7708, 61.5335, 1.8664, -29.3254
11.4700, 9.59e-05, 6598.6281, 61.5514, 1.8671, -29.4104
11.4750, 6.66e-05, 6598.4850, 61.5693, 1.8678, -29.4953
11.4800, 5.47e-05, 6598.3415, 61.5872, 1.8685, -29.5802
11.4850, 5.41e-05, 6598.1975, 61.6052, 1.8692, -29.6651
11.4900, 6.5e-05, 6598.0531, 61.6233, 1.8699, -29.7500
11.4950, 5.17e-05, 6597.9082, 61.6415, 1.8706, -29.8348
11.5000, 4.89e-05, 6597.7629, 61.6597, 1.8714, -29.9196
11.5050, 4.83e-05, 6597.6171, 61.6779, 1.8721, -30.0044
11.5100, 4.85e-05, 6597.4709, 61.6962, 1.8728, -30.0892
11.5150, 5.05e-05, 6597.3243, 61.7146, 1.8735, -30.1740
11.5200, 4.86e-05, 6597.1772, 61.7330, 1.8742, -30.2587
11.5250, 6e-05, 6597.0297, 61.7515, 1.8749, -30.3434
11.5300, 5.12e-05, 6596.8818, 61.7701, 1.8756, -30.4281
11.5350, 4.94e-05, 6596.7334, 61.7887, 1.8763, -30.5127
11.5400, 4.81e-05, 6596.5845, 61.8074, 1.8771, -30.5974
11.5450, 4.83e-05, 6596.4352, 61.8261, 1.8778, -30.6820
11.5500, 6.55e-05, 6596.2855, 61.8449, 1.8785, -30.7666
11.5550, 6.55e-05, 6596.1353, 61.8638, 1.8792, -30.8511
11.5600, 5.11e-05, 6595.9847, 61.8827, 1.8799, -30.9357
11.5650, 4.89e-05, 6595.8337, 61.9017, 1.8807, -31.0202
11.5700, 5.11e-05, 6595.6822, 61.9207, 1.8814, -31.1047
11.5750, 4.83e-05, 6595.5303, 61.9398, 1.8821, -31.1892
11.5800, 5.01e-05, 6595.3779, 61.9589, 1.8828, -31.2736
11.5850, 5.06e-05, 6595.2251, 61.9781, 1.8836, -31.3580
11.5900, 5.84e-05, 6595.0719, 61.9974, 1.8843, -31.4424
11.5950, 5.08e-05, 6594.9182, 62.0167, 1.8850, -31.5268
11.6000, 4.87e-05, 6594.7640, 62.0361, 1.8857, -31.6112
11.6050, 7.68e-05, 6594.6095, 62.0555, 1.8865, -31.6955
11.6100, 4.86e-05, 6594.4545, 62.0750, 1.8872, -31.7798
11.6150, 4.87e-05, 6594.2990, 62.0946, 1.8879, -31.8641
11.6200, 4.86e-05, 6594.1431, 62.1142, 1.8887, -31.9483
11.6250, 6.05e-05, 6593.9868, 62.1339, 1.8894, -32.0326
11.6300, 6.21e-05, 6593.8300, 62.1536, 1.8901, -32.1168
11.6350, 5.57e-05, 6593.6728, 62.1734, 1.8909, -32.2010
11.6400, 5.6e-05, 6593.5151, 62.1932, 1.8916, -32.2852
11.6450, 5.38e-05, 6593.3570, 62.2131, 1.8923, -32.3693
11.6500, 5.37e-05, 6593.1985, 62.2331, 1.8931, -32.4534
11.6550, 6.42e-05, 6593.0395, 62.2531, 1.8938, -32.5375
11.6600, 5.53e-05, 6592.8801, 62.2732, 1.8945, -32.6216
11.6650, 4.83e-05, 6592.7203, 62.2933, 1.8953, -32.7056
11.6700, 6.58e-05, 6592.5600, 62.3135, 1.8960, -32.7896
11.6750, 4.84e-05, 6592.3992, 62.3337, 1.8968, -32.8736
11.6800, 5.06e-05, 6592.2381, 62.3540, 1.8975, -32.9576
11.6850, 4.82e-05, 6592.0765, 62.3744, 1.8983, -33.0416
11.6900, 5.86e-05, 6591.9144, 62.3948, 1.8990, -33.1255
11.6950, 5.09e-05, 6591.7519, 62.4153, 1.8997, -33.2094
11.7000, 5.06e-05, 6591.5890, 62.4358, 1.9005, -33.2933
11.7050, 4.85e-05, 6591.4256, 62.4564, 1.9012, -33.3771
11.7100, 5.15e-05, 6591.2618, 62.4770, 1.9020, -33.4609
11.7150, 6.03e-05, 6591.0976, 62.4977, 1.9027, -33.5447
11.7200, 5.39e-05, 6590.9329, 62.5185, 1.9035, -33.6285
11.7250, 6.15e-05, 6590.7677, 62.5393, 1.9042, -33.7123
11.7300, 4.9e-05, 6590.6022, 62.5601, 1.9050, -33.7960
11.7350, 5.08e-05, 6590.4362, 62.5811, 1.9057, -33.8797
11.7400, 4.85e-05, 6590.2697, 62.6020, 1.9065, -33.9634
11.7450, 4.95e-05, 6590.1028, 62.6231, 1.9072, -34.0471
11.7500, 4.8e-05, 6589.9355, 62.6442, 1.9080, -34.1307
11.7550, 6.6e-05, 6589.7677, 62.6653, 1.9087, -34.2143
11.7600, 5.07e-05, 6589.5995, 62.6865, 1.9095, -34.2979
11.7650, 4.94e-05, 6589.4309, 62.7078, 1.9102, -34.3814
11.7700, 5.11e-05, 6589.2618, 62.7291, 1.9110, -34.4650
11.7750, 4.85e-05, 6589.0923, 62.7505, 1.9117, -34.5485
11.7800, 4.85e-05, 6588.9223, 62.7719, 1.9125, -34.6320
11.7850, 4.82e-05, 6588.7520, 62.7934, 1.9132, -34.7154
11.7900, 6.93e-05, 6588.5811, 62.8149, 1.9140, -34.7988
11.7950, 5.26e-05, 6588.4098, 62.8365, 1.9148, -34.8823
11.8000, 4.88e-05, 6588.2381, 62.8581, 1.9155, -34.9656
11.8050, 4.88e-05, 6588.0660, 62.8798, 1.9163, -35.0490
11.8100, 5.02e-05, 6587.8934, 62.9016, 1.9170, -35.1323
11.8150, 4.84e-05, 6587.7204, 62.9234, 1.9178, -35.2156
11.8200, 4.85e-05, 6587.5469, 62.9452, 1.9186, -35.2989
11.8250, 5.9e-05, 6587.3730, 62.9672, 1.9193, -35.3822
11.8300, 5.24e-05, 6587.1987, 62.9891, 1.9201, -35.4654
11.8350, 4.91e-05, 6587.0239, 63.0111, 1.9208, -35.5486
11.8400, 4.9e-05, 6586.8487, 63.0332, 1.9216, -35.6318
11.8450, 5.06e-05, 6586.6730, 63.0554, 1.9224, -35.7150
11.8500, 4.87e-05, 6586.4969, 63.0775, 1.9231, -35.7981
11.8550, 4.84e-05, 6586.3204, 63.0998, 1.9239, -35.8812
11.8600, 5.79e-05, 6586.1434, 63.1221, 1.9247, -35.9643
11.8650, 5.2e-05, 6585.9660, 63.1444, 1.9254, -36.0474
11.8700, 4.86e-05, 6585.7882, 63.1668, 1.9262, -36.1304
11.8750, 6e-05, 6585.6099, 63.1893, 1.9269, -36.2134
11.8800, 5.59e-05, 6585.4312, 63.2118, 1.9277, -36.2964
11.8850, 5.6e-05, 6585.2520, 63.2344, 1.9285, -36.3793
11.8900, 5.36e-05, 6585.0725, 63.2570, 1.9292, -36.4623
11.8950, 6.26e-05, 6584.8924, 63.2797, 1.9300, -36.5452
11.9000, 5.22e-05, 6584.7120, 63.3024, 1.9308, -36.6281
11.9050, 4.92e-05, 6584.5311, 63.3252, 1.9315, -36.7109
11.9100, 4.84e-05, 6584.3497, 63.3480, 1.9323, -36.7938
11.9150, 4.85e-05, 6584.1679, 63.3709, 1.9331, -36.8766
11.9200, 5.08e-05, 6583.9857, 63.3938, 1.9339, -36.9593
11.9250, 4.86e-05, 6583.8031, 63.4168, 1.9346, -37.0421
11.9300, 5.89e-05, 6583.6200, 63.4398, 1.9354, -37.1248
11.9350, 4.94e-05, 6583.4365, 63.4629, 1.9362, -37.2075
11.9400, 5.08e-05, 6583.2525, 63.4861, 1.9369, -37.2902
11.9450, 4.87e-05, 6583.0681, 63.5093, 1.9377, -37.3729
11.9500, 4.83e-05, 6582.8833, 63.5325, 1.9385, -37.4555
11.9550, 4.81e-05, 6582.6980, 63.5558, 1.9392, -37.5381
11.9600, 6.28e-05, 6582.5123, 63.5792, 1.9400, -37.6207
11.9650, 6.31e-05, 6582.3262, 63.6026, 1.9408, -37.7032
11.9700, 4.95e-05, 6582.1396, 63.6261, 1.9416, -37.7857
11.9750, 5.34e-05, 6581.9526, 63.6496, 1.9423, -37.8682
11.9800, 4.83e-05, 6581.7651, 63.6731, 1.9431, -37.9507
11.9850, 4.86e-05, 6581.5772, 63.6967, 1.9439, -38.0332
11.9900, 4.86e-05, 6581.3889, 63.7204, 1.9447, -38.1156
11.9950, 5.18e-05, 6581.2001, 63.7441, 1.9454, -38.1980
12.0000, 6.07e-05, 6581.0109, 63.7679, 1.9462, -38.2803
12.0050, 4.9e-05, 6580.8213, 63.7917, 1.9470, -38.3627
12.0100, 4.86e-05, 6580.6312, 63.8156, 1.9477, -38.4450
12.0150, 5.12e-05, 6580.4407, 63.8395, 1.9485, -38.5273
12.0200, 4.82e-05, 6580.2498, 63.8635, 1.9493, -38.6096
12.0250, 4.86e-05, 6580.0584, 63.8875, 1.9501, -38.6918
12.0300, 5.03e-05, 6579.8666, 63.9116, 1.9508, -38.7740
12.0350, 5.93e-05, 6579.6744, 63.9357, 1.9516, -38.8562
12.0400, 4.91e-05, 6579.4817, 63.9599, 1.9524, -38.9384
12.0450, 6.56e-05, 6579.2886, 63.9841, 1.9532, -39.0205
12.0500, 5.64e-05, 6579.0950, 64.0084, 1.9539, -39.1026
12.0550, 5.49e-05, 6578.9011, 64.0327, 1.9547, -39.1847
12.0600, 5.35e-05, 6578.7066, 64.0571, 1.9555, -39.2668
12.0650, 6.43e-05, 6578.5118, 64.0816, 1.9563, -39.3488
12.0700, 5.24e-05, 6578.3165, 64.1060, 1.9571, -39.4308
12.0750, 4.88e-05, 6578.1208, 64.1306, 1.9578, -39.5128
12.0800, 4.88e-05, 6577.9246, 64.1552, 1.9586, -39.5948
12.0850, 5.05e-05, 6577.7280, 64.1798, 1.9594, -39.6767
12.0900, 4.88e-05, 6577.5310, 64.2045, 1.9602, -39.7586
12.0950, 4.8e-05, 6577.3335, 64.2292, 1.9609, -39.8405
12.1000, 5.85e-05, 6577.1356, 64.2540, 1.9617, -39.9223
12.1050, 5.17e-05, 6576.9373, 64.2788, 1.9625, -40.0042
12.1100, 4.86e-05, 6576.7385, 64.3037, 1.9633, -40.0860
12.1150, 4.85e-05, 6576.5393, 64.3286, 1.9641, -40.1677
12.1200, 4.83e-05, 6576.3397, 64.3536, 1.9648, -40.2495
12.1250, 6.22e-05, 6576.1396, 64.3786, 1.9656, -40.3312
12.1300, 5.56e-05, 6575.9391, 64.4037, 1.9664, -40.4129
12.1350, 6.32e-05, 6575.7382, 64.4288, 1.9672, -40.4946
12.1400, 5.01e-05, 6575.5368, 64.4540, 1.9679, -40.5762
12.1450, 5.09e-05, 6575.3350, 64.4792, 1.9687, -40.6578
12.1500, 4.85e-05, 6575.1328, 64.5045, 1.9695, -40.7394
12.1550, 4.84e-05, 6574.9301, 64.5298, 1.9703, -40.8210
12.1600, 5.05e-05, 6574.7270, 64.5552, 1.9711, -40.9025
12.1650, 4.83e-05, 6574.5235, 64.5806, 1.9718, -40.9840
12.1700, 5.97e-05, 6574.3195, 64.6061, 1.9726, -41.0655
12.1750, 4.96e-05, 6574.1151, 64.6316, 1.9734, -41.1470
12.1800, 5.11e-05, 6573.9103, 64.6572, 1.9742, -41.2284
12.1850, 4.86e-05, 6573.7050, 64.6828, 1.9749, -41.3098
12.1900, 4.85e-05, 6573.4993, 64.7084, 1.9757, -41.3912
12.1950, 4.83e-05, 6573.2932, 64.7341, 1.9765, -41.4726
12.2000, 5.02e-05, 6573.0866, 64.7599, 1.9773, -41.5539
12.2050, 5.84e-05, 6572.8796, 64.7857, 1.9781, -41.6352
12.2100, 6.13e-05, 6572.6722, 64.8116, 1.9788, -41.7165
12.2150, 5.84e-05, 6572.4644, 64.8375, 1.9796, -41.7977
12.2200, 5.38e-05, 6572.2561, 64.8634, 1.9804, -41.8790
12.2250, 5.38e-05, 6572.0473, 64.8894, 1.9812, -41.9602
12.2300, 5.36e-05, 6571.8382, 64.9154, 1.9820, -42.0413
12.2350, 6.6e-05, 6571.6286, 64.9415, 1.9827, -42.1225
12.2400, 5.03e-05, 6571.4186, 64.9677, 1.9835, -42.2036
12.2450, 4.9e-05, 6571.2081, 64.9939, 1.9843, -42.2847
12.2500, 4.87e-05, 6570.9972, 65.0201, 1.9851, -42.3658
12.2550, 6.1e-05, 6570.7859, 65.0464, 1.9858, -42.4468
12.2600, 4.85e-05, 6570.5742, 65.0727, 1.9866, -42.5278
12.2650, 4.85e-05, 6570.3620, 65.0991, 1.9874, -42.6088
12.2700, 5.84e-05, 6570.1494, 65.1255, 1.9882, -42.6898
12.2750, 5.18e-05, 6569.9363, 65.1519, 1.9890, -42.7707
12.2800, 4.84e-05, 6569.7228, 65.1785, 1.9897, -42.8516
12.2850, 4.83e-05, 6569.5089, 65.2050, 1.9905, -42.9325
12.2900, 6.4e-05, 6569.2946, 65.2316, 1.9913, -43.0134
12.2950, 5.66e-05, 6569.0798, 65.2583, 1.9921, -43.0942
12.3000, 5.36e-05, 6568.8646, 65.2850, 1.9928, -43.1750
12.3050, 6.16e-05, 6568.6490, 65.3117, 1.9936, -43.2558
12.3100, 5.13e-05, 6568.4330, 65.3385, 1.9944, -43.3366
12.3150, 4.85e-05, 6568.2165, 65.3653, 1.9952, -43.4173
12.3200, 4.88e-05, 6567.9995, 65.3922, 1.9960, -43.4980
12.3250, 4.87e-05, 6567.7822, 65.4191, 1.9967, -43.5787
12.3300, 5.06e-05, 6567.5644, 65.4461, 1.9975, -43.6593
12.3350, 4.98e-05, 6567.3462, 65.4731, 1.9983, -43.7399
12.3400, 5.91e-05, 6567.1276, 65.5002, 1.9991, -43.8205
12.3450, 5.14e-05, 6566.9085, 65.5273, 1.9998, -43.9011
12.3500, 4.87e-05, 6566.6890, 65.5545, 2.0006, -43.9816
12.3550, 4.87e-05, 6566.4691, 65.5816, 2.0014, -44.0622
12.3600, 4.83e-05, 6566.2487, 65.6089, 2.0022, -44.1426
12.3650, 5.04e-05, 6566.0279, 65.6362, 2.0029, -44.2231
12.3700, 4.87e-05, 6565.8067, 65.6635, 2.0037, -44.3035
12.3750, 0.00012, 6565.5850, 65.6909, 2.0045, -44.3840
12.3800, 0.0001072, 6565.3630, 65.7183, 2.0053, -44.4643
12.3850, 9.8e-05, 6565.1405, 65.7458, 2.0060, -44.5447
12.3900, 9.2e-05, 6564.9175, 65.7733, 2.0068, -44.6250
12.3950, 9.29e-05, 6564.6942, 65.8008, 2.0076, -44.7054
12.4000, 0.0001097, 6564.4704, 65.8284, 2.0084, -44.7856
12.4050, 9.03e-05, 6564.2461, 65.8561, 2.0091, -44.8659
12.4100, 8.95e-05, 6564.0215, 65.8838, 2.0099, -44.9461
12.4150, 9.01e-05, 6563.7964, 65.9115, 2.0107, -45.0263
12.4200, 0.0001028, 6563.5709, 65.9393, 2.0114, -45.1065
12.4250, 9.13e-05, 6563.3450, 65.9671, 2.0122, -45.1866
12.4300, 8.99e-05, 6563.1186, 65.9950, 2.0130, -45.2668
12.4350, 8.99e-05, 6562.8918, 66.0229, 2.0138, -45.3469
12.4400, 9.53e-05, 6562.6646, 66.0508, 2.0145, -45.4269
12.4450, 8.97e-05, 6562.4369, 66.0788, 2.0153, -45.5070
12.4500, 9.01e-05, 6562.2089, 66.1068, 2.0161, -45.5870
12.4550, 8.76e-05, 6561.9804, 66.1349, 2.0169, -45.6670
12.4600, 9.82e-05, 6561.7514, 66.1630, 2.0176, -45.7470
12.4650, 9.23e-05, 6561.5221, 66.1912, 2.0184, -45.8269
12.4700, 9.61e-05, 6561.2923, 66.2194, 2.0192, -45.9068
12.4750, 9.15e-05, 6561.0621, 66.2477, 2.0199, -45.9867
12.4800, 9.69e-05, 6560.8314, 66.2760, 2.0207, -46.0666
12.4850, 9.31e-05, 6560.6004, 66.3043, 2.0215, -46.1464
12.4900, 9.05e-05, 6560.3689, 66.3327, 2.0223, -46.2262
12.4950, 9.23e-05, 6560.1370, 66.3611, 2.0230, -46.3060
12.5000, 9.3e-05, 6559.9046, 66.3895, 2.0238, -46.3858
12.5050, 8.99e-05, 6559.6718, 66.4181, 2.0246, -46.4655
12.5100, 9.51e-05, 6559.4386, 66.4466, 2.0253, -46.5452
12.5150, 9.85e-05, 6559.2050, 66.4752, 2.0261, -46.6249
12.5200, 9.21e-05, 6558.9710, 66.5038, 2.0269, -46.7046
12.5250, 9.04e-05, 6558.7365, 66.5325, 2.0277, -46.7842
12.5300, 9.2e-05, 6558.5016, 66.5612, 2.0284, -46.8638
12.5350, 0.0001109, 6558.2663, 66.5900, 2.0292, -46.9434
12.5400, 9.1e-05, 6558.0305, 66.6188, 2.0300, -47.0229
12.5450, 9.25e-05, 6557.7943, 66.6476, 2.0307, -47.1025
12.5500, 9.2e-05, 6557.5577, 66.6765, 2.0315, -47.1820
12.5550, 0.0001165, 6557.3207, 66.7054, 2.0323, -47.2614
12.5600, 9.21e-05, 6557.0832, 66.7344, 2.0330, -47.3409
12.5650, 9.03e-05, 6556.8454, 66.7634, 2.0338, -47.4203
12.5700, 9.41e-05, 6556.6071, 66.7924, 2.0346, -47.4997
12.5750, 9.93e-05, 6556.3683, 66.8215, 2.0353, -47.5791
12.5800, 9.03e-05, 6556.1292, 66.8506, 2.0361, -47.6584
12.5850, 8.18e-05, 6555.8896, 66.8798, 2.0369, -47.7378
12.5900, 0.0001105, 6555.6496, 66.9090, 2.0376, -47.8170
12.5950, 9.22e-05, 6555.4092, 66.9383, 2.0384, -47.8963
12.6000, 9.14e-05, 6555.1683, 66.9676, 2.0392, -47.9756
12.6050, 0.0001012, 6554.9270, 66.9969, 2.0399, -48.0548
12.6100, 0.0001115, 6554.6853, 67.0263, 2.0407, -48.1340
12.6150, 9.25e-05, 6554.4432, 67.0557, 2.0415, -48.2131
12.6200, 9.03e-05, 6554.2007, 67.0851, 2.0422, -48.2923
12.6250, 9.3e-05, 6553.9577, 67.1146, 2.0430, -48.3714
12.6300, 0.0001118, 6553.7143, 67.1442, 2.0438, -48.4505
12.6350, 9.16e-05, 6553.4705, 67.1737, 2.0445, -48.5295
12.6400, 9.88e-05, 6553.2263, 67.2033, 2.0453, -48.6086
12.6450, 0.0001263, 6552.9816, 67.2330, 2.0461, -48.6876
12.6500, 9.28e-05, 6552.7365, 67.2627, 2.0468, -48.7666
12.6550, 9.14e-05, 6552.4910, 67.2924, 2.0476, -48.8455
12.6600, 9.23e-05, 6552.2451, 67.3222, 2.0484, -48.9245
12.6650, 0.0001099, 6551.9987, 67.3520, 2.0491, -49.0034
12.6700, 9.22e-05, 6551.7519, 67.3818, 2.0499, -49.0823
12.6750, 8.89e-05, 6551.5047, 67.4117, 2.0507, -49.1611
12.6800, 8.36e-05, 6551.2571, 67.4416, 2.0514, -49.2399
12.6850, 0.0001104, 6551.0091, 67.4716, 2.0522, -49.3188
12.6900, 9.13e-05, 6550.7606, 67.5016, 2.0529, -49.3975
12.6950, 9.19e-05, 6550.5117, 67.5317, 2.0537, -49.4763
12.7000, 9.23e-05, 6550.2624, 67.5617, 2.0545, -49.5550
12.7050, 0.0001101, 6550.0127, 67.5919, 2.0552, -49.6337
12.7100, 9.19e-05, 6549.7626, 67.6220, 2.0560, -49.7124
12.7150, 9.04e-05, 6549.5120, 67.6522, 2.0567, -49.7911
12.7200, 9.11e-05, 6549.2610, 67.6825, 2.0575, -49.8697
12.7250, 0.0001096, 6549.0096, 67.7127, 2.0583, -49.9483
12.7300, 9.07e-05, 6548.7578, 67.7430, 2.0590, -50.0269
12.7350, 9.16e-05, 6548.5055, 67.7734, 2.0598, -50.1054
12.7400, 9.53e-05, 6548.2528, 67.8038, 2.0605, -50.1839
12.7450, 9.6e-05, 6547.9997, 67.8342, 2.0613, -50.2624
12.7500, 9e-05, 6547.7462, 67.8647, 2.0620, -50.3409
12.7550, 9.27e-05, 6547.4923, 67.8952, 2.0628, -50.4193
12.7600, 0.000108, 6547.2379, 67.9257, 2.0636, -50.4978
12.7650, 9.23e-05, 6546.9832, 67.9563, 2.0643, -50.5762
12.7700, 8.95e-05, 6546.7280, 67.9869, 2.0651, -50.6545
12.7750, 9e-05, 6546.4724, 68.0175, 2.0658, -50.7329
12.7800, 0.0001123, 6546.2163, 68.0482, 2.0666, -50.8112
12.7850, 9.84e-05, 6545.9599, 68.0790, 2.0673, -50.8895
12.7900, 9.4e-05, 6545.7030, 68.1097, 2.0681, -50.9678
12.7950, 9.11e-05, 6545.4457, 68.1405, 2.0688, -51.0460
12.8000, 0.0001092, 6545.1880, 68.1714, 2.0696, -51.1242
12.8050, 9.11e-05, 6544.9299, 68.2022, 2.0703, -51.2024
12.8100, 9.25e-05, 6544.6714, 68.2331, 2.0711, -51.2806
12.8150, 9.05e-05, 6544.4124, 68.2641, 2.0718, -51.3587
12.8200, 0.0001076, 6544.1531, 68.2951, 2.0726, -51.4368
12.8250, 8.91e-05, 6543.8933, 68.3261, 2.0733, -51.5149
12.8300, 0.0001006, 6543.6330, 68.3571, 2.0741, -51.5930
12.8350, 9.28e-05, 6543.3724, 68.3882, 2.0748, -51.6710
12.8400, 9.53e-05, 6543.1114, 68.4194, 2.0756, -51.7491
12.8450, 9.1e-05, 6542.8499, 68.4505, 2.0763, -51.8270
12.8500, 9.18e-05, 6542.5880, 68.4817, 2.0771, -51.9050
12.8550, 0.0001086, 6542.3257, 68.5130, 2.0778, -51.9829
12.8600, 9.14e-05, 6542.0630, 68.5442, 2.0786, -52.0609
12.8650, 9.12e-05, 6541.7999, 68.5755, 2.0793, -52.1387
12.8700, 8.97e-05, 6541.5363, 68.6069, 2.0801, -52.2166
12.8750, 0.0001145, 6541.2724, 68.6383, 2.0808, -52.2944
12.8800, 9.13e-05, 6541.0080, 68.6697, 2.0815, -52.3723
12.8850, 9.39e-05, 6540.7432, 68.7011, 2.0823, -52.4500
12.8900, 9.11e-05, 6540.4780, 68.7326, 2.0830, -52.5278
12.8950, 0.0001098, 6540.2124, 68.7641, 2.0838, -52.6055
12.9000, 9.31e-05, 6539.9463, 68.7957, 2.0845, -52.6833
12.9050, 9.32e-05, 6539.6799, 68.8273, 2.0853, -52.7609
12.9100, 8.88e-05, 6539.4130, 68.8589, 2.0860, -52.8386
12.9150, 0.000111, 6539.1457, 68.8905, 2.0867, -52.9162
12.9200, 9.31e-05, 6538.8780, 68.9222, 2.0875, -52.9938
12.9250, 9.21e-05, 6538.6099, 68.9540, 2.0882, -53.0714
12.9300, 9.02e-05, 6538.3414, 68.9857, 2.0889, -53.1490
12.9350, 9.34e-05, 6538.0725, 69.0175, 2.0897, -53.2265
12.9400, 9.14e-05, 6537.8031, 69.0493, 2.0904, -53.3040
12.9450, 8.94e-05, 6537.5333, 69.0812, 2.0911, -53.3815
12.9500, 0.0001053, 6537.2631, 69.1131, 2.0919, -53.4590
12.9550, 9.17e-05, 6536.9925, 69.1450, 2.0926, -53.5364
12.9600, 9.18e-05, 6536.7215, 69.1770, 2.0933, -53.6138
12.9650, 8.97e-05, 6536.4501, 69.2090, 2.0941, -53.6912
12.9700, 0.0001102, 6536.1783, 69.2410, 2.0948, -53.7685
12.9750, 9.37e-05, 6535.9060, 69.2731, 2.0955, -53.8459
12.9800, 8.79e-05, 6535.6334, 69.3052, 2.0963, -53.9232
12.9850, 9.14e-05, 6535.3603, 69.3373, 2.0970, -54.0005
12.9900, 0.0001099, 6535.0868, 69.3695, 2.0977, -54.0777
12.9950, 9.31e-05, 6534.8129, 69.4017, 2.0985, -54.1550
13.0000, 8.99e-05, 6534.5386, 69.4340, 2.0992, -54.2322
13.0050, 9.07e-05, 6534.2639, 69.4662, 2.0999, -54.3093
13.0100, 0.000105, 6533.9888, 69.4985, 2.1006, -54.3865
13.0150, 9.9e-05, 6533.7132, 69.5309, 2.1014, -54.4636
13.0200, 9.11e-05, 6533.4373, 69.5632, 2.1021, -54.5407
13.0250, 8.98e-05, 6533.1609, 69.5956, 2.1028, -54.6178
13.0300, 0.0001058, 6532.8841, 69.6281, 2.1035, -54.6949
13.0350, 9.23e-05, 6532.6069, 69.6605, 2.1043, -54.7719
13.0400, 8.94e-05, 6532.3293, 69.6930, 2.1050, -54.8489
13.0450, 8.92e-05, 6532.0513, 69.7255, 2.1057, -54.9259
13.0500, 9.55e-05, 6531.7729, 69.7581, 2.1064, -55.0028
13.0550, 9.03e-05, 6531.4941, 69.7907, 2.1071, -55.0798
13.0600, 9.47e-05, 6531.2148, 69.8233, 2.1078, -55.1567
13.0650, 0.0001525, 6530.9352, 69.8560, 2.1086, -55.2336
13.0700, 0.0001031, 6530.6551, 69.8887, 2.1093, -55.3104
13.0750, 9.71e-05, 6530.3747, 69.9214, 2.1100, -55.3873
13.0800, 9.9e-05, 6530.0938, 69.9541, 2.1107, -55.4641
13.0850, 9.74e-05, 6529.8125, 69.9869, 2.1114, -55.5408
13.0900, 9.86e-05, 6529.5308, 70.0197, 2.1121, -55.6176
13.0950, 9.58e-05, 6529.2487, 70.0526, 2.1129, -55.6943
13.1000, 0.0001002, 6528.9662, 70.0855, 2.1136, -55.7710
13.1050, 8.08e-05, 6528.6833, 70.1184, 2.1143, -55.8477
13.1100, 5.77e-05, 6528.4000, 70.1513, 2.1150, -55.9244
13.1150, 5.49e-05, 6528.1163, 70.1843, 2.1157, -56.0010
13.1200, 5.4e-05, 6527.8321, 70.2173, 2.1164, -56.0776
13.1250, 5.61e-05, 6527.5476, 70.2503, 2.1171, -56.1542
13.1300, 5.41e-05, 6527.2627, 70.2834, 2.1178, -56.2307
13.1350, 5.39e-05, 6526.9773, 70.3165, 2.1185, -56.3073
13.1400, 5.37e-05, 6526.6915, 70.3496, 2.1192, -56.3838
13.1450, 5.57e-05, 6526.4054, 70.3828, 2.1199, -56.4603
13.1500, 5.39e-05, 6526.1188, 70.4160, 2.1206, -56.5367
13.1550, 5.37e-05, 6525.8318, 70.4492, 2.1213, -56.6132
13.1600, 5.34e-05, 6525.5444, 70.4824, 2.1221, -56.6896
13.1650, 5.64e-05, 6525.2566, 70.5157, 2.1228, -56.7659
13.1700, 5.39e-05, 6524.9684, 70.5490, 2.1235, -56.8423
13.1750, 5.41e-05, 6524.6798, 70.5824, 2.1242, -56.9186
13.1800, 7.07e-05, 6524.3908, 70.6157, 2.1249, -56.9949
13.1850, 5.39e-05, 6524.1014, 70.6491, 2.1256, -57.0712
13.1900, 4.89e-05, 6523.8116, 70.6825, 2.1262, -57.1475
13.1950, 4.86e-05, 6523.5214, 70.7160, 2.1269, -57.2237
13.2000, 5.06e-05, 6523.2308, 70.7495, 2.1276, -57.2999
13.2050, 4.89e-05, 6522.9397, 70.7830, 2.1283, -57.3761
13.2100, 4.88e-05, 6522.6483, 70.8166, 2.1290, -57.4523
13.2150, 4.89e-05, 6522.3565, 70.8501, 2.1297, -57.5284
13.2200, 6.58e-05, 6522.0642, 70.8837, 2.1304, -57.6045
13.2250, 5.04e-05, 6521.7716, 70.9174, 2.1311, -57.6806
13.2300, 4.86e-05, 6521.4786, 70.9510, 2.1318, -57.7567
13.2350, 5.03e-05, 6521.1851, 70.9847, 2.1325, -57.8327
13.2400, 4.82e-05, 6520.8913, 71.0184, 2.1332, -57.9087
13.2450, 4.84e-05, 6520.5970, 71.0522, 2.1339, -57.9847
13.2500, 4.81e-05, 6520.3024, 71.0860, 2.1346, -58.0607
13.2550, 6.22e-05, 6520.0073, 71.1198, 2.1352, -58.1366
13.2600, 6.78e-05, 6519.7119, 71.1536, 2.1359, -58.2125
13.2650, 5.42e-05, 6519.4160, 71.1875, 2.1366, -58.2884
13.2700, 5.36e-05, 6519.1198, 71.2214, 2.1373, -58.3643
13.2750, 5.56e-05, 6518.8231, 71.2553, 2.1380, -58.4401
13.2800, 5.36e-05, 6518.5260, 71.2892, 2.1387, -58.5159
13.2850, 6.47e-05, 6518.2286, 71.3232, 2.1394, -58.5917
13.2900, 5.28e-05, 6517.9307, 71.3572, 2.1400, -58.6675
13.2950, 4.91e-05, 6517.6325, 71.3912, 2.1407, -58.7432
13.3000, 4.84e-05, 6517.3338, 71.4253, 2.1414, -58.8189
13.3050, 4.85e-05, 6517.0348, 71.4594, 2.1421, -58.8946
13.3100, 5.02e-05, 6516.7353, 71.4935, 2.1428, -58.9703
13.3150, 4.83e-05, 6516.4355, 71.5276, 2.1434, -59.0459
13.3200, 5.77e-05, 6516.1352, 71.5618, 2.1441, -59.1215
13.3250, 5.05e-05, 6515.8346, 71.5960, 2.1448, -59.1971
13.3300, 5.07e-05, 6515.5335, 71.6302, 2.1455, -59.2727
13.3350, 4.82e-05, 6515.2321, 71.6645, 2.1461, -59.3482
13.3400, 6.06e-05, 6514.9302, 71.6987, 2.1468, -59.4237
13.3450, 5.53e-05, 6514.6280, 71.7330, 2.1475, -59.4992
13.3500, 5.57e-05, 6514.3254, 71.7674, 2.1482, -59.5747
13.3550, 6.37e-05, 6514.0223, 71.8017, 2.1488, -59.6501
13.3600, 5.06e-05, 6513.7189, 71.8361, 2.1495, -59.7256
13.3650, 5.51e-05, 6513.4151, 71.8705, 2.1502, -59.8009
13.3700, 4.86e-05, 6513.1108, 71.9050, 2.1508, -59.8763
13.3750, 4.85e-05, 6512.8062, 71.9394, 2.1515, -59.9517
13.3800, 7.03e-05, 6512.5012, 71.9739, 2.1522, -60.0270
13.3850, 8.45e-05, 6512.1958, 72.0084, 2.1528, -60.1023
13.3900, 5.1e-05, 6511.8900, 72.0430, 2.1535, -60.1775
13.3950, 4.9e-05, 6511.5838, 72.0775, 2.1542, -60.2528
13.4000, 4.88e-05, 6511.2772, 72.1121, 2.1548, -60.3280
13.4050, 5.07e-05, 6510.9702, 72.1468, 2.1555, -60.4032
13.4100, 4.79e-05, 6510.6628, 72.1814, 2.1561, -60.4784
13.4150, 4.89e-05, 6510.3550, 72.2161, 2.1568, -60.5535
13.4200, 8.56e-05, 6510.0469, 72.2508, 2.1575, -60.6286
13.4250, 5.54e-05, 6509.7383, 72.2855, 2.1581, -60.7037
13.4300, 4.97e-05, 6509.4294, 72.3202, 2.1588, -60.7788
13.4350, 5.08e-05, 6509.1200, 72.3550, 2.1594, -60.8539
13.4400, 5.32e-05, 6508.8103, 72.3898, 2.1601, -60.9289
13.4450, 4.92e-05, 6508.5001, 72.4246, 2.1608, -61.0039
13.4500, 4.88e-05, 6508.1896, 72.4595, 2.1614, -61.0788
13.4550, 6.25e-05, 6507.8787, 72.4944, 2.1621, -61.1538
13.4600, 5.19e-05, 6507.5674, 72.5293, 2.1627, -61.2287
13.4650, 4.84e-05, 6507.2557, 72.5642, 2.1634, -61.3036
13.4700, 4.83e-05, 6506.9436, 72.5991, 2.1640, -61.3785
13.4750, 4.83e-05, 6506.6311, 72.6341, 2.1647, -61.4533
13.4800, 5.19e-05, 6506.3182, 72.6691, 2.1653, -61.5282
13.4850, 4.81e-05, 6506.0049, 72.7041, 2.1660, -61.6030
13.4900, 5.96e-05, 6505.6913, 72.7392, 2.1666, -61.6777
13.4950, 5.07e-05, 6505.3772, 72.7742, 2.1673, -61.7525
13.5000, 6.08e-05, 6505.0628, 72.8093, 2.1679, -61.8272
13.5050, 5.73e-05, 6504.7480, 72.8444, 2.1686, -61.9019
13.5100, 5.42e-05, 6504.4328, 72.8796, 2.1692, -61.9766
13.5150, 5.58e-05, 6504.1172, 72.9147, 2.1699, -62.0512
13.5200, 6.4e-05, 6503.8012, 72.9499, 2.1705, -62.1258
13.5250, 5.03e-05, 6503.4848, 72.9851, 2.1711, -62.2004
13.5300, 4.89e-05, 6503.1680, 73.0204, 2.1718, -62.2750
13.5350, 5.09e-05, 6502.8509, 73.0556, 2.1724, -62.3496
13.5400, 4.84e-05, 6502.5333, 73.0909, 2.1731, -62.4241
13.5450, 4.83e-05, 6502.2154, 73.1262, 2.1737, -62.4986
13.5500, 5.08e-05, 6501.8971, 73.1616, 2.1743, -62.5731
13.5550, 5.84e-05, 6501.5784, 73.1969, 2.1750, -62.6475
13.5600, 4.97e-05, 6501.2593, 73.2323, 2.1756, -62.7219
13.5650, 4.84e-05, 6500.9398, 73.2677, 2.1763, -62.7963
13.5700, 5.04e-05, 6500.6200, 73.3031, 2.1769, -62.8707
13.5750, 4.85e-05, 6500.2997, 73.3386, 2.1775, -62.9450
13.5800, 4.85e-05, 6499.9791, 73.3740, 2.1782, -63.0194
13.5850, 6.33e-05, 6499.6581, 73.4095, 2.1788, -63.0937
13.5900, 6.77e-05, 6499.3367, 73.4450, 2.1794, -63.1679
13.5950, 5.04e-05, 6499.0149, 73.4806, 2.1801, -63.2422
13.6000, 4.86e-05, 6498.6927, 73.5161, 2.1807, -63.3164
13.6050, 4.85e-05, 6498.3702, 73.5517, 2.1813, -63.3906
13.6100, 5.08e-05, 6498.0472, 73.5873, 2.1819, -63.4648
13.6150, 4.86e-05, 6497.7239, 73.6229, 2.1826, -63.5389
13.6200, 4.86e-05, 6497.4002, 73.6586, 2.1832, -63.6130
13.6250, 6.15e-05, 6497.0761, 73.6942, 2.1838, -63.6871
13.6300, 5.1e-05, 6496.7516, 73.7299, 2.1844, -63.7612
13.6350, 4.89e-05, 6496.4268, 73.7656, 2.1851, -63.8352
13.6400, 4.83e-05, 6496.1016, 73.8014, 2.1857, -63.9093
13.6450, 5.04e-05, 6495.7760, 73.8371, 2.1863, -63.9833
13.6500, 4.85e-05, 6495.4500, 73.8729, 2.1869, -64.0572
13.6550, 4.83e-05, 6495.1236, 73.9087, 2.1876, -64.1312
13.6600, 5.86e-05, 6494.7968, 73.9445, 2.1882, -64.2051
13.6650, 5.28e-05, 6494.4697, 73.9803, 2.1888, -64.2790
13.6700, 6.63e-05, 6494.1422, 74.0162, 2.1894, -64.3528
13.6750, 5.4e-05, 6493.8143, 74.0521, 2.1900, -64.4267
13.6800, 5.57e-05, 6493.4860, 74.0880, 2.1906, -64.5005
13.6850, 5.4e-05, 6493.1574, 74.1239, 2.1913, -64.5743
13.6900, 6.42e-05, 6492.8283, 74.1599, 2.1919, -64.6480
13.6950, 5.04e-05, 6492.4989, 74.1958, 2.1925, -64.7218
13.7000, 5.12e-05, 6492.1691, 74.2318, 2.1931, -64.7955
13.7050, 4.84e-05, 6491.8390, 74.2678, 2.1937, -64.8691
13.7100, 4.87e-05, 6491.5084, 74.3038, 2.1943, -64.9428
13.7150, 5.14e-05, 6491.1775, 74.3399, 2.1949, -65.0164
13.7200, 5.04e-05, 6490.8462, 74.3759, 2.1955, -65.0900
13.7250, 5.97e-05, 6490.5145, 74.4120, 2.1962, -65.1636
13.7300, 5.07e-05, 6490.1825, 74.4481, 2.1968, -65.2372
13.7350, 5.17e-05, 6489.8500, 74.4843, 2.1974, -65.3107
13.7400, 4.88e-05, 6489.5172, 74.5204, 2.1980, -65.3842
13.7450, 4.83e-05, 6489.1841, 74.5566, 2.1986, -65.4576
13.7500, 7.19e-05, 6488.8505, 74.5928, 2.1992, -65.5311
13.7550, 0.0001115, 6488.5166, 74.6290, 2.1998, -65.6045
13.7600, 8.96e-05, 6488.1823, 74.6652, 2.2004, -65.6779
13.7650, 9.34e-05, 6487.8476, 74.7014, 2.2010, -65.7513
13.7700, 8.94e-05, 6487.5125, 74.7377, 2.2016, -65.8246
13.7750, 0.00011, 6487.1771, 74.7740, 2.2022, -65.8979
13.7800, 9.12e-05, 6486.8413, 74.8103, 2.2028, -65.9712
13.7850, 9.29e-05, 6486.5052, 74.8466, 2.2034, -66.0445
13.7900, 8.98e-05, 6486.1686, 74.8829, 2.2040, -66.1177
13.7950, 0.0001125, 6485.8317, 74.9193, 2.2046, -66.1909
13.8000, 5.76e-05, 6485.4944, 74.9557, 2.2052, -66.2641
13.8050, 5.45e-05, 6485.1568, 74.9921, 2.2058, -66.3372
13.8100, 5.71e-05, 6484.8187, 75.0285, 2.2064, -66.4103
13.8150, 5.36e-05, 6484.4803, 75.0649, 2.2070, -66.4834
13.8200, 5.38e-05, 6484.1416, 75.1014, 2.2076, -66.5565
13.8250, 6.32e-05, 6483.8024, 75.1378, 2.2081, -66.6295
13.8300, 5.18e-05, 6483.4629, 75.1743, 2.2087, -66.7026
13.8350, 4.87e-05, 6483.1230, 75.2108, 2.2093, -66.7755
13.8400, 4.87e-05, 6482.7828, 75.2474, 2.2099, -66.8485
13.8450, 4.87e-05, 6482.4421, 75.2839, 2.2105, -66.9214
13.8500, 5e-05, 6482.1012, 75.3205, 2.2111, -66.9943
13.8550, 4.81e-05, 6481.7598, 75.3570, 2.2117, -67.0672
13.8600, 6.02e-05, 6481.4181, 75.3936, 2.2123, -67.1400
13.8650, 5.2e-05, 6481.0760, 75.4303, 2.2129, -67.2129
13.8700, 4.87e-05, 6480.7335, 75.4669, 2.2134, -67.2856
13.8750, 6.25e-05, 6480.3907, 75.5035, 2.2140, -67.3584
13.8800, 5.59e-05, 6480.0475, 75.5402, 2.2146, -67.4311
13.8850, 6.61e-05, 6479.7040, 75.5769, 2.2152, -67.5038
13.8900, 6.33e-05, 6479.3600, 75.6136, 2.2158, -67.5765
13.8950, 5.06e-05, 6479.0158, 75.6503, 2.2163, -67.6492
13.9000, 5.29e-05, 6478.6711, 75.6870, 2.2169, -67.7218
13.9050, 5.12e-05, 6478.3261, 75.7238, 2.2175, -67.7944
13.9100, 4.97e-05, 6477.9807, 75.7606, 2.2181, -67.8669
13.9150, 4.89e-05, 6477.6349, 75.7973, 2.2186, -67.9395
13.9200, 4.86e-05, 6477.2888, 75.8341, 2.2192, -68.0120
13.9250, 6.35e-05, 6476.9424, 75.8710, 2.2198, -68.0844
13.9300, 4.86e-05, 6476.5955, 75.9078, 2.2204, -68.1569
13.9350, 4.81e-05, 6476.2483, 75.9446, 2.2209, -68.2293
13.9400, 5.89e-05, 6475.9008, 75.9815, 2.2215, -68.3017
13.9450, 4.87e-05, 6475.5528, 76.0184, 2.2221, -68.3740
13.9500, 4.82e-05, 6475.2046, 76.0553, 2.2227, -68.4464
13.9550, 7.63e-05, 6474.8559, 76.0922, 2.2232, -68.5187
13.9600, 5.34e-05, 6474.5069, 76.1291, 2.2238, -68.5909
13.9650, 4.89e-05, 6474.1575, 76.1661, 2.2244, -68.6632
13.9700, 4.9e-05, 6473.8078, 76.2031, 2.2249, -68.7354
13.9750, 4.83e-05, 6473.4577, 76.2400, 2.2255, -68.8075
13.9800, 5.07e-05, 6473.1073, 76.2770, 2.2261, -68.8797
13.9850, 4.82e-05, 6472.7565, 76.3140, 2.2266, -68.9518
13.9900, 5.73e-05, 6472.4053, 76.3511, 2.2272, -69.0239
13.9950, 6.29e-05, 6472.0538, 76.3881, 2.2277, -69.0959
14.0000, 4.88e-05, 6471.7019, 76.4252, 2.2283, -69.1680
14.0050, 4.85e-05, 6471.3496, 76.4622, 2.2289, -69.2399
14.0100, 4.87e-05, 6470.9970, 76.4993, 2.2294, -69.3119
14.0150, 5.04e-05, 6470.6441, 76.5364, 2.2300, -69.3838
14.0200, 4.85e-05, 6470.2908, 76.5735, 2.2305, -69.4557
14.0250, 5.84e-05, 6469.9371, 76.6107, 2.2311, -69.5276
14.0300, 4.94e-05, 6469.5831, 76.6478, 2.2317, -69.5994
14.0350, 6.17e-05, 6469.2287, 76.6850, 2.2322, -69.6712
14.0400, 5.62e-05, 6468.8740, 76.7222, 2.2328, -69.7430
14.0450, 5.37e-05, 6468.5189, 76.7593, 2.2333, -69.8147
14.0500, 5.36e-05, 6468.1634, 76.7965, 2.2339, -69.8864
14.0550, 5.58e-05, 6467.8077, 76.8338, 2.2344, -69.9581
14.0600, 6.15e-05, 6467.4515, 76.8710, 2.2350, -70.0297
14.0650, 4.94e-05, 6467.0950, 76.9082, 2.2355, -70.1013
14.0700, 5.08e-05, 6466.7381, 76.9455, 2.2361, -70.1729
14.0750, 4.87e-05, 6466.3809, 76.9828, 2.2366, -70.2444
14.0800, 4.83e-05, 6466.0234, 77.0201, 2.2372, -70.3159
14.0850, 4.87e-05, 6465.6655, 77.0574, 2.2377, -70.3874
14.0900, 5.03e-05, 6465.3072, 77.0947, 2.2383, -70.4589
14.0950, 5.97e-05, 6464.9486, 77.1320, 2.2388, -70.5303
14.1000, 4.89e-05, 6464.5896, 77.1694, 2.2394, -70.6016
14.1050, 4.82e-05, 6464.2303, 77.2067, 2.2399, -70.6730
14.1100, 5.04e-05, 6463.8706, 77.2441, 2.2404, -70.7443
14.1150, 4.81e-05, 6463.5106, 77.2815, 2.2410, -70.8155
14.1200, 6.15e-05, 6463.1503, 77.3189, 2.2415, -70.8868
14.1250, 5.78e-05, 6462.7896, 77.3563, 2.2421, -70.9579
14.1300, 5.1e-05, 6462.4285, 77.3937, 2.2426, -71.0291
14.1350, 4.86e-05, 6462.0671, 77.4311, 2.2431, -71.1002
14.1400, 4.86e-05, 6461.7053, 77.4686, 2.2437, -71.1713
14.1450, 5.05e-05, 6461.3432, 77.5060, 2.2442, -71.2424
14.1500, 4.92e-05, 6460.9808, 77.5435, 2.2448, -71.3134
14.1550, 4.85e-05, 6460.6180, 77.5810, 2.2453, -71.3844
14.1600, 4.84e-05, 6460.2549, 77.6185, 2.2458, -71.4553
14.1650, 6.17e-05, 6459.8914, 77.6560, 2.2464, -71.5262
14.1700, 4.89e-05, 6459.5276, 77.6935, 2.2469, -71.5971
14.1750, 4.87e-05, 6459.1634, 77.7311, 2.2474, -71.6679
14.1800, 4.87e-05, 6458.7989, 77.7686, 2.2479, -71.7387
14.1850, 5.06e-05, 6458.4340, 77.8062, 2.2485, -71.8094
14.1900, 4.81e-05, 6458.0688, 77.8438, 2.2490, -71.8801
14.1950, 4.83e-05, 6457.7033, 77.8813, 2.2495, -71.9508
14.2000, 6.14e-05, 6457.3374, 77.9189, 2.2501, -72.0215
14.2050, 6.57e-05, 6456.9711, 77.9565, 2.2506, -72.0921
14.2100, 5.43e-05, 6456.6046, 77.9942, 2.2511, -72.1626
14.2150, 5.38e-05, 6456.2377, 78.0318, 2.2516, -72.2331
14.2200, 5.6e-05, 6455.8704, 78.0694, 2.2522, -72.3036
14.2250, 5.35e-05, 6455.5028, 78.1071, 2.2527, -72.3740
14.2300, 6.35e-05, 6455.1349, 78.1447, 2.2532, -72.4444
14.2350, 5.07e-05, 6454.7666, 78.1824, 2.2537, -72.5148
14.2400, 5.11e-05, 6454.3980, 78.2201, 2.2543, -72.5851
14.2450, 4.84e-05, 6454.0290, 78.2578, 2.2548, -72.6554
14.2500, 4.86e-05, 6453.6597, 78.2955, 2.2553, -72.7256
14.2550, 5.03e-05, 6453.2901, 78.3332, 2.2558, -72.7958
14.2600, 4.85e-05, 6452.9202, 78.3710, 2.2563, -72.8659
14.2650, 5.84e-05, 6452.5499, 78.4087, 2.2568, -72.9360
14.2700, 4.99e-05, 6452.1792, 78.4465, 2.2574, -73.0061
14.2750, 5.09e-05, 6451.8082, 78.4842, 2.2579, -73.0761
14.2800, 4.87e-05, 6451.4369, 78.5220, 2.2584, -73.1461
14.2850, 6.23e-05, 6451.0653, 78.5598, 2.2589, -73.2160
14.2900, 8.81e-05, 6450.6933, 78.5976, 2.2594, -73.2859
14.2950, 7.65e-05, 6450.3210, 78.6354, 2.2599, -73.3557
14.3000, 5.18e-05, 6449.9483, 78.6732, 2.2604, -73.4255
14.3050, 6.74e-05, 6449.5754, 78.7110, 2.2609, -73.4953
14.3100, 9.61e-05, 6449.2021, 78.7488, 2.2615, -73.5650
14.3150, 5.68e-05, 6448.8284, 78.7867, 2.2620, -73.6346
14.3200, 4.96e-05, 6448.4544, 78.8245, 2.2625, -73.7042
14.3250, 5.18e-05, 6448.0801, 78.8624, 2.2630, -73.7738
14.3300, 5.16e-05, 6447.7055, 78.9003, 2.2635, -73.8433
14.3350, 4.86e-05, 6447.3305, 78.9382, 2.2640, -73.9128
14.3400, 4.85e-05, 6446.9552, 78.9760, 2.2645, -73.9822
14.3450, 4.85e-05, 6446.5796, 79.0139, 2.2650, -74.0516
14.3500, 5.06e-05, 6446.2036, 79.0519, 2.2655, -74.1209
14.3550, 4.87e-05, 6445.8273, 79.0898, 2.2660, -74.1901
14.3600, 5.84e-05, 6445.4507, 79.1277, 2.2665, -74.2593
14.3650, 5.39e-05, 6445.0737, 79.1656, 2.2670, -74.3285
14.3700, 5.68e-05, 6444.6965, 79.2036, 2.2675, -74.3976
14.3750, 5.37e-05, 6444.3189, 79.2415, 2.2680, -74.4667
14.3800, 5.38e-05, 6443.9409, 79.2795, 2.2685, -74.5357
14.3850, 5.59e-05, 6443.5627, 79.3175, 2.2690, -74.6046
14.3900, 6.19e-05, 6443.1841, 79.3555, 2.2695, -74.6735
14.3950, 4.98e-05, 6442.8052, 79.3934, 2.2700, -74.7424
14.4000, 4.85e-05, 6442.4259, 79.4314, 2.2705, -74.8112
14.4050, 5.04e-05, 6442.0464, 79.4694, 2.2710, -74.8799
14.4100, 4.85e-05, 6441.6665, 79.5075, 2.2715, -74.9486
14.4150, 4.83e-05, 6441.2863, 79.5455, 2.2719, -75.0172
14.4200, 4.84e-05, 6440.9058, 79.5835, 2.2724, -75.0858
14.4250, 6.18e-05, 6440.5249, 79.6215, 2.2729, -75.1543
14.4300, 4.87e-05, 6440.1438, 79.6596, 2.2734, -75.2227
14.4350, 4.87e-05, 6439.7623, 79.6976, 2.2739, -75.2911
14.4400, 6.91e-05, 6439.3804, 79.7357, 2.2744, -75.3594
14.4450, 5.48e-05, 6438.9983, 79.7738, 2.2749, -75.4277
14.4500, 5.39e-05, 6438.6159, 79.8118, 2.2754, -75.4959
14.4550, 6.43e-05, 6438.2331, 79.8499, 2.2759, -75.5641
14.4600, 5.29e-05, 6437.8500, 79.8880, 2.2763, -75.6321
14.4650, 4.91e-05, 6437.4666, 79.9261, 2.2768, -75.7002
14.4700, 4.89e-05, 6437.0828, 79.9642, 2.2773, -75.7681
14.4750, 4.92e-05, 6436.6988, 80.0023, 2.2778, -75.8360
14.4800, 5.03e-05, 6436.3144, 80.0405, 2.2783, -75.9038
14.4850, 4.89e-05, 6435.9297, 80.0786, 2.2787, -75.9716
14.4900, 5.88e-05, 6435.5447, 80.1167, 2.2792, -76.0393
14.4950, 5e-05, 6435.1594, 80.1548, 2.2797, -76.1069
14.5000, 5.02e-05, 6434.7738, 80.1930, 2.2802, -76.1745
14.5050, 4.86e-05, 6434.3878, 80.2311, 2.2807, -76.2419
14.5100, 4.86e-05, 6434.0016, 80.2693, 2.2811, -76.3094
14.5150, 5.04e-05, 6433.6150, 80.3075, 2.2816, -76.3767
14.5200, 6.32e-05, 6433.2281, 80.3456, 2.2821, -76.4440
14.5250, 6.52e-05, 6432.8409, 80.3838, 2.2826, -76.5112
14.5300, 5.01e-05, 6432.4534, 80.4220, 2.2830, -76.5783
14.5350, 5.11e-05, 6432.0656, 80.4602, 2.2835, -76.6454
14.5400, 4.89e-05, 6431.6774, 80.4984, 2.2840, -76.7123
14.5450, 4.82e-05, 6431.2890, 80.5366, 2.2844, -76.7792
14.5500, 4.82e-05, 6430.9002, 80.5748, 2.2849, -76.8461
14.5550, 5.04e-05, 6430.5111, 80.6130, 2.2854, -76.9128
14.5600, 5.83e-05, 6430.1218, 80.6512, 2.2859, -76.9795
14.5650, 5.09e-05, 6429.7321, 80.6895, 2.2863, -77.0461
14.5700, 5.04e-05, 6429.3421, 80.7277, 2.2868, -77.1126
14.5750, 4.82e-05, 6428.9518, 80.7659, 2.2873, -77.1790
14.5800, 4.84e-05, 6428.5611, 80.8042, 2.2877, -77.2453
14.5850, 4.82e-05, 6428.1702, 80.8424, 2.2882, -77.3116
14.5900, 5.05e-05, 6427.7790, 80.8807, 2.2887, -77.3777
14.5950, 5.84e-05, 6427.3875, 80.9189, 2.2891, -77.4438
14.6000, 5.09e-05, 6426.9956, 80.9572, 2.2896, -77.5098
14.6050, 6.14e-05, 6426.6035, 80.9954, 2.2900, -77.5757
14.6100, 5.77e-05, 6426.2110, 81.0337, 2.2905, -77.6415
14.6150, 5.33e-05, 6425.8183, 81.0720, 2.2910, -77.7072
14.6200, 4.93e-05, 6425.4252, 81.1103, 2.2914, -77.7728
14.6250, 5.08e-05, 6425.0319, 81.1486, 2.2919, -77.8384
14.6300, 5.12e-05, 6424.6382, 81.1868, 2.2923, -77.9038
14.6350, 4.82e-05, 6424.2442, 81.2251, 2.2928, -77.9691
14.6400, 4.83e-05, 6423.8500, 81.2634, 2.2932, -78.0343
14.6450, 5.04e-05, 6423.4554, 81.3017, 2.2937, -78.0995
14.6500, 4.84e-05, 6423.0605, 81.3400, 2.2942, -78.1645
14.6550, 4.82e-05, 6422.6654, 81.3784, 2.2946, -78.2294
14.6600, 4.81e-05, 6422.2699, 81.4167, 2.2951, -78.2943
14.6650, 6.32e-05, 6421.8741, 81.4550, 2.2955, -78.3590
14.6700, 4.87e-05, 6421.4781, 81.4933, 2.2960, -78.4236
14.6750, 4.82e-05, 6421.0817, 81.5316, 2.2964, -78.4881
14.6800, 4.79e-05, 6420.6851, 81.5700, 2.2969, -78.5524
14.6850, 6.33e-05, 6420.2881, 81.6083, 2.2973, -78.6167
14.6900, 5.59e-05, 6419.8909, 81.6466, 2.2978, -78.6809
14.6950, 6.52e-05, 6419.4933, 81.6850, 2.2982, -78.7449
14.7000, 5.35e-05, 6419.0955, 81.7233, 2.2987, -78.8088
14.7050, 4.95e-05, 6418.6973, 81.7617, 2.2991, -78.8726
14.7100, 4.91e-05, 6418.2989, 81.8000, 2.2995, -78.9363
14.7150, 4.89e-05, 6417.9002, 81.8384, 2.3000, -78.9999
14.7200, 5.08e-05, 6417.5012, 81.8767, 2.3004, -79.0633
14.7250, 4.86e-05, 6417.1018, 81.9151, 2.3009, -79.1266
14.7300, 5.86e-05, 6416.7022, 81.9534, 2.3013, -79.1897
14.7350, 5.04e-05, 6416.3024, 81.9918, 2.3018, -79.2528
14.7400, 5.07e-05, 6415.9022, 82.0302, 2.3022, -79.3157
14.7450, 4.84e-05, 6415.5017, 82.0685, 2.3026, -79.3784
14.7500, 4.84e-05, 6415.1009, 82.1069, 2.3031, -79.4411
14.7550, 5.03e-05, 6414.6999, 82.1453, 2.3035, -79.5035
14.7600, 4.81e-05, 6414.2985, 82.1836, 2.3040, -79.5659
14.7650, 5.92e-05, 6413.8969, 82.2220, 2.3044, -79.6281
14.7700, 6.52e-05, 6413.4950, 82.2604, 2.3048, -79.6901
14.7750, 5.82e-05, 6413.0928, 82.2988, 2.3053, -79.7520
14.7800, 5.44e-05, 6412.6903, 82.3372, 2.3057, -79.8137
14.7850, 5.44e-05, 6412.2875, 82.3755, 2.3061, -79.8753
14.7900, 5.4e-05, 6411.8845, 82.4139, 2.3066, -79.9367
14.7950, 5.6e-05, 6411.4811, 82.4523, 2.3070, -79.9980
14.8000, 5.17e-05, 6411.0775, 82.4907, 2.3074, -80.0591
14.8050, 4.9e-05, 6410.6736, 82.5291, 2.3079, -80.1200
14.8100, 4.86e-05, 6410.2694, 82.5675, 2.3083, -80.1807
14.8150, 5.07e-05, 6409.8649, 82.6059, 2.3087, -80.2413
14.8200, 4.84e-05, 6409.4601, 82.6443, 2.3092, -80.3017
14.8250, 4.86e-05, 6409.0551, 82.6827, 2.3096, -80.3619
14.8300, 5.04e-05, 6408.6498, 82.7211, 2.3100, -80.4220
14.8350, 5.11e-05, 6408.2442, 82.7595, 2.3104, -80.4818
14.8400, 4.88e-05, 6407.8383, 82.7979, 2.3109, -80.5415
14.8450, 4.84e-05, 6407.4321, 82.8363, 2.3113, -80.6010
14.8500, 6.45e-05, 6407.0257, 82.8747, 2.3117, -80.6602
14.8550, 5.7e-05, 6406.6190, 82.9131, 2.3121, -80.7193
14.8600, 5.38e-05, 6406.2120, 82.9515, 2.3126, -80.7782
14.8650, 6.34e-05, 6405.8047, 82.9899, 2.3130, -80.8368
14.8700, 5.22e-05, 6405.3971, 83.0283, 2.3134, -80.8953
14.8750, 4.88e-05, 6404.9893, 83.0667, 2.3138, -80.9535
14.8800, 4.87e-05, 6404.5812, 83.1051, 2.3142, -81.0115
14.8850, 6.33e-05, 6404.1728, 83.1435, 2.3147, -81.0693
14.8900, 4.85e-05, 6403.7642, 83.1819, 2.3151, -81.1269
14.8950, 4.83e-05, 6403.3553, 83.2203, 2.3155, -81.1842
14.9000, 5.86e-05, 6402.9461, 83.2587, 2.3159, -81.2413
14.9050, 7.52e-05, 6402.5366, 83.2971, 2.3163, -81.2981
14.9100, 4.86e-05, 6402.1269, 83.3355, 2.3167, -81.3547
14.9150, 4.82e-05, 6401.7169, 83.3739, 2.3172, -81.4111
14.9200, 4.82e-05, 6401.3066, 83.4123, 2.3176, -81.4672
14.9250, 7.53e-05, 6400.8960, 83.4507, 2.3180, -81.5230
14.9300, 7.09e-05, 6400.4852, 83.4891, 2.3184, -81.5786
14.9350, 5.08e-05, 6400.0741, 83.5275, 2.3188, -81.6339
14.9400, 4.85e-05, 6399.6628, 83.5659, 2.3192, -81.6889
14.9450, 6.71e-05, 6399.2511, 83.6043, 2.3196, -81.7437
14.9500, 4.84e-05, 6398.8393, 83.6427, 2.3200, -81.7981
14.9550, 4.84e-05, 6398.4271, 83.6811, 2.3205, -81.8523
14.9600, 8.11e-05, 6398.0147, 83.7195, 2.3209, -81.9062
14.9650, 5.07e-05, 6397.6020, 83.7579, 2.3213, -81.9598
14.9700, 4.86e-05, 6397.1890, 83.7963, 2.3217, -82.0130
14.9750, 5.19e-05, 6396.7758, 83.8347, 2.3221, -82.0660
14.9800, 5.1e-05, 6396.3624, 83.8731, 2.3225, -82.1186
14.9850, 4.86e-05, 6395.9486, 83.9115, 2.3229, -82.1709
14.9900, 4.83e-05, 6395.5346, 83.9499, 2.3233, -82.2228
14.9950, 5.8e-05, 6395.1203, 83.9883, 2.3237, -82.2745
15.0000, 5.2e-05, 6394.7058, 84.0266, 2.3241, -82.3257
15.0050, 4.91e-05, 6394.2910, 84.0650, 2.3245, -82.3767
15.0100, 6.24e-05, 6393.8760, 84.1034, 2.3249, -82.4272
15.0150, 5.76e-05, 6393.4607, 84.1418, 2.3253, -82.4774
15.0200, 5.44e-05, 6393.0451, 84.1802, 2.3257, -82.5272
15.0250, 5.38e-05, 6392.6293, 84.2185, 2.3261, -82.5766
15.0300, 6.19e-05, 6392.2132, 84.2569, 2.3265, -82.6257
15.0350, 5.19e-05, 6391.7969, 84.2953, 2.3269, -82.6743
15.0400, 4.9e-05, 6391.3803, 84.3337, 2.3273, -82.7226
15.0450, 4.9e-05, 6390.9635, 84.3720, 2.3277, -82.7704
15.0500, 4.86e-05, 6390.5464, 84.4104, 2.3281, -82.8178
15.0550, 5.07e-05, 6390.1290, 84.4487, 2.3285, -82.8648
15.0600, 4.83e-05, 6389.7114, 84.4871, 2.3289, -82.9113
15.0650, 5.91e-05, 6389.2935, 84.5255, 2.3293, -82.9574
15.0700, 5.13e-05, 6388.8754, 84.5638, 2.3297, -83.0030
15.0750, 5.01e-05, 6388.4571, 84.6022, 2.3301, -83.0482
15.0800, 4.84e-05, 6388.0385, 84.6405, 2.3305, -83.0929
15.0850, 4.86e-05, 6387.6196, 84.6788, 2.3308, -83.1371
15.0900, 5.04e-05, 6387.2005, 84.7172, 2.3312, -83.1808
15.0950, 6.87e-05, 6386.7811, 84.7555, 2.3316, -83.2240
15.1000, 6.21e-05, 6386.3615, 84.7939, 2.3320, -83.2667
15.1050, 4.96e-05, 6385.9416, 84.8322, 2.3324, -83.3089
15.1100, 5.1e-05, 6385.5215, 84.8705, 2.3328, -83.3505
15.1150, 4.92e-05, 6385.1012, 84.9088, 2.3332, -83.3916
15.1200, 4.84e-05, 6384.6806, 84.9472, 2.3336, -83.4322
15.1250, 4.86e-05, 6384.2597, 84.9855, 2.3339, -83.4722
15.1300, 5.04e-05, 6383.8387, 85.0238, 2.3343, -83.5116
15.1350, 5.96e-05, 6383.4173, 85.0621, 2.3347, -83.5505
15.1400, 4.86e-05, 6382.9958, 85.1004, 2.3351, -83.5888
15.1450, 5.03e-05, 6382.5739, 85.1387, 2.3355, -83.6264
15.1500, 4.81e-05, 6382.1519, 85.1770, 2.3359, -83.6635
15.1550, 4.82e-05, 6381.7296, 85.2153, 2.3362, -83.6999
15.1600, 4.84e-05, 6381.3070, 85.2536, 2.3366, -83.7357
15.1650, 5.02e-05, 6380.8843, 85.2918, 2.3370, -83.7708
15.1700, 5.91e-05, 6380.4612, 85.3301, 2.3374, -83.8053
15.1750, 5.22e-05, 6380.0380, 85.3684, 2.3378, -83.8392
15.1800, 5.68e-05, 6379.6145, 85.4067, 2.3381, -83.8723
15.1850, 5.79e-05, 6379.1908, 85.4449, 2.3385, -83.9048
15.1900, 5.38e-05, 6378.7668, 85.4832, 2.3389, -83.9366
15.1950, 5.39e-05, 6378.3426, 85.5214, 2.3393, -83.9676
15.2000, 6.54e-05, 6377.9181, 85.5597, 2.3396, -83.9980
15.2050, 5.06e-05, 6377.4935, 85.5979, 2.3400, -84.0276
15.2100, 4.88e-05, 6377.0685, 85.6362, 2.3404, -84.0564
15.2150, 4.82e-05, 6376.6434, 85.6744, 2.3408, -84.0845
15.2200, 5.06e-05, 6376.2180, 85.7126, 2.3411, -84.1119
15.2250, 4.84e-05, 6375.7924, 85.7508, 2.3415, -84.1385
15.2300, 4.87e-05, 6375.3666, 85.7891, 2.3419, -84.1643
15.2350, 5.88e-05, 6374.9405, 85.8273, 2.3422, -84.1893
15.2400, 5.16e-05, 6374.5142, 85.8655, 2.3426, -84.2135
15.2450, 4.84e-05, 6374.0877, 85.9037, 2.3430, -84.2368
15.2500, 4.84e-05, 6373.6609, 85.9419, 2.3434, -84.2594
15.2550, 4.85e-05, 6373.2339, 85.9801, 2.3437, -84.2811
15.2600, 6.3e-05, 6372.8067, 86.0182, 2.3441, -84.3020
15.2650, 5.53e-05, 6372.3793, 86.0564, 2.3445, -84.3220
15.2700, 6.24e-05, 6371.9516, 86.0946, 2.3448, -84.3412
15.2750, 5.17e-05, 6371.5237, 86.1327, 2.3452, -84.3595
15.2800, 4.88e-05, 6371.0956, 86.1709, 2.3456, -84.3769
15.2850, 4.86e-05, 6370.6673, 86.2090, 2.3459, -84.3934
15.2900, 4.93e-05, 6370.2387, 86.2472, 2.3463, -84.4091
15.2950, 5.05e-05, 6369.8099, 86.2853, 2.3466, -84.4238
15.3000, 4.86e-05, 6369.3809, 86.3235, 2.3470, -84.4376
15.3050, 5.95e-05, 6368.9517, 86.3616, 2.3474, -84.4506
15.3100, 4.91e-05, 6368.5222, 86.3997, 2.3477, -84.4625
15.3150, 5.06e-05, 6368.0926, 86.4378, 2.3481, -84.4736
15.3200, 4.82e-05, 6367.6627, 86.4759, 2.3484, -84.4837
15.3250, 4.86e-05, 6367.2326, 86.5140, 2.3488, -84.4929
15.3300, 5.58e-05, 6366.8022, 86.5521, 2.3492, -84.5012
15.3350, 4.97e-05, 6366.3717, 86.5902, 2.3495, -84.5085
15.3400, 7.69e-05, 6365.9409, 86.6283, 2.3499, -84.5149
15.3450, 5.62e-05, 6365.5100, 86.6663, 2.3502, -84.5203
15.3500, 5.65e-05, 6365.0788, 86.7044, 2.3506, -84.5247
15.3550, 5.43e-05, 6364.6474, 86.7424, 2.3509, -84.5282
15.3600, 5.39e-05, 6364.2158, 86.7805, 2.3513, -84.5307
15.3650, 5.42e-05, 6363.7839, 86.8185, 2.3516, -84.5323
15.3700, 6.51e-05, 6363.3519, 86.8565, 2.3520, -84.5329
15.3750, 5.02e-05, 6362.9196, 86.8946, 2.3524, -84.5326
15.3800, 4.93e-05, 6362.4872, 86.9326, 2.3527, -84.5312
15.3850, 4.87e-05, 6362.0545, 86.9706, 2.3531, -84.5290
15.3900, 5.05e-05, 6361.6216, 87.0086, 2.3534, -84.5257
15.3950, 4.85e-05, 6361.1885, 87.0466, 2.3538, -84.5215
15.4000, 5.01e-05, 6360.7552, 87.0846, 2.3541, -84.5164
15.4050, 6.16e-05, 6360.3217, 87.1225, 2.3545, -84.5103
15.4100, 4.97e-05, 6359.8880, 87.1605, 2.3548, -84.5032
15.4150, 4.86e-05, 6359.4541, 87.1984, 2.3551, -84.4952
15.4200, 6.16e-05, 6359.0200, 87.2364, 2.3555, -84.4863
15.4250, 5.78e-05, 6358.5857, 87.2743, 2.3558, -84.4764
15.4300, 5.42e-05, 6358.1511, 87.3123, 2.3562, -84.4656
15.4350, 6.58e-05, 6357.7164, 87.3502, 2.3565, -84.4539
15.4400, 5.11e-05, 6357.2815, 87.3881, 2.3569, -84.4412
15.4450, 5.11e-05, 6356.8463, 87.4260, 2.3572, -84.4277
15.4500, 4.87e-05, 6356.4110, 87.4639, 2.3576, -84.4132
15.4550, 4.84e-05, 6355.9754, 87.5018, 2.3579, -84.3978
15.4600, 5.07e-05, 6355.5397, 87.5396, 2.3582, -84.3816
15.4650, 4.84e-05, 6355.1038, 87.5775, 2.3586, -84.3644
15.4700, 5.88e-05, 6354.6676, 87.6154, 2.3589, -84.3464
15.4750, 5.03e-05, 6354.2313, 87.6532, 2.3593, -84.3275
15.4800, 5.42e-05, 6353.7948, 87.6910, 2.3596, -84.3077
15.4850, 4.85e-05, 6353.3581, 87.7289, 2.3599, -84.2871
15.4900, 5.95e-05, 6352.9211, 87.7667, 2.3603, -84.2657
15.4950, 4.85e-05, 6352.4840, 87.8045, 2.3606, -84.2434
15.5000, 5.07e-05, 6352.0467, 87.8423, 2.3610, -84.2203
15.5050, 0.0001411, 6351.6092, 87.8801, 2.3613, -84.1964
15.5100, 6.79e-05, 6351.1716, 87.9179, 2.3616, -84.1717
15.5150, 5.58e-05, 6350.7337, 87.9556, 2.3620, -84.1462
15.5200, 6.65e-05, 6350.2956, 87.9934, 2.3623, -84.1199
15.5250, 5.13e-05, 6349.8573, 88.0311, 2.3626, -84.0928
15.5300, 4.93e-05, 6349.4189, 88.0689, 2.3630, -84.0650
15.5350, 5.14e-05, 6348.9803, 88.1066, 2.3633, -84.0364
15.5400, 4.95e-05, 6348.5414, 88.1443, 2.3636, -84.0071
15.5450, 4.91e-05, 6348.1024, 88.1820, 2.3640, -83.9771
15.5500, 4.89e-05, 6347.6632, 88.2197, 2.3643, -83.9463
15.5550, 6.83e-05, 6347.2239, 88.2574, 2.3646, -83.9149
15.5600, 4.95e-05, 6346.7843, 88.2951, 2.3649, -83.8827
15.5650, 4.9e-05, 6346.3445, 88.3327, 2.3653, -83.8499
15.5700, 4.89e-05, 6345.9046, 88.3704, 2.3656, -83.8164
15.5750, 5.1e-05, 6345.4645, 88.4080, 2.3659, -83.7822
15.5800, 5.29e-05, 6345.0242, 88.4457, 2.3663, -83.7474
15.5850, 5.01e-05, 6344.5837, 88.4833, 2.3666, -83.7119
15.5900, 5.36e-05, 6344.1431, 88.5209, 2.3669, -83.6758
15.5950, 4.93e-05, 6343.7022, 88.5585, 2.3672, -83.6391
15.6000, 4.87e-05, 6343.2612, 88.5961, 2.3676, -83.6018
15.6050, 4.92e-05, 6342.8200, 88.6336, 2.3679, -83.5639
15.6100, 5.12e-05, 6342.3787, 88.6712, 2.3682, -83.5253
15.6150, 4.93e-05, 6341.9371, 88.7088, 2.3685, -83.4863
15.6200, 4.88e-05, 6341.4954, 88.7463, 2.3688, -83.4466
15.6250, 5.18e-05, 6341.0535, 88.7838, 2.3692, -83.4064
15.6300, 5.1e-05, 6340.6115, 88.8213, 2.3695, -83.3657
15.6350, 4.9e-05, 6340.1692, 88.8588, 2.3698, -83.3244
15.6400, 4.9e-05, 6339.7268, 88.8963, 2.3701, -83.2825
15.6450, 5.1e-05, 6339.2842, 88.9338, 2.3704, -83.2402
15.6500, 4.91e-05, 6338.8415, 88.9713, 2.3708, -83.1974
15.6550, 4.88e-05, 6338.3985, 89.0087, 2.3711, -83.1540
15.6600, 5.12e-05, 6337.9555, 89.0462, 2.3714, -83.1102
15.6650, 6.58e-05, 6337.5122, 89.0836, 2.3717, -83.0659
15.6700, 5.05e-05, 6337.0688, 89.1210, 2.3720, -83.0211
15.6750, 4.95e-05, 6336.6252, 89.1584, 2.3724, -82.9759
15.6800, 4.87e-05, 6336.1814, 89.1958, 2.3727, -82.9302
15.6850, 5.07e-05, 6335.7375, 89.2332, 2.3730, -82.8841
15.6900, 6.01e-05, 6335.2934, 89.2705, 2.3733, -82.8375
15.6950, 5.03e-05, 6334.8491, 89.3079, 2.3736, -82.7905
15.7000, 4.9e-05, 6334.4047, 89.3452, 2.3739, -82.7431
15.7050, 5.66e-05, 6333.9602, 89.3826, 2.3742, -82.6953
15.7100, 4.87e-05, 6333.5154, 89.4199, 2.3745, -82.6471
15.7150, 4.87e-05, 6333.0705, 89.4572, 2.3749, -82.5985
15.7200, 5.06e-05, 6332.6255, 89.4945, 2.3752, -82.5495
15.7250, 5.96e-05, 6332.1802, 89.5317, 2.3755, -82.5001
15.7300, 5e-05, 6331.7349, 89.5690, 2.3758, -82.4504
15.7350, 4.89e-05, 6331.2893, 89.6062, 2.3761, -82.4003
15.7400, 5.09e-05, 6330.8436, 89.6435, 2.3764, -82.3498
15.7450, 4.91e-05, 6330.3978, 89.6807, 2.3767, -82.2990
15.7500, 5.24e-05, 6329.9518, 89.7179, 2.3770, -82.2479
15.7550, 4.88e-05, 6329.5056, 89.7551, 2.3773, -82.1964
15.7600, 6.61e-05, 6329.0593, 89.7922, 2.3776, -82.1446
15.7650, 5.02e-05, 6328.6129, 89.8294, 2.3779, -82.0924
15.7700, 4.84e-05, 6328.1663, 89.8666, 2.3782, -82.0400
15.7750, 5.07e-05, 6327.7195, 89.9037, 2.3785, -81.9872
15.7800, 4.9e-05, 6327.2726, 89.9408, 2.3788, -81.9341
15.7850, 4.86e-05, 6326.8255, 89.9779, 2.3791, -81.8807
15.7900, 4.84e-05, 6326.3783, 90.0150, 2.3795, -81.8271
15.7950, 6.08e-05, 6325.9310, 90.0521, 2.3798, -81.7731
15.8000, 5.05e-05, 6325.4835, 90.0891, 2.3801, -81.7189
15.8050, 4.89e-05, 6325.0358, 90.1262, 2.3804, -81.6644
15.8100, 4.84e-05, 6324.5880, 90.1632, 2.3807, -81.6096
15.8150, 5.09e-05, 6324.1401, 90.2002, 2.3810, -81.5546
15.8200, 4.85e-05, 6323.6920, 90.2372, 2.3813, -81.4993
15.8250, 4.84e-05, 6323.2438, 90.2742, 2.3816, -81.4437
15.8300, 5.9e-05, 6322.7954, 90.3112, 2.3818, -81.3879
15.8350, 5.27e-05, 6322.3469, 90.3481, 2.3821, -81.3319
15.8400, 4.89e-05, 6321.8983, 90.3851, 2.3824, -81.2756
15.8450, 4.87e-05, 6321.4495, 90.4220, 2.3827, -81.2191
15.8500, 5.05e-05, 6321.0005, 90.4589, 2.3830, -81.1623
15.8550, 4.85e-05, 6320.5515, 90.4958, 2.3833, -81.1053
15.8600, 4.83e-05, 6320.1023, 90.5327, 2.3836, -81.0481
15.8650, 5.89e-05, 6319.6529, 90.5696, 2.3839, -80.9907
15.8700, 5.24e-05, 6319.2035, 90.6064, 2.3842, -80.9330
15.8750, 4.85e-05, 6318.7539, 90.6432, 2.3845, -80.8752
15.8800, 4.84e-05, 6318.3041, 90.6801, 2.3848, -80.8171
15.8850, 4.9e-05, 6317.8543, 90.7169, 2.3851, -80.7589
15.8900, 5.05e-05, 6317.4043, 90.7536, 2.3854, -80.7004
15.8950, 4.86e-05, 6316.9541, 90.7904, 2.3857, -80.6418
15.9000, 5.84e-05, 6316.5039, 90.8272, 2.3860, -80.5829
15.9050, 5.34e-05, 6316.0535, 90.8639, 2.3863, -80.5239
15.9100, 4.85e-05, 6315.6029, 90.9006, 2.3865, -80.4647
15.9150, 4.87e-05, 6315.1523, 90.9373, 2.3868, -80.4053
15.9200, 5.24e-05, 6314.7015, 90.9740, 2.3871, -80.3457
15.9250, 5.06e-05, 6314.2506, 91.0107, 2.3874, -80.2860
15.9300, 4.83e-05, 6313.7996, 91.0473, 2.3877, -80.2261
15.9350, 5.97e-05, 6313.3484, 91.0840, 2.3880, -80.1660
15.9400, 5.1e-05, 6312.8971, 91.1206, 2.3883, -80.1058
15.9450, 5.09e-05, 6312.4457, 91.1572, 2.3885, -80.0454
15.9500, 5e-05, 6311.9942, 91.1938, 2.3888, -79.9848
15.9550, 4.85e-05, 6311.5426, 91.2304, 2.3891, -79.9241
15.9600, 5.05e-05, 6311.0908, 91.2669, 2.3894, -79.8632
15.9650, 4.85e-05, 6310.6389, 91.3034, 2.3897, -79.8022
15.9700, 4.83e-05, 6310.1869, 91.3400, 2.3900, -79.7410
15.9750, 5.14e-05, 6309.7348, 91.3765, 2.3902, -79.6797
15.9800, 5.1e-05, 6309.2826, 91.4129, 2.3905, -79.6182
15.9850, 4.85e-05, 6308.8302, 91.4494, 2.3908, -79.5566
15.9900, 4.87e-05, 6308.3778, 91.4859, 2.3911, -79.4948
15.9950, 4.85e-05, 6307.9252, 91.5223, 2.3914, -79.4330
16.0000, 5.38e-05, 6307.4725, 91.5587, 2.3917, -79.3710
16.0050, 4.91e-05, 6307.0197, 91.5951, 2.3919, -79.3088
16.0100, 5.08e-05, 6306.5668, 91.6315, 2.3922, -79.2466
16.0150, 4.84e-05, 6306.1137, 91.6678, 2.3925, -79.1842
16.0200, 5.07e-05, 6305.6606, 91.7042, 2.3928, -79.1216
16.0250, 4.83e-05, 6305.2074, 91.7405, 2.3930, -79.0590
16.0300, 4.81e-05, 6304.7540, 91.7768, 2.3933, -78.9962
16.0350, 5.04e-05, 6304.3005, 91.8131, 2.3936, -78.9334
16.0400, 4.86e-05, 6303.8470, 91.8494, 2.3939, -78.8704
16.0450, 5.11e-05, 6303.3933, 91.8856, 2.3941, -78.8072
16.0500, 5.38e-05, 6302.9395, 91.9218, 2.3944, -78.7440
16.0550, 9.9e-05, 6302.4856, 91.9581, 2.3947, -78.6807
16.0600, 8.89e-05, 6302.0317, 91.9942, 2.3950, -78.6173
16.0650, 9.77e-05, 6301.5776, 92.0304, 2.3952, -78.5537
16.0700, 0.0001241, 6301.1234, 92.0666, 2.3955, -78.4901
16.0750, 6.22e-05, 6300.6691, 92.1027, 2.3958, -78.4263
16.0800, 5.51e-05, 6300.2147, 92.1388, 2.3961, -78.3624
16.0850, 5.44e-05, 6299.7602, 92.1749, 2.3963, -78.2985
16.0900, 6.85e-05, 6299.3057, 92.2110, 2.3966, -78.2344
16.0950, 5.13e-05, 6298.8510, 92.2471, 2.3969, -78.1703
16.1000, 4.95e-05, 6298.3962, 92.2831, 2.3971, -78.1060
16.1050, 4.94e-05, 6297.9413, 92.3191, 2.3974, -78.0417
16.1100, 5.1e-05, 6297.4864, 92.3551, 2.3977, -77.9773
16.1150, 4.93e-05, 6297.0313, 92.3911, 2.3979, -77.9127
16.1200, 4.87e-05, 6296.5762, 92.4271, 2.3982, -77.8481
16.1250, 6.02e-05, 6296.1209, 92.4630, 2.3985, -77.7834
16.1300, 5.14e-05, 6295.6656, 92.4990, 2.3987, -77.7186
16.1350, 4.91e-05, 6295.2102, 92.5349, 2.3990, -77.6537
16.1400, 4.92e-05, 6294.7546, 92.5708, 2.3993, -77.5888
16.1450, 4.88e-05, 6294.2990, 92.6066, 2.3995, -77.5237
16.1500, 5.6e-05, 6293.8434, 92.6425, 2.3998, -77.4586
16.1550, 0.0001249, 6293.3876, 92.6783, 2.4001, -77.3934
16.1600, 5.83e-05, 6292.9317, 92.7141, 2.4003, -77.3281
16.1650, 5.25e-05, 6292.4758, 92.7499, 2.4006, -77.2628
16.1700, 4.95e-05, 6292.0198, 92.7857, 2.4009, -77.1973
16.1750, 4.9e-05, 6291.5637, 92.8214, 2.4011, -77.1318
16.1800, 4.96e-05, 6291.1075, 92.8571, 2.4014, -77.0662
16.1850, 6.27e-05, 6290.6512, 92.8928, 2.4016, -77.0006
16.1900, 5.09e-05, 6290.1949, 92.9285, 2.4019, -76.9348
16.1950, 4.88e-05, 6289.7384, 92.9642, 2.4022, -76.8690
16.2000, 4.9e-05, 6289.2819, 92.9998, 2.4024, -76.8032
16.2050, 5.1e-05, 6288.8253, 93.0354, 2.4027, -76.7372
16.2100, 4.89e-05, 6288.3687, 93.0710, 2.4029, -76.6712
16.2150, 4.92e-05, 6287.9120, 93.1066, 2.4032, -76.6051
16.2200, 6.11e-05, 6287.4551, 93.1422, 2.4034, -76.5390
16.2250, 5.46e-05, 6286.9983, 93.1777, 2.4037, -76.4728
16.2300, 4.96e-05, 6286.5413, 93.2132, 2.4040, -76.4065
16.2350, 4.9e-05, 6286.0843, 93.2487, 2.4042, -76.3402
16.2400, 5.12e-05, 6285.6272, 93.2842, 2.4045, -76.2738
16.2450, 4.87e-05, 6285.1700, 93.3196, 2.4047, -76.2073
16.2500, 4.87e-05, 6284.7128, 93.3551, 2.4050, -76.1408
16.2550, 4.86e-05, 6284.2555, 93.3905, 2.4052, -76.0742
16.2600, 5.47e-05, 6283.7981, 93.4259, 2.4055, -76.0075
16.2650, 4.93e-05, 6283.3407, 93.4612, 2.4057, -75.9408
16.2700, 4.89e-05, 6282.8832, 93.4966, 2.4060, -75.8741
16.2750, 4.94e-05, 6282.4256, 93.5319, 2.4062, -75.8073
16.2800, 5.09e-05, 6281.9680, 93.5672, 2.4065, -75.7404
16.2850, 6.75e-05, 6281.5103, 93.6025, 2.4068, -75.6735
16.2900, 5.98e-05, 6281.0525, 93.6377, 2.4070, -75.6065
16.2950, 5.22e-05, 6280.5947, 93.6730, 2.4073, -75.5395
16.3000, 4.89e-05, 6280.1368, 93.7082, 2.4075, -75.4724
16.3050, 4.86e-05, 6279.6789, 93.7434, 2.4078, -75.4052
16.3100, 5.32e-05, 6279.2209, 93.7785, 2.4080, -75.3380
16.3150, 5.12e-05, 6278.7629, 93.8137, 2.4083, -75.2708
16.3200, 4.9e-05, 6278.3048, 93.8488, 2.4085, -75.2035
16.3250, 5.94e-05, 6277.8466, 93.8839, 2.4087, -75.1361
16.3300, 5.01e-05, 6277.3884, 93.9190, 2.4090, -75.0687
16.3350, 5.13e-05, 6276.9301, 93.9540, 2.4092, -75.0013
16.3400, 4.84e-05, 6276.4718, 93.9890, 2.4095, -74.9338
16.3450, 6.8e-05, 6276.0135, 94.0241, 2.4097, -74.8663
16.3500, 5.11e-05, 6275.5550, 94.0590, 2.4100, -74.7987
16.3550, 4.92e-05, 6275.0966, 94.0940, 2.4102, -74.7311
16.3600, 5.99e-05, 6274.6381, 94.1289, 2.4105, -74.6634
16.3650, 4.91e-05, 6274.1795, 94.1639, 2.4107, -74.5957
16.3700, 5.11e-05, 6273.7209, 94.1987, 2.4110, -74.5279
16.3750, 4.9e-05, 6273.2622, 94.2336, 2.4112, -74.4601
16.3800, 4.87e-05, 6272.8035, 94.2685, 2.4114, -74.3922
16.3850, 4.94e-05, 6272.3448, 94.3033, 2.4117, -74.3243
16.3900, 5.09e-05, 6271.8860, 94.3381, 2.4119, -74.2564
16.3950, 6.31e-05, 6271.4272, 94.3728, 2.4122, -74.1884
16.4000, 4.94e-05, 6270.9683, 94.4076, 2.4124, -74.1204
16.4050, 5.1e-05, 6270.5094, 94.4423, 2.4126, -74.0523
16.4100, 4.98e-05, 6270.0504, 94.4770, 2.4129, -73.9842
16.4150, 4.9e-05, 6269.5914, 94.5117, 2.4131, -73.9161
16.4200, 4.89e-05, 6269.1324, 94.5464, 2.4134, -73.8479
16.4250, 5.11e-05, 6268.6733, 94.5810, 2.4136, -73.7797
16.4300, 6.18e-05, 6268.2142, 94.6156, 2.4138, -73.7114
16.4350, 4.95e-05, 6267.7551, 94.6502, 2.4141, -73.6431
16.4400, 4.93e-05, 6267.2959, 94.6847, 2.4143, -73.5748
16.4450, 5.08e-05, 6266.8367, 94.7193, 2.4146, -73.5064
16.4500, 4.9e-05, 6266.3775, 94.7538, 2.4148, -73.4380
16.4550, 4.88e-05, 6265.9183, 94.7883, 2.4150, -73.3696
16.4600, 4.87e-05, 6265.4590, 94.8227, 2.4153, -73.3011
16.4650, 6.23e-05, 6264.9997, 94.8571, 2.4155, -73.2326
16.4700, 4.98e-05, 6264.5403, 94.8916, 2.4157, -73.1640
16.4750, 4.88e-05, 6264.0809, 94.9259, 2.4160, -73.0955
16.4800, 5.21e-05, 6263.6215, 94.9603, 2.4162, -73.0268
16.4850, 4.86e-05, 6263.1621, 94.9946, 2.4164, -72.9582
16.4900, 4.87e-05, 6262.7027, 95.0289, 2.4167, -72.8895
16.4950, 4.88e-05, 6262.2432, 95.0632, 2.4169, -72.8208
16.5000, 6.37e-05, 6261.7837, 95.0975, 2.4171, -72.7520
16.5050, 4.91e-05, 6261.3242, 95.1317, 2.4174, -72.6832
16.5100, 4.9e-05, 6260.8647, 95.1659, 2.4176, -72.6144
16.5150, 4.87e-05, 6260.4051, 95.2001, 2.4178, -72.5456
16.5200, 5.04e-05, 6259.9455, 95.2343, 2.4180, -72.4767
16.5250, 4.84e-05, 6259.4860, 95.2684, 2.4183, -72.4078
16.5300, 4.89e-05, 6259.0263, 95.3025, 2.4185, -72.3388
16.5350, 6.2e-05, 6258.5667, 95.3366, 2.4187, -72.2699
16.5400, 5e-05, 6258.1071, 95.3706, 2.4190, -72.2009
16.5450, 4.87e-05, 6257.6475, 95.4047, 2.4192, -72.1318
16.5500, 4.84e-05, 6257.1878, 95.4387, 2.4194, -72.0628
16.5550, 5.05e-05, 6256.7281, 95.4727, 2.4196, -71.9937
16.5600, 4.87e-05, 6256.2684, 95.5066, 2.4199, -71.9246
16.5650, 5.23e-05, 6255.8088, 95.5405, 2.4201, -71.8554
16.5700, 6.01e-05, 6255.3491, 95.5744, 2.4203, -71.7862
16.5750, 5.16e-05, 6254.8894, 95.6083, 2.4206, -71.7170
16.5800, 4.87e-05, 6254.4296, 95.6421, 2.4208, -71.6478
16.5850, 4.87e-05, 6253.9699, 95.6760, 2.4210, -71.5785
16.5900, 4.84e-05, 6253.5102, 95.7098, 2.4212, -71.5092
16.5950, 5.06e-05, 6253.0505, 95.7435, 2.4215, -71.4399
16.6000, 4.83e-05, 6252.5908, 95.7773, 2.4217, -71.3706
16.6050, 5.97e-05, 6252.1310, 95.8110, 2.4219, -71.3012
16.6100, 5.21e-05, 6251.6713, 95.8447, 2.4221, -71.2318
16.6150, 4.88e-05, 6251.2116, 95.8783, 2.4223, -71.1624
16.6200, 4.84e-05, 6250.7518, 95.9120, 2.4226, -71.0930
16.6250, 4.85e-05, 6250.2921, 95.9456, 2.4228, -71.0235
16.6300, 5.02e-05, 6249.8324, 95.9791, 2.4230, -70.9540
16.6350, 4.82e-05, 6249.3727, 96.0127, 2.4232, -70.8845
16.6400, 5.97e-05, 6248.9130, 96.0462, 2.4234, -70.8149
16.6450, 5.03e-05, 6248.4533, 96.0797, 2.4237, -70.7454
16.6500, 5.47e-05, 6247.9936, 96.1132, 2.4239, -70.6758
16.6550, 4.83e-05, 6247.5339, 96.1466, 2.4241, -70.6062
16.6600, 4.82e-05, 6247.0742, 96.1800, 2.4243, -70.5365
16.6650, 5.08e-05, 6246.6145, 96.2134, 2.4245, -70.4669
16.6700, 4.92e-05, 6246.1549, 96.2468, 2.4248, -70.3972
16.6750, 5.95e-05, 6245.6952, 96.2801, 2.4250, -70.3275
16.6800, 4.95e-05, 6245.2356, 96.3134, 2.4252, -70.2577
16.6850, 5.07e-05, 6244.7760, 96.3467, 2.4254, -70.1880
16.6900, 4.86e-05, 6244.3164, 96.3799, 2.4256, -70.1182
16.6950, 4.97e-05, 6243.8568, 96.4132, 2.4258, -70.0484
16.7000, 4.85e-05, 6243.3972, 96.4463, 2.4261, -69.9786
16.7050, 5.06e-05, 6242.9377, 96.4795, 2.4263, -69.9087
16.7100, 5.93e-05, 6242.4781, 96.5126, 2.4265, -69.8389
16.7150, 4.96e-05, 6242.0186, 96.5457, 2.4267, -69.7690
16.7200, 4.85e-05, 6241.5591, 96.5788, 2.4269, -69.6991
16.7250, 5.1e-05, 6241.0997, 96.6119, 2.4271, -69.6291
16.7300, 4.87e-05, 6240.6402, 96.6449, 2.4273, -69.5592
16.7350, 5.3e-05, 6240.1808, 96.6779, 2.4276, -69.4892
16.7400, 5.08e-05, 6239.7214, 96.7108, 2.4278, -69.4192
16.7450, 5.97e-05, 6239.2620, 96.7438, 2.4280, -69.3492
16.7500, 4.98e-05, 6238.8027, 96.7767, 2.4282, -69.2792
16.7550, 4.85e-05, 6238.3434, 96.8096, 2.4284, -69.2091
16.7600, 5.68e-05, 6237.8841, 96.8424, 2.4286, -69.1391
16.7650, 4.88e-05, 6237.4248, 96.8752, 2.4288, -69.0690
16.7700, 5.32e-05, 6236.9656, 96.9080, 2.4290, -68.9989
16.7750, 4.95e-05, 6236.5064, 96.9408, 2.4292, -68.9287
16.7800, 6.47e-05, 6236.0473, 96.9735, 2.4295, -68.8586
16.7850, 4.91e-05, 6235.5882, 97.0062, 2.4297, -68.7884
16.7900, 4.87e-05, 6235.1291, 97.0389, 2.4299, -68.7182
16.7950, 5.1e-05, 6234.6700, 97.0715, 2.4301, -68.6480
16.8000, 4.89e-05, 6234.2110, 97.1041, 2.4303, -68.5778
16.8050, 4.9e-05, 6233.7520, 97.1367, 2.4305, -68.5075
16.8100, 4.84e-05, 6233.2931, 97.1693, 2.4307, -68.4373
16.8150, 0.0001274, 6232.8342, 97.2018, 2.4309, -68.3670
16.8200, 7.29e-05, 6232.3753, 97.2343, 2.4311, -68.2967
16.8250, 5.11e-05, 6231.9165, 97.2668, 2.4313, -68.2264
16.8300, 5e-05, 6231.4578, 97.2992, 2.4315, -68.1561
16.8350, 5.15e-05, 6230.9990, 97.3316, 2.4317, -68.0857
16.8400, 4.88e-05, 6230.5404, 97.3640, 2.4319, -68.0154
16.8450, 6.36e-05, 6230.0817, 97.3963, 2.4321, -67.9450
16.8500, 5.17e-05, 6229.6231, 97.4286, 2.4323, -67.8746
16.8550, 4.94e-05, 6229.1646, 97.4609, 2.4326, -67.8041
16.8600, 4.87e-05, 6228.7061, 97.4932, 2.4328, -67.7337
16.8650, 4.88e-05, 6228.2477, 97.5254, 2.4330, -67.6633
16.8700, 5.08e-05, 6227.7893, 97.5576, 2.4332, -67.5928
16.8750, 4.88e-05, 6227.3310, 97.5898, 2.4334, -67.5223
16.8800, 6.12e-05, 6226.8727, 97.6219, 2.4336, -67.4518
16.8850, 4.96e-05, 6226.4145, 97.6540, 2.4338, -67.3813
16.8900, 7.14e-05, 6225.9563, 97.6861, 2.4340, -67.3108
16.8950, 4.92e-05, 6225.4982, 97.7181, 2.4342, -67.2402
16.9000, 4.88e-05, 6225.0401, 97.7501, 2.4344, -67.1696
16.9050, 4.9e-05, 6224.5821, 97.7821, 2.4346, -67.0991
16.9100, 6.13e-05, 6224.1242, 97.8140, 2.4348, -67.0285
16.9150, 5.06e-05, 6223.6663, 97.8459, 2.4350, -66.9579
16.9200, 4.88e-05, 6223.2085, 97.8778, 2.4352, -66.8872
16.9250, 5.04e-05, 6222.7508, 97.9097, 2.4354, -66.8166
16.9300, 4.89e-05, 6222.2931, 97.9415, 2.4356, -66.7459
16.9350, 4.93e-05, 6221.8355, 97.9733, 2.4358, -66.6753
16.9400, 4.85e-05, 6221.3779, 98.0050, 2.4360, -66.6046
16.9450, 6.59e-05, 6220.9204, 98.0368, 2.4362, -66.5339
16.9500, 5.06e-05, 6220.4630, 98.0685, 2.4364, -66.4632
16.9550, 4.96e-05, 6220.0057, 98.1001, 2.4365, -66.3924
16.9600, 4.99e-05, 6219.5484, 98.1318, 2.4367, -66.3217
16.9650, 5.22e-05, 6219.0912, 98.1634, 2.4369, -66.2509
16.9700, 4.92e-05, 6218.6340, 98.1949, 2.4371, -66.1802
16.9750, 5.34e-05, 6218.1770, 98.2265, 2.4373, -66.1094
16.9800, 6.22e-05, 6217.7200, 98.2580, 2.4375, -66.0386
16.9850, 5.07e-05, 6217.2631, 98.2894, 2.4377, -65.9677
16.9900, 4.89e-05, 6216.8062, 98.3209, 2.4379, -65.8969
16.9950, 4.9e-05, 6216.3495, 98.3523, 2.4381, -65.8261
17.0000, 5.1e-05, 6215.8928, 98.3837, 2.4383, -65.7552
17.0050, 8.34e-05, 6215.4362, 98.4150, 2.4385, -65.6843
17.0100, 0.0002079, 6214.9797, 98.4463, 2.4387, -65.6135
17.0150, 6.37e-05, 6214.5232, 98.4776, 2.4389, -65.5426
17.0200, 5.31e-05, 6214.0668, 98.5088, 2.4391, -65.4717
17.0250, 5.03e-05, 6213.6106, 98.5401, 2.4393, -65.4007
17.0300, 6.64e-05, 6213.1544, 98.5712, 2.4395, -65.3298
17.0350, 5.69e-05, 6212.6983, 98.6024, 2.4396, -65.2588
17.0400, 5.22e-05, 6212.2423, 98.6335, 2.4398, -65.1879
17.0450, 4.9e-05, 6211.7863, 98.6646, 2.4400, -65.1169
17.0500, 4.89e-05, 6211.3305, 98.6956, 2.4402, -65.0459
17.0550, 5.13e-05, 6210.8747, 98.7266, 2.4404, -64.9749
17.0600, 4.86e-05, 6210.4191, 98.7576, 2.4406, -64.9039
17.0650, 5.96e-05, 6209.9635, 98.7886, 2.4408, -64.8329
17.0700, 5.05e-05, 6209.5080, 98.8195, 2.4410, -64.7618
17.0750, 5.1e-05, 6209.0526, 98.8504, 2.4412, -64.6908
17.0800, 4.92e-05, 6208.5973, 98.8812, 2.4413, -64.6197
17.0850, 4.88e-05, 6208.1422, 98.9120, 2.4415, -64.5486
17.0900, 4.86e-05, 6207.6871, 98.9428, 2.4417, -64.4776
17.0950, 5.08e-05, 6207.2321, 98.9736, 2.4419, -64.4065
17.1000, 5.94e-05, 6206.7772, 99.0043, 2.4421, -64.3354
17.1050, 5.13e-05, 6206.3224, 99.0350, 2.4423, -64.2642
17.1100, 5.1e-05, 6205.8677, 99.0656, 2.4425, -64.1931
17.1150, 4.94e-05, 6205.4131, 99.0962, 2.4427, -64.1219
17.1200, 5.25e-05, 6204.9586, 99.1268, 2.4428, -64.0508
17.1250, 4.93e-05, 6204.5042, 99.1573, 2.4430, -63.9796
17.1300, 5.07e-05, 6204.0499, 99.1879, 2.4432, -63.9084
17.1350, 5.9e-05, 6203.5957, 99.2183, 2.4434, -63.8372
17.1400, 5.12e-05, 6203.1417, 99.2488, 2.4436, -63.7660
17.1450, 4.88e-05, 6202.6877, 99.2792, 2.4438, -63.6948
17.1500, 5.07e-05, 6202.2339, 99.3096, 2.4439, -63.6236
17.1550, 4.85e-05, 6201.7801, 99.3399, 2.4441, -63.5524
17.1600, 4.82e-05, 6201.3265, 99.3702, 2.4443, -63.4811
17.1650, 4.97e-05, 6200.8730, 99.4005, 2.4445, -63.4099
17.1700, 6.15e-05, 6200.4196, 99.4307, 2.4447, -63.3386
17.1750, 5.11e-05, 6199.9663, 99.4609, 2.4449, -63.2673
17.1800, 4.88e-05, 6199.5131, 99.4911, 2.4450, -63.1960
17.1850, 5.08e-05, 6199.0601, 99.5212, 2.4452, -63.1247
17.1900, 4.86e-05, 6198.6071, 99.5513, 2.4454, -63.0534
17.1950, 4.87e-05, 6198.1543, 99.5814, 2.4456, -62.9821
17.2000, 4.9e-05, 6197.7016, 99.6114, 2.4458, -62.9107
17.2050, 5.08e-05, 6197.2490, 99.6414, 2.4459, -62.8394
17.2100, 5.18e-05, 6196.7966, 99.6713, 2.4461, -62.7680
17.2150, 4.87e-05, 6196.3443, 99.7013, 2.4463, -62.6967
17.2200, 4.88e-05, 6195.8920, 99.7312, 2.4465, -62.6253
17.2250, 5.1e-05, 6195.4400, 99.7610, 2.4467, -62.5539
17.2300, 4.87e-05, 6194.9880, 99.7908, 2.4468, -62.4825
17.2350, 5.79e-05, 6194.5362, 99.8206, 2.4470, -62.4111
17.2400, 7.41e-05, 6194.0845, 99.8503, 2.4472, -62.3397
17.2450, 4.92e-05, 6193.6329, 99.8801, 2.4474, -62.2683
17.2500, 4.88e-05, 6193.1815, 99.9097, 2.4475, -62.1968
17.2550, 4.88e-05, 6192.7302, 99.9394, 2.4477, -62.1254
17.2600, 5.05e-05, 6192.2790, 99.9690, 2.4479, -62.0539
17.2650, 4.87e-05, 6191.8280, 99.9985, 2.4481, -61.9825
17.2700, 4.86e-05, 6191.3771, 100.0281, 2.4482, -61.9110
17.2750, 5.98e-05, 6190.9263, 100.0576, 2.4484, -61.8395
17.2800, 5.15e-05, 6190.4757, 100.0870, 2.4486, -61.7680
17.2850, 4.87e-05, 6190.0252, 100.1164, 2.4488, -61.6965
17.2900, 5.26e-05, 6189.5748, 100.1458, 2.4489, -61.6250
17.2950, 5.16e-05, 6189.1246, 100.1752, 2.4491, -61.5535
17.3000, 4.86e-05, 6188.6745, 100.2045, 2.4493, -61.4819
17.3050, 4.87e-05, 6188.2246, 100.2338, 2.4495, -61.4104
17.3100, 8.16e-05, 6187.7748, 100.2630, 2.4496, -61.3389
17.3150, 5.85e-05, 6187.3252, 100.2922, 2.4498, -61.2673
17.3200, 5.43e-05, 6186.8757, 100.3214, 2.4500, -61.1957
17.3250, 5.4e-05, 6186.4263, 100.3505, 2.4502, -61.1242
17.3300, 5.41e-05, 6185.9771, 100.3796, 2.4503, -61.0526
17.3350, 5.62e-05, 6185.5281, 100.4087, 2.4505, -60.9810
17.3400, 6.26e-05, 6185.0792, 100.4377, 2.4507, -60.9094
17.3450, 5e-05, 6184.6304, 100.4667, 2.4508, -60.8378
17.3500, 4.88e-05, 6184.1818, 100.4956, 2.4510, -60.7661
17.3550, 5.06e-05, 6183.7334, 100.5245, 2.4512, -60.6945
17.3600, 4.83e-05, 6183.2851, 100.5534, 2.4514, -60.6229
17.3650, 4.88e-05, 6182.8369, 100.5822, 2.4515, -60.5512
17.3700, 5.45e-05, 6182.3890, 100.6110, 2.4517, -60.4796
17.3750, 6.04e-05, 6181.9411, 100.6398, 2.4519, -60.4079
17.3800, 4.88e-05, 6181.4935, 100.6685, 2.4520, -60.3362
17.3850, 4.81e-05, 6181.0460, 100.6972, 2.4522, -60.2645
17.3900, 7.82e-05, 6180.5986, 100.7259, 2.4524, -60.1929
17.3950, 9.8e-05, 6180.1514, 100.7545, 2.4525, -60.1212
17.4000, 0.0001036, 6179.7044, 100.7831, 2.4527, -60.0494
17.4050, 0.0001158, 6179.2575, 100.8116, 2.4529, -59.9777
17.4100, 6.26e-05, 6178.8108, 100.8401, 2.4530, -59.9060
17.4150, 5.49e-05, 6178.3643, 100.8685, 2.4532, -59.8343
17.4200, 5.46e-05, 6177.9179, 100.8970, 2.4534, -59.7625
17.4250, 6.84e-05, 6177.4718, 100.9254, 2.4535, -59.6908
17.4300, 5.41e-05, 6177.0257, 100.9537, 2.4537, -59.6190
17.4350, 5.04e-05, 6176.5799, 100.9820, 2.4539, -59.5473
17.4400, 4.9e-05, 6176.1342, 101.0103, 2.4540, -59.4755
17.4450, 5.14e-05, 6175.6887, 101.0385, 2.4542, -59.4037
17.4500, 4.91e-05, 6175.2433, 101.0667, 2.4544, -59.3319
17.4550, 4.89e-05, 6174.7982, 101.0949, 2.4545, -59.2601
17.4600, 6.05e-05, 6174.3532, 101.1230, 2.4547, -59.1883
17.4650, 7.07e-05, 6173.9084, 101.1511, 2.4549, -59.1165
17.4700, 4.85e-05, 6173.4637, 101.1791, 2.4550, -59.0447
17.4750, 4.85e-05, 6173.0193, 101.2071, 2.4552, -58.9729
17.4800, 4.96e-05, 6172.5750, 101.2351, 2.4554, -58.9011
17.4850, 5.5e-05, 6172.1309, 101.2630, 2.4555, -58.8292
17.4900, 6.09e-05, 6171.6870, 101.2909, 2.4557, -58.7574
17.4950, 5.18e-05, 6171.2432, 101.3187, 2.4558, -58.6855
17.5000, 5.11e-05, 6170.7997, 101.3466, 2.4560, -58.6136
17.5050, 4.95e-05, 6170.3563, 101.3743, 2.4562, -58.5418
17.5100, 5.27e-05, 6169.9131, 101.4021, 2.4563, -58.4699
17.5150, 4.92e-05, 6169.4702, 101.4298, 2.4565, -58.3980
17.5200, 5.08e-05, 6169.0273, 101.4574, 2.4567, -58.3261
17.5250, 5.97e-05, 6168.5847, 101.4850, 2.4568, -58.2542
17.5300, 4.98e-05, 6168.1423, 101.5126, 2.4570, -58.1823
17.5350, 4.88e-05, 6167.7001, 101.5401, 2.4571, -58.1104
17.5400, 5.15e-05, 6167.2580, 101.5676, 2.4573, -58.0385
17.5450, 4.85e-05, 6166.8162, 101.5951, 2.4575, -57.9666
17.5500, 4.85e-05, 6166.3745, 101.6225, 2.4576, -57.8946
17.5550, 5.09e-05, 6165.9331, 101.6499, 2.4578, -57.8227
17.5600, 5.9e-05, 6165.4918, 101.6772, 2.4579, -57.7507
17.5650, 4.99e-05, 6165.0508, 101.7045, 2.4581, -57.6788
17.5700, 4.86e-05, 6164.6099, 101.7318, 2.4582, -57.6068
17.5750, 5.07e-05, 6164.1692, 101.7590, 2.4584, -57.5348
17.5800, 4.83e-05, 6163.7288, 101.7862, 2.4586, -57.4629
17.5850, 4.81e-05, 6163.2885, 101.8133, 2.4587, -57.3909
17.5900, 4.84e-05, 6162.8484, 101.8404, 2.4589, -57.3189
17.5950, 6.38e-05, 6162.4086, 101.8675, 2.4590, -57.2469
17.6000, 5.03e-05, 6161.9689, 101.8945, 2.4592, -57.1749
17.6050, 4.87e-05, 6161.5295, 101.9215, 2.4593, -57.1029
17.6100, 4.83e-05, 6161.0903, 101.9484, 2.4595, -57.0309
17.6150, 5.07e-05, 6160.6512, 101.9753, 2.4597, -56.9589
17.6200, 4.84e-05, 6160.2124, 102.0022, 2.4598, -56.8868
17.6250, 4.86e-05, 6159.7738, 102.0290, 2.4600, -56.8148
17.6300, 6.12e-05, 6159.3354, 102.0558, 2.4601, -56.7427
17.6350, 4.99e-05, 6158.8972, 102.0825, 2.4603, -56.6707
17.6400, 4.81e-05, 6158.4593, 102.1092, 2.4604, -56.5986
17.6450, 4.88e-05, 6158.0215, 102.1359, 2.4606, -56.5266
17.6500, 5.06e-05, 6157.5840, 102.1625, 2.4607, -56.4545
17.6550, 4.87e-05, 6157.1466, 102.1891, 2.4609, -56.3824
17.6600, 4.89e-05, 6156.7095, 102.2156, 2.4610, -56.3104
17.6650, 5.93e-05, 6156.2727, 102.2421, 2.4612, -56.2383
17.6700, 5.26e-05, 6155.8360, 102.2686, 2.4614, -56.1662
17.6750, 4.88e-05, 6155.3995, 102.2950, 2.4615, -56.0941
17.6800, 4.84e-05, 6154.9633, 102.3214, 2.4617, -56.0220
17.6850, 5.15e-05, 6154.5273, 102.3477, 2.4618, -55.9499
17.6900, 4.89e-05, 6154.0916, 102.3740, 2.4620, -55.8778
17.6950, 4.87e-05, 6153.6560, 102.4002, 2.4621, -55.8056
17.7000, 5.94e-05, 6153.2207, 102.4264, 2.4623, -55.7335
17.7050, 5.22e-05, 6152.7856, 102.4526, 2.4624, -55.6614
17.7100, 4.86e-05, 6152.3507, 102.4787, 2.4626, -55.5892
17.7150, 4.82e-05, 6151.9161, 102.5048, 2.4627, -55.5171
17.7200, 4.84e-05, 6151.4817, 102.5309, 2.4629, -55.4450
17.7250, 5.15e-05, 6151.0475, 102.5569, 2.4630, -55.3728
17.7300, 4.84e-05, 6150.6136, 102.5828, 2.4632, -55.3006
17.7350, 5.86e-05, 6150.1799, 102.6087, 2.4633, -55.2285
17.7400, 5.25e-05, 6149.7464, 102.6346, 2.4635, -55.1563
17.7450, 4.91e-05, 6149.3132, 102.6605, 2.4636, -55.0841
17.7500, 4.86e-05, 6148.8802, 102.6863, 2.4638, -55.0119
17.7550, 4.86e-05, 6148.4474, 102.7120, 2.4639, -54.9397
17.7600, 5.03e-05, 6148.0149, 102.7377, 2.4641, -54.8675
17.7650, 4.81e-05, 6147.5826, 102.7634, 2.4642, -54.7953
17.7700, 6.27e-05, 6147.1506, 102.7890, 2.4644, -54.7231
17.7750, 5.04e-05, 6146.7188, 102.8146, 2.4645, -54.6509
17.7800, 5.1e-05, 6146.2872, 102.8401, 2.4647, -54.5787
17.7850, 4.87e-05, 6145.8559, 102.8656, 2.4648, -54.5065
17.7900, 4.87e-05, 6145.4248, 102.8911, 2.4649, -54.4343
17.7950, 4.82e-05, 6144.9940, 102.9165, 2.4651, -54.3620
17.8000, 5.07e-05, 6144.5635, 102.9419, 2.4652, -54.2898
17.8050, 5.89e-05, 6144.1331, 102.9672, 2.4654, -54.2176
17.8100, 5e-05, 6143.7031, 102.9925, 2.4655, -54.1453
17.8150, 5.2e-05, 6143.2733, 103.0177, 2.4657, -54.0731
17.8200, 4.89e-05, 6142.8437, 103.0429, 2.4658, -54.0008
17.8250, 4.9e-05, 6142.4144, 103.0681, 2.4660, -53.9285
17.8300, 4.85e-05, 6141.9853, 103.0932, 2.4661, -53.8563
17.8350, 5.68e-05, 6141.5565, 103.1183, 2.4663, -53.7840
17.8400, 5.88e-05, 6141.1280, 103.1433, 2.4664, -53.7117
17.8450, 5.04e-05, 6140.6997, 103.1683, 2.4665, -53.6394
17.8500, 4.97e-05, 6140.2716, 103.1932, 2.4667, -53.5671
17.8550, 5.61e-05, 6139.8439, 103.2182, 2.4668, -53.4948
17.8600, 4.89e-05, 6139.4164, 103.2430, 2.4670, -53.4225
17.8650, 4.93e-05, 6138.9891, 103.2678, 2.4671, -53.3502
17.8700, 5.06e-05, 6138.5621, 103.2926, 2.4673, -53.2779
17.8750, 5.93e-05, 6138.1354, 103.3173, 2.4674, -53.2056
17.8800, 5.01e-05, 6137.7089, 103.3420, 2.4676, -53.1333
17.8850, 4.87e-05, 6137.2828, 103.3667, 2.4677, -53.0610
17.8900, 5.06e-05, 6136.8568, 103.3913, 2.4678, -52.9887
17.8950, 4.86e-05, 6136.4312, 103.4158, 2.4680, -52.9163
17.9000, 4.87e-05, 6136.0058, 103.4403, 2.4681, -52.8440
17.9050, 4.86e-05, 6135.5807, 103.4648, 2.4683, -52.7717
17.9100, 6.09e-05, 6135.1558, 103.4892, 2.4684, -52.6993
17.9150, 5.01e-05, 6134.7312, 103.5136, 2.4685, -52.6270
17.9200, 4.86e-05, 6134.3069, 103.5379, 2.4687, -52.5546
17.9250, 4.88e-05, 6133.8829, 103.5622, 2.4688, -52.4823
17.9300, 5.14e-05, 6133.4592, 103.5865, 2.4690, -52.4099
17.9350, 4.9e-05, 6133.0357, 103.6107, 2.4691, -52.3375
17.9400, 6.93e-05, 6132.6125, 103.6349, 2.4692, -52.2652
17.9450, 0.0001707, 6132.1896, 103.6590, 2.4694, -52.1928
17.9500, 0.0001482, 6131.7669, 103.6831, 2.4695, -52.1204
17.9550, 0.000145, 6131.3446, 103.7071, 2.4697, -52.0480
17.9600, 9.28e-05, 6130.9225, 103.7311, 2.4698, -51.9756
17.9650, 0.000104, 6130.5007, 103.7550, 2.4699, -51.9032
17.9700, 0.0001014, 6130.0792, 103.7789, 2.4701, -51.8308
17.9750, 0.000114, 6129.6579, 103.8028, 2.4702, -51.7584
17.9800, 0.0001194, 6129.2370, 103.8266, 2.4704, -51.6860
17.9850, 0.0001286, 6128.8163, 103.8503, 2.4705, -51.6136
17.9900, 9.14e-05, 6128.3960, 103.8741, 2.4706, -51.5412
17.9950, 0.0001256, 6127.9759, 103.8977, 2.4708, -51.4688
18.0000, 8.93e-05, 6127.5561, 103.9214, 2.4709, -51.3964
18.0050, 9.58e-05, 6127.1366, 103.9450, 2.4710, -51.3239
18.0100, 8.62e-05, 6126.7174, 103.9685, 2.4712, -51.2515
18.0150, 9.4e-05, 6126.2985, 103.9920, 2.4713, -51.1791
18.0200, 0.0002952, 6125.8799, 104.0155, 2.4714, -51.1066
18.0250, 7.1e-05, 6125.4615, 104.0389, 2.4716, -51.0342
18.0300, 5.72e-05, 6125.0435, 104.0622, 2.4717, -50.9618
18.0350, 5.54e-05, 6124.6258, 104.0855, 2.4719, -50.8893
18.0400, 5.7e-05, 6124.2084, 104.1088, 2.4720, -50.8169
18.0450, 5.45e-05, 6123.7912, 104.1321, 2.4721, -50.7444
18.0500, 5.4e-05, 6123.3744, 104.1552, 2.4723, -50.6719
18.0550, 5.42e-05, 6122.9579, 104.1784, 2.4724, -50.5995
18.0600, 5.63e-05, 6122.5416, 104.2015, 2.4725, -50.5270
18.0650, 5.4e-05, 6122.1257, 104.2245, 2.4727, -50.4545
18.0700, 5.41e-05, 6121.7101, 104.2475, 2.4728, -50.3821
18.0750, 6.08e-05, 6121.2948, 104.2705, 2.4729, -50.3096
18.0800, 4.99e-05, 6120.8798, 104.2934, 2.4731, -50.2371
18.0850, 4.91e-05, 6120.4651, 104.3163, 2.4732, -50.1646
18.0900, 4.88e-05, 6120.0507, 104.3391, 2.4733, -50.0921
18.0950, 5.09e-05, 6119.6366, 104.3619, 2.4735, -50.0197
18.1000, 4.92e-05, 6119.2228, 104.3846, 2.4736, -49.9472
18.1050, 4.9e-05, 6118.8094, 104.4073, 2.4737, -49.8747
18.1100, 4.88e-05, 6118.3962, 104.4299, 2.4739, -49.8022
18.1150, 5.09e-05, 6117.9834, 104.4525, 2.4740, -49.7297
18.1200, 4.9e-05, 6117.5709, 104.4750, 2.4741, -49.6571
18.1250, 4.95e-05, 6117.1587, 104.4975, 2.4743, -49.5846
18.1300, 5.1e-05, 6116.7468, 104.5200, 2.4744, -49.5121
18.1350, 4.9e-05, 6116.3352, 104.5424, 2.4745, -49.4396
18.1400, 4.88e-05, 6115.9240, 104.5648, 2.4746, -49.3671
18.1450, 4.84e-05, 6115.5131, 104.5871, 2.4748, -49.2946
18.1500, 5.05e-05, 6115.1025, 104.6094, 2.4749, -49.2220
18.1550, 4.89e-05, 6114.6922, 104.6316, 2.4750, -49.1495
18.1600, 4.88e-05, 6114.2822, 104.6538, 2.4752, -49.0770
18.1650, 5.34e-05, 6113.8726, 104.6759, 2.4753, -49.0044
18.1700, 5.12e-05, 6113.4633, 104.6980, 2.4754, -48.9319
18.1750, 4.91e-05, 6113.0543, 104.7200, 2.4756, -48.8594
18.1800, 4.85e-05, 6112.6457, 104.7420, 2.4757, -48.7868
18.1850, 5.1e-05, 6112.2373, 104.7640, 2.4758, -48.7143
18.1900, 5.29e-05, 6111.8293, 104.7859, 2.4759, -48.6417
18.1950, 4.93e-05, 6111.4217, 104.8077, 2.4761, -48.5692
18.2000, 4.93e-05, 6111.0143, 104.8295, 2.4762, -48.4966
18.2050, 5.13e-05, 6110.6073, 104.8513, 2.4763, -48.4240
18.2100, 4.88e-05, 6110.2007, 104.8730, 2.4765, -48.3515
18.2150, 4.9e-05, 6109.7943, 104.8947, 2.4766, -48.2789
18.2200, 4.91e-05, 6109.3883, 104.9163, 2.4767, -48.2063
18.2250, 5.13e-05, 6108.9827, 104.9379, 2.4768, -48.1338
18.2300, 4.92e-05, 6108.5773, 104.9594, 2.4770, -48.0612
18.2350, 4.87e-05, 6108.1723, 104.9809, 2.4771, -47.9886
18.2400, 4.88e-05, 6107.7677, 105.0023, 2.4772, -47.9160
18.2450, 5.09e-05, 6107.3634, 105.0237, 2.4774, -47.8435
18.2500, 4.96e-05, 6106.9594, 105.0450, 2.4775, -47.7709
18.2550, 4.88e-05, 6106.5558, 105.0663, 2.4776, -47.6983
18.2600, 5.1e-05, 6106.1525, 105.0876, 2.4777, -47.6257
18.2650, 4.9e-05, 6105.7496, 105.1088, 2.4779, -47.5531
18.2700, 4.88e-05, 6105.3470, 105.1299, 2.4780, -47.4805
18.2750, 4.9e-05, 6104.9448, 105.1510, 2.4781, -47.4079
18.2800, 5.08e-05, 6104.5429, 105.1721, 2.4782, -47.3353
18.2850, 6.41e-05, 6104.1413, 105.1931, 2.4784, -47.2627
18.2900, 5.01e-05, 6103.7401, 105.2140, 2.4785, -47.1901
18.2950, 4.9e-05, 6103.3393, 105.2349, 2.4786, -47.1175
18.3000, 5.09e-05, 6102.9388, 105.2558, 2.4787, -47.0449
18.3050, 4.89e-05, 6102.5387, 105.2766, 2.4789, -46.9723
18.3100, 4.92e-05, 6102.1389, 105.2974, 2.4790, -46.8997
18.3150, 0.0002722, 6101.7394, 105.3181, 2.4791, -46.8271
18.3200, 0.0001688, 6101.3404, 105.3388, 2.4792, -46.7545
18.3250, 6.14e-05, 6100.9417, 105.3594, 2.4794, -46.6818
18.3300, 5.37e-05, 6100.5433, 105.3800, 2.4795, -46.6092
18.3350, 5.14e-05, 6100.1453, 105.4005, 2.4796, -46.5366
18.3400, 4.97e-05, 6099.7477, 105.4210, 2.4797, -46.4640
18.3450, 4.89e-05, 6099.3504, 105.4414, 2.4798, -46.3914
18.3500, 4.88e-05, 6098.9535, 105.4618, 2.4800, -46.3187
18.3550, 5.07e-05, 6098.5569, 105.4822, 2.4801, -46.2461
18.3600, 4.88e-05, 6098.1607, 105.5025, 2.4802, -46.1735
18.3650, 5.08e-05, 6097.7649, 105.5227, 2.4803, -46.1008
18.3700, 4.89e-05, 6097.3694, 105.5429, 2.4805, -46.0282
18.3750, 5.14e-05, 6096.9743, 105.5630, 2.4806, -45.9556
18.3800, 5.3e-05, 6096.5796, 105.5831, 2.4807, -45.8829
18.3850, 5.42e-05, 6096.1852, 105.6032, 2.4808, -45.8103
18.3900, 5.13e-05, 6095.7912, 105.6232, 2.4809, -45.7376
18.3950, 6.03e-05, 6095.3976, 105.6431, 2.4811, -45.6650
18.4000, 5.03e-05, 6095.0044, 105.6631, 2.4812, -45.5923
18.4050, 4.92e-05, 6094.6115, 105.6829, 2.4813, -45.5197
18.4100, 5.04e-05, 6094.2190, 105.7027, 2.4814, -45.4470
18.4150, 4.83e-05, 6093.8269, 105.7225, 2.4815, -45.3744
18.4200, 4.91e-05, 6093.4351, 105.7422, 2.4817, -45.3017
18.4250, 4.85e-05, 6093.0438, 105.7618, 2.4818, -45.2291
18.4300, 6.08e-05, 6092.6528, 105.7815, 2.4819, -45.1564
18.4350, 5.05e-05, 6092.2622, 105.8010, 2.4820, -45.0838
18.4400, 4.9e-05, 6091.8719, 105.8205, 2.4821, -45.0111
18.4450, 5.07e-05, 6091.4821, 105.8400, 2.4823, -44.9385
18.4500, 4.87e-05, 6091.0926, 105.8594, 2.4824, -44.8658
18.4550, 4.89e-05, 6090.7035, 105.8788, 2.4825, -44.7931
18.4600, 4.88e-05, 6090.3148, 105.8981, 2.4826, -44.7205
18.4650, 6.42e-05, 6089.9265, 105.9174, 2.4827, -44.6478
18.4700, 5.06e-05, 6089.5385, 105.9366, 2.4829, -44.5751
18.4750, 4.87e-05, 6089.1510, 105.9558, 2.4830, -44.5025
18.4800, 4.86e-05, 6088.7638, 105.9749, 2.4831, -44.4298
18.4850, 5.05e-05, 6088.3771, 105.9939, 2.4832, -44.3571
18.4900, 4.87e-05, 6087.9907, 106.0130, 2.4833, -44.2845
18.4950, 4.89e-05, 6087.6047, 106.0319, 2.4834, -44.2118
18.5000, 4.84e-05, 6087.2191, 106.0509, 2.4836, -44.1391
18.5050, 5.26e-05, 6086.8339, 106.0697, 2.4837, -44.0664
18.5100, 4.87e-05, 6086.4491, 106.0886, 2.4838, -43.9938
18.5150, 4.88e-05, 6086.0646, 106.1073, 2.4839, -43.9211
18.5200, 0.0001651, 6085.6806, 106.1261, 2.4840, -43.8484
18.5250, 5.44e-05, 6085.2970, 106.1448, 2.4841, -43.7757
18.5300, 4.93e-05, 6084.9137, 106.1634, 2.4843, -43.7030
18.5350, 5.23e-05, 6084.5309, 106.1820, 2.4844, -43.6304
18.5400, 5.14e-05, 6084.1485, 106.2005, 2.4845, -43.5577
18.5450, 4.88e-05, 6083.7664, 106.2190, 2.4846, -43.4850
18.5500, 4.86e-05, 6083.3848, 106.2374, 2.4847, -43.4123
18.5550, 4.87e-05, 6083.0036, 106.2558, 2.4848, -43.3396
18.5600, 5.29e-05, 6082.6227, 106.2741, 2.4850, -43.2669
18.5650, 4.88e-05, 6082.2423, 106.2924, 2.4851, -43.1943
18.5700, 0.0002011, 6081.8623, 106.3106, 2.4852, -43.1216
18.5750, 5.44e-05, 6081.4827, 106.3288, 2.4853, -43.0489
18.5800, 6.3e-05, 6081.1035, 106.3469, 2.4854, -42.9762
18.5850, 4.96e-05, 6080.7247, 106.3650, 2.4855, -42.9035
18.5900, 4.88e-05, 6080.3463, 106.3830, 2.4856, -42.8308
18.5950, 0.0002099, 6079.9683, 106.4010, 2.4858, -42.7581
18.6000, 5.09e-05, 6079.5907, 106.4189, 2.4859, -42.6854
18.6050, 4.96e-05, 6079.2136, 106.4368, 2.4860, -42.6127
18.6100, 6.09e-05, 6078.8368, 106.4546, 2.4861, -42.5400
18.6150, 5.39e-05, 6078.4605, 106.4724, 2.4862, -42.4674
18.6200, 4.98e-05, 6078.0846, 106.4901, 2.4863, -42.3947
18.6250, 4.91e-05, 6077.7091, 106.5078, 2.4864, -42.3220
18.6300, 5.11e-05, 6077.3340, 106.5254, 2.4866, -42.2493
18.6350, 4.89e-05, 6076.9593, 106.5430, 2.4867, -42.1766
18.6400, 4.92e-05, 6076.5851, 106.5605, 2.4868, -42.1039
18.6450, 5.96e-05, 6076.2112, 106.5780, 2.4869, -42.0312
18.6500, 5.64e-05, 6075.8378, 106.5954, 2.4870, -41.9585
18.6550, 4.93e-05, 6075.4648, 106.6128, 2.4871, -41.8858
18.6600, 4.89e-05, 6075.0923, 106.6301, 2.4872, -41.8131
18.6650, 4.88e-05, 6074.7201, 106.6474, 2.4873, -41.7404
18.6700, 5.08e-05, 6074.3484, 106.6646, 2.4875, -41.6677
18.6750, 4.94e-05, 6073.9771, 106.6818, 2.4876, -41.5950
18.6800, 6.97e-05, 6073.6062, 106.6989, 2.4877, -41.5223
18.6850, 5.11e-05, 6073.2358, 106.7160, 2.4878, -41.4496
18.6900, 5.22e-05, 6072.8658, 106.7330, 2.4879, -41.3769
18.6950, 4.89e-05, 6072.4962, 106.7500, 2.4880, -41.3043
18.7000, 4.9e-05, 6072.1270, 106.7669, 2.4881, -41.2316
18.7050, 5.14e-05, 6071.7583, 106.7837, 2.4882, -41.1589
18.7100, 4.92e-05, 6071.3900, 106.8005, 2.4883, -41.0862
18.7150, 5.98e-05, 6071.0221, 106.8173, 2.4885, -41.0135
18.7200, 5.01e-05, 6070.6547, 106.8340, 2.4886, -40.9408
18.7250, 5.13e-05, 6070.2877, 106.8507, 2.4887, -40.8681
18.7300, 4.94e-05, 6069.9211, 106.8673, 2.4888, -40.7954
18.7350, 4.91e-05, 6069.5550, 106.8838, 2.4889, -40.7227
18.7400, 4.89e-05, 6069.1893, 106.9003, 2.4890, -40.6500
18.7450, 5.13e-05, 6068.8241, 106.9168, 2.4891, -40.5773
18.7500, 5.96e-05, 6068.4592, 106.9332, 2.4892, -40.5046
18.7550, 5.01e-05, 6068.0949, 106.9496, 2.4893, -40.4319
18.7600, 6.55e-05, 6067.7309, 106.9658, 2.4894, -40.3592
18.7650, 4.93e-05, 6067.3674, 106.9821, 2.4895, -40.2865
18.7700, 4.87e-05, 6067.0044, 106.9983, 2.4897, -40.2139
18.7750, 4.87e-05, 6066.6418, 107.0144, 2.4898, -40.1412
18.7800, 5.12e-05, 6066.2796, 107.0305, 2.4899, -40.0685
18.7850, 6.06e-05, 6065.9179, 107.0466, 2.4900, -39.9958
18.7900, 4.98e-05, 6065.5566, 107.0626, 2.4901, -39.9231
18.7950, 4.92e-05, 6065.1958, 107.0785, 2.4902, -39.8504
18.8000, 5.11e-05, 6064.8354, 107.0944, 2.4903, -39.7777
18.8050, 4.93e-05, 6064.4755, 107.1102, 2.4904, -39.7050
18.8100, 4.91e-05, 6064.1160, 107.1260, 2.4905, -39.6323
18.8150, 4.9e-05, 6063.7570, 107.1417, 2.4906, -39.5597
18.8200, 6.17e-05, 6063.3984, 107.1574, 2.4907, -39.4870
18.8250, 4.95e-05, 6063.0403, 107.1730, 2.4908, -39.4143
18.8300, 4.89e-05, 6062.6826, 107.1886, 2.4909, -39.3416
18.8350, 5.1e-05, 6062.3254, 107.2041, 2.4911, -39.2689
18.8400, 4.9e-05, 6061.9686, 107.2196, 2.4912, -39.1962
18.8450, 5.97e-05, 6061.6123, 107.2350, 2.4913, -39.1236
18.8500, 5.05e-05, 6061.2564, 107.2504, 2.4914, -39.0509
18.8550, 0.0004288, 6060.9010, 107.2657, 2.4915, -38.9782
18.8600, 8.32e-05, 6060.5461, 107.2810, 2.4916, -38.9055
18.8650, 5.33e-05, 6060.1916, 107.2962, 2.4917, -38.8329
18.8700, 4.98e-05, 6059.8376, 107.3113, 2.4918, -38.7602
18.8750, 5.15e-05, 6059.4841, 107.3264, 2.4919, -38.6875
18.8800, 4.94e-05, 6059.1310, 107.3415, 2.4920, -38.6148
18.8850, 4.91e-05, 6058.7783, 107.3565, 2.4921, -38.5422
18.8900, 5.07e-05, 6058.4262, 107.3714, 2.4922, -38.4695
18.8950, 6.63e-05, 6058.0745, 107.3863, 2.4923, -38.3968
18.9000, 5.01e-05, 6057.7232, 107.4012, 2.4924, -38.3242
18.9050, 4.92e-05, 6057.3724, 107.4160, 2.4925, -38.2515
18.9100, 5.11e-05, 6057.0221, 107.4307, 2.4926, -38.1788
18.9150, 4.95e-05, 6056.6723, 107.4454, 2.4927, -38.1062
18.9200, 4.86e-05, 6056.3229, 107.4600, 2.4928, -38.0335
18.9250, 4.94e-05, 6055.9740, 107.4746, 2.4930, -37.9608
18.9300, 6.31e-05, 6055.6256, 107.4891, 2.4931, -37.8882
18.9350, 4.95e-05, 6055.2776, 107.5036, 2.4932, -37.8155
18.9400, 4.9e-05, 6054.9302, 107.5180, 2.4933, -37.7429
18.9450, 5.1e-05, 6054.5832, 107.5324, 2.4934, -37.6702
18.9500, 4.96e-05, 6054.2366, 107.5467, 2.4935, -37.5976
18.9550, 4.86e-05, 6053.8906, 107.5610, 2.4936, -37.5249
18.9600, 4.99e-05, 6053.5450, 107.5752, 2.4937, -37.4523
18.9650, 6.28e-05, 6053.1999, 107.5894, 2.4938, -37.3796
18.9700, 4.96e-05, 6052.8552, 107.6035, 2.4939, -37.3070
18.9750, 6.06e-05, 6052.5111, 107.6175, 2.4940, -37.2343
18.9800, 5.17e-05, 6052.1674, 107.6315, 2.4941, -37.1617
18.9850, 5.08e-05, 6051.8242, 107.6455, 2.4942, -37.0890
18.9900, 4.89e-05, 6051.4815, 107.6594, 2.4943, -37.0164
18.9950, 4.91e-05, 6051.1392, 107.6732, 2.4944, -36.9438
19.0000, 5.16e-05, 6050.7975, 107.6870, 2.4945, -36.8711
19.0050, 5.13e-05, 6050.4562, 107.7007, 2.4946, -36.7985
19.0100, 4.88e-05, 6050.1154, 107.7144, 2.4947, -36.7259
19.0150, 4.89e-05, 6049.7751, 107.7280, 2.4948, -36.6532
19.0200, 5.07e-05, 6049.4353, 107.7416, 2.4949, -36.5806
19.0250, 4.88e-05, 6049.0960, 107.7551, 2.4950, -36.5080
19.0300, 4.87e-05, 6048.7572, 107.7686, 2.4951, -36.4353
19.0350, 5.16e-05, 6048.4188, 107.7820, 2.4952, -36.3627
19.0400, 5.24e-05, 6048.0810, 107.7954, 2.4953, -36.2901
19.0450, 4.95e-05, 6047.7436, 107.8087, 2.4954, -36.2175
19.0500, 0.0002354, 6047.4067, 107.8219, 2.4955, -36.1449
19.0550, 5.39e-05, 6047.0703, 107.8351, 2.4956, -36.0723
19.0600, 5.21e-05, 6046.7344, 107.8483, 2.4957, -35.9997
19.0650, 4.95e-05, 6046.3990, 107.8614, 2.4958, -35.9270
19.0700, 4.91e-05, 6046.0641, 107.8744, 2.4959, -35.8544
19.0750, 5.11e-05, 6045.7297, 107.8874, 2.4960, -35.7818
19.0800, 4.88e-05, 6045.3958, 107.9003, 2.4961, -35.7092
19.0850, 5.93e-05, 6045.0624, 107.9132, 2.4962, -35.6366
19.0900, 5.09e-05, 6044.7294, 107.9260, 2.4963, -35.5640
19.0950, 5.38e-05, 6044.3970, 107.9388, 2.4964, -35.4914
19.1000, 0.0001397, 6044.0651, 107.9515, 2.4965, -35.4189
19.1050, 6.11e-05, 6043.7337, 107.9642, 2.4966, -35.3463
19.1100, 5.15e-05, 6043.4027, 107.9768, 2.4967, -35.2737
19.1150, 6.27e-05, 6043.0723, 107.9893, 2.4968, -35.2011
19.1200, 5.04e-05, 6042.7424, 108.0018, 2.4969, -35.1285
19.1250, 4.9e-05, 6042.4130, 108.0143, 2.4970, -35.0559
19.1300, 4.93e-05, 6042.0840, 108.0267, 2.4971, -34.9834
19.1350, 5.22e-05, 6041.7556, 108.0390, 2.4972, -34.9108
19.1400, 6.02e-05, 6041.4277, 108.0513, 2.4973, -34.8382
19.1450, 5.05e-05, 6041.1003, 108.0635, 2.4974, -34.7657
19.1500, 5.2e-05, 6040.7734, 108.0757, 2.4975, -34.6931
19.1550, 4.9e-05, 6040.4470, 108.0878, 2.4976, -34.6205
19.1600, 4.86e-05, 6040.1212, 108.0999, 2.4977, -34.5480
19.1650, 4.86e-05, 6039.7958, 108.1119, 2.4978, -34.4754
19.1700, 5.06e-05, 6039.4709, 108.1239, 2.4979, -34.4029
19.1750, 5.94e-05, 6039.1466, 108.1358, 2.4980, -34.3303
19.1800, 5.06e-05, 6038.8228, 108.1476, 2.4981, -34.2578
19.1850, 4.87e-05, 6038.4994, 108.1594, 2.4982, -34.1852
19.1900, 5.08e-05, 6038.1766, 108.1712, 2.4983, -34.1127
19.1950, 4.9e-05, 6037.8543, 108.1829, 2.4984, -34.0402
19.2000, 0.0001227, 6037.5325, 108.1945, 2.4985, -33.9676
19.2050, 0.0001254, 6037.2113, 108.2061, 2.4986, -33.8951
19.2100, 9.76e-05, 6036.8905, 108.2176, 2.4987, -33.8226
19.2150, 9.7e-05, 6036.5703, 108.2291, 2.4988, -33.7500
19.2200, 0.0001094, 6036.2506, 108.2405, 2.4989, -33.6775
19.2250, 9.84e-05, 6035.9314, 108.2519, 2.4990, -33.6050
19.2300, 9.47e-05, 6035.6127, 108.2632, 2.4991, -33.5325
19.2350, 9.48e-05, 6035.2945, 108.2745, 2.4992, -33.4600
19.2400, 0.0001128, 6034.9769, 108.2857, 2.4993, -33.3875
19.2450, 9.51e-05, 6034.6598, 108.2968, 2.4994, -33.3150
19.2500, 9.31e-05, 6034.3432, 108.3079, 2.4995, -33.2425
19.2550, 9.13e-05, 6034.0271, 108.3189, 2.4995, -33.1700
19.2600, 0.0001062, 6033.7116, 108.3299, 2.4996, -33.0975
19.2650, 9.33e-05, 6033.3966, 108.3408, 2.4997, -33.0250
19.2700, 9.11e-05, 6033.0821, 108.3517, 2.4998, -32.9525
19.2750, 0.0001036, 6032.7681, 108.3625, 2.4999, -32.8800
19.2800, 9.49e-05, 6032.4547, 108.3733, 2.5000, -32.8075
19.2850, 9.65e-05, 6032.1417, 108.3840, 2.5001, -32.7351
19.2900, 9.2e-05, 6031.8294, 108.3947, 2.5002, -32.6626
19.2950, 0.0001035, 6031.5175, 108.4053, 2.5003, -32.5901
19.3000, 9.42e-05, 6031.2062, 108.4158, 2.5004, -32.5177
19.3050, 9.13e-05, 6030.8954, 108.4263, 2.5005, -32.4452
19.3100, 9.09e-05, 6030.5851, 108.4367, 2.5006, -32.3728
19.3150, 0.0001046, 6030.2754, 108.4471, 2.5007, -32.3003
19.3200, 9.37e-05, 6029.9662, 108.4574, 2.5008, -32.2279
19.3250, 9.1e-05, 6029.6575, 108.4677, 2.5009, -32.1554
19.3300, 9.08e-05, 6029.3494, 108.4779, 2.5010, -32.0830
19.3350, 0.0001118, 6029.0418, 108.4881, 2.5011, -32.0106
19.3400, 9.3e-05, 6028.7347, 108.4982, 2.5012, -31.9381
19.3450, 8.8e-05, 6028.4282, 108.5082, 2.5013, -31.8657
19.3500, 9.14e-05, 6028.1222, 108.5182, 2.5014, -31.7933
19.3550, 0.0001085, 6027.8167, 108.5282, 2.5014, -31.7209
19.3600, 9.17e-05, 6027.5118, 108.5381, 2.5015, -31.6484
19.3650, 9.15e-05, 6027.2075, 108.5479, 2.5016, -31.5760
19.3700, 8.59e-05, 6026.9036, 108.5577, 2.5017, -31.5036
19.3750, 0.0001161, 6026.6003, 108.5674, 2.5018, -31.4312
19.3800, 6.34e-05, 6026.2976, 108.5771, 2.5019, -31.3588
19.3850, 5.45e-05, 6025.9954, 108.5867, 2.5020, -31.2864
19.3900, 5.66e-05, 6025.6937, 108.5962, 2.5021, -31.2141
19.3950, 5.43e-05, 6025.3926, 108.6057, 2.5022, -31.1417
19.4000, 6.71e-05, 6025.0920, 108.6152, 2.5023, -31.0693
19.4050, 5.16e-05, 6024.7920, 108.6246, 2.5024, -30.9969
19.4100, 5.22e-05, 6024.4925, 108.6339, 2.5025, -30.9245
19.4150, 4.87e-05, 6024.1935, 108.6432, 2.5026, -30.8522
19.4200, 4.93e-05, 6023.8951, 108.6524, 2.5027, -30.7798
19.4250, 4.97e-05, 6023.5973, 108.6616, 2.5027, -30.7075
19.4300, 5.08e-05, 6023.3000, 108.6707, 2.5028, -30.6351
19.4350, 5.99e-05, 6023.0032, 108.6797, 2.5029, -30.5628
19.4400, 5.03e-05, 6022.7070, 108.6887, 2.5030, -30.4904
19.4450, 4.87e-05, 6022.4114, 108.6977, 2.5031, -30.4181
19.4500, 5.07e-05, 6022.1163, 108.7066, 2.5032, -30.3458
19.4550, 4.84e-05, 6021.8217, 108.7154, 2.5033, -30.2734
19.4600, 5.25e-05, 6021.5277, 108.7242, 2.5034, -30.2011
19.4650, 5.13e-05, 6021.2343, 108.7329, 2.5035, -30.1288
19.4700, 5.98e-05, 6020.9414, 108.7416, 2.5036, -30.0565
19.4750, 5.04e-05, 6020.6491, 108.7502, 2.5037, -29.9842
19.4800, 4.94e-05, 6020.3573, 108.7587, 2.5038, -29.9119
19.4850, 5.08e-05, 6020.0661, 108.7672, 2.5039, -29.8396
19.4900, 5.03e-05, 6019.7754, 108.7757, 2.5039, -29.7673
19.4950, 4.85e-05, 6019.4853, 108.7841, 2.5040, -29.6950
19.5000, 4.88e-05, 6019.1957, 108.7924, 2.5041, -29.6227
19.5050, 6.23e-05, 6018.9067, 108.8007, 2.5042, -29.5505
19.5100, 5.03e-05, 6018.6183, 108.8089, 2.5043, -29.4782
19.5150, 4.87e-05, 6018.3304, 108.8171, 2.5044, -29.4059
19.5200, 5.09e-05, 6018.0431, 108.8252, 2.5045, -29.3337
19.5250, 4.88e-05, 6017.7564, 108.8332, 2.5046, -29.2614
19.5300, 4.86e-05, 6017.4702, 108.8412, 2.5047, -29.1892
19.5350, 4.88e-05, 6017.1845, 108.8492, 2.5048, -29.1169
19.5400, 6.11e-05, 6016.8995, 108.8571, 2.5048, -29.0447
19.5450, 5.38e-05, 6016.6150, 108.8649, 2.5049, -28.9725
19.5500, 4.91e-05, 6016.3310, 108.8727, 2.5050, -28.9002
19.5550, 4.86e-05, 6016.0476, 108.8804, 2.5051, -28.8280
19.5600, 5.09e-05, 6015.7648, 108.8881, 2.5052, -28.7558
19.5650, 4.87e-05, 6015.4826, 108.8957, 2.5053, -28.6836
19.5700, 4.89e-05, 6015.2009, 108.9032, 2.5054, -28.6114
19.5750, 5.89e-05, 6014.9198, 108.9107, 2.5055, -28.5392
19.5800, 5.23e-05, 6014.6393, 108.9182, 2.5056, -28.4670
19.5850, 4.9e-05, 6014.3593, 108.9256, 2.5057, -28.3948
19.5900, 4.88e-05, 6014.0799, 108.9329, 2.5057, -28.3226
19.5950, 5.13e-05, 6013.8010, 108.9402, 2.5058, -28.2505
19.6000, 5.41e-05, 6013.5228, 108.9474, 2.5059, -28.1783
19.6050, 4.95e-05, 6013.2451, 108.9545, 2.5060, -28.1061
19.6100, 6.22e-05, 6012.9680, 108.9616, 2.5061, -28.0340
19.6150, 5.15e-05, 6012.6914, 108.9687, 2.5062, -27.9618
19.6200, 5.06e-05, 6012.4154, 108.9757, 2.5063, -27.8897
19.6250, 6.27e-05, 6012.1400, 108.9826, 2.5064, -27.8175
19.6300, 5.04e-05, 6011.8652, 108.9895, 2.5065, -27.7454
19.6350, 5.12e-05, 6011.5909, 108.9963, 2.5065, -27.6733
19.6400, 4.87e-05, 6011.3173, 109.0031, 2.5066, -27.6012
19.6450, 5.14e-05, 6011.0442, 109.0098, 2.5067, -27.5290
19.6500, 5.13e-05, 6010.7716, 109.0165, 2.5068, -27.4569
19.6550, 4.89e-05, 6010.4997, 109.0231, 2.5069, -27.3848
19.6600, 4.89e-05, 6010.2283, 109.0296, 2.5070, -27.3127
19.6650, 4.84e-05, 6009.9575, 109.0361, 2.5071, -27.2407
19.6700, 5.05e-05, 6009.6873, 109.0425, 2.5072, -27.1686
19.6750, 4.88e-05, 6009.4177, 109.0489, 2.5072, -27.0965
19.6800, 5.16e-05, 6009.1486, 109.0552, 2.5073, -27.0244
19.6850, 4.87e-05, 6008.8801, 109.0615, 2.5074, -26.9524
19.6900, 5.05e-05, 6008.6122, 109.0677, 2.5075, -26.8803
19.6950, 4.89e-05, 6008.3449, 109.0738, 2.5076, -26.8083
19.7000, 4.86e-05, 6008.0782, 109.0799, 2.5077, -26.7362
19.7050, 4.82e-05, 6007.8121, 109.0860, 2.5078, -26.6642
19.7100, 7.1e-05, 6007.5465, 109.0920, 2.5079, -26.5922
19.7150, 5.37e-05, 6007.2815, 109.0979, 2.5079, -26.5201
19.7200, 4.97e-05, 6007.0171, 109.1038, 2.5080, -26.4481
19.7250, 5.09e-05, 6006.7533, 109.1096, 2.5081, -26.3761
19.7300, 4.9e-05, 6006.4901, 109.1153, 2.5082, -26.3041
19.7350, 4.86e-05, 6006.2274, 109.1210, 2.5083, -26.2321
19.7400, 4.9e-05, 6005.9654, 109.1267, 2.5084, -26.1601
19.7450, 6.13e-05, 6005.7039, 109.1322, 2.5085, -26.0882
19.7500, 5.07e-05, 6005.4430, 109.1378, 2.5085, -26.0162
19.7550, 4.9e-05, 6005.1828, 109.1433, 2.5086, -25.9442
19.7600, 4.9e-05, 6004.9231, 109.1487, 2.5087, -25.8723
19.7650, 5.14e-05, 6004.6640, 109.1540, 2.5088, -25.8003
19.7700, 4.91e-05, 6004.4054, 109.1593, 2.5089, -25.7284
19.7750, 4.94e-05, 6004.1475, 109.1646, 2.5090, -25.6564
19.7800, 6.31e-05, 6003.8902, 109.1698, 2.5091, -25.5845
19.7850, 5.11e-05, 6003.6334, 109.1749, 2.5091, -25.5126
19.7900, 5.28e-05, 6003.3773, 109.1800, 2.5092, -25.4407
19.7950, 4.94e-05, 6003.1217, 109.1850, 2.5093, -25.3687
19.8000, 7.09e-05, 6002.8667, 109.1900, 2.5094, -25.2968
19.8050, 9.31e-05, 6002.6124, 109.1949, 2.5095, -25.2249
19.8100, 0.0001089, 6002.3586, 109.1997, 2.5096, -25.1531
19.8150, 9.92e-05, 6002.1054, 109.2045, 2.5097, -25.0812
19.8200, 7.44e-05, 6001.8528, 109.2093, 2.5097, -25.0093
19.8250, 5.07e-05, 6001.6008, 109.2139, 2.5098, -24.9374
19.8300, 4.95e-05, 6001.3494, 109.2186, 2.5099, -24.8656
19.8350, 6.59e-05, 6001.0986, 109.2231, 2.5100, -24.7937
19.8400, 5.27e-05, 6000.8484, 109.2277, 2.5101, -24.7219
19.8450, 4.91e-05, 6000.5988, 109.2321, 2.5102, -24.6501
19.8500, 4.86e-05, 6000.3498, 109.2365, 2.5103, -24.5782
19.8550, 5.41e-05, 6000.1014, 109.2408, 2.5103, -24.5064
19.8600, 5.71e-05, 5999.8536, 109.2451, 2.5104, -24.4346
19.8650, 6.09e-05, 5999.6064, 109.2494, 2.5105, -24.3628
19.8700, 5.03e-05, 5999.3598, 109.2535, 2.5106, -24.2910
19.8750, 5.07e-05, 5999.1138, 109.2576, 2.5107, -24.2192
19.8800, 4.88e-05, 5998.8684, 109.2617, 2.5108, -24.1475
19.8850, 4.85e-05, 5998.6236, 109.2657, 2.5108, -24.0757
19.8900, 4.8e-05, 5998.3794, 109.2697, 2.5109, -24.0039
19.8950, 5.07e-05, 5998.1358, 109.2735, 2.5110, -23.9322
19.9000, 5.84e-05, 5997.8928, 109.2774, 2.5111, -23.8604
19.9050, 5.04e-05, 5997.6504, 109.2811, 2.5112, -23.7887
19.9100, 5.07e-05, 5997.4086, 109.2849, 2.5113, -23.7170
19.9150, 4.85e-05, 5997.1674, 109.2885, 2.5113, -23.6452
19.9200, 4.87e-05, 5996.9269, 109.2921, 2.5114, -23.5735
19.9250, 4.88e-05, 5996.6869, 109.2957, 2.5115, -23.5018
19.9300, 5.07e-05, 5996.4475, 109.2992, 2.5116, -23.4301
19.9350, 4.88e-05, 5996.2088, 109.3026, 2.5117, -23.3584
19.9400, 5.06e-05, 5995.9706, 109.3060, 2.5118, -23.2868
19.9450, 5.33e-05, 5995.7331, 109.3093, 2.5118, -23.2151
19.9500, 5.11e-05, 5995.4961, 109.3126, 2.5119, -23.1434
19.9550, 4.91e-05, 5995.2598, 109.3158, 2.5120, -23.0718
19.9600, 4.88e-05, 5995.0241, 109.3189, 2.5121, -23.0001
19.9650, 5.05e-05, 5994.7890, 109.3220, 2.5122, -22.9285
19.9700, 4.83e-05, 5994.5545, 109.3250, 2.5123, -22.8569
19.9750, 5.08e-05, 5994.3206, 109.3280, 2.5123, -22.7852
19.9800, 4.89e-05, 5994.0873, 109.3310, 2.5124, -22.7136
19.9850, 5.09e-05, 5993.8547, 109.3338, 2.5125, -22.6420
19.9900, 4.86e-05, 5993.6226, 109.3366, 2.5126, -22.5704
19.9950, 4.85e-05, 5993.3912, 109.3394, 2.5127, -22.4988
20.0000, 4.89e-05, 5993.1603, 109.3421, 2.5128, -22.4273
20.0050, 5.05e-05, 5992.9301, 109.3447, 2.5128, -22.3557
20.0100, 5.06e-05, 5992.7005, 109.3473, 2.5129, -22.2841
20.0150, 4.87e-05, 5992.4715, 109.3498, 2.5130, -22.2126
20.0200, 4.82e-05, 5992.2432, 109.3523, 2.5131, -22.1411
20.0250, 5.06e-05, 5992.0154, 109.3547, 2.5132, -22.0695
20.0300, 5.17e-05, 5991.7883, 109.3570, 2.5132, -21.9980
20.0350, 4.93e-05, 5991.5617, 109.3593, 2.5133, -21.9265
20.0400, 5.58e-05, 5991.3358, 109.3616, 2.5134, -21.8550
20.0450, 5.19e-05, 5991.1105, 109.3638, 2.5135, -21.7835
20.0500, 4.92e-05, 5990.8859, 109.3659, 2.5136, -21.7120
20.0550, 4.85e-05, 5990.6618, 109.3680, 2.5137, -21.6405
20.0600, 5.2e-05, 5990.4383, 109.3700, 2.5137, -21.5691
20.0650, 4.87e-05, 5990.2155, 109.3719, 2.5138, -21.4976
20.0700, 4.88e-05, 5989.9933, 109.3738, 2.5139, -21.4262
20.0750, 4.82e-05, 5989.7717, 109.3757, 2.5140, -21.3547
20.0800, 5.31e-05, 5989.5508, 109.3774, 2.5141, -21.2833
20.0850, 4.89e-05, 5989.3304, 109.3792, 2.5141, -21.2119
20.0900, 4.85e-05, 5989.1107, 109.3808, 2.5142, -21.1405
20.0950, 5.56e-05, 5988.8916, 109.3825, 2.5143, -21.0691
20.1000, 4.85e-05, 5988.6731, 109.3840, 2.5144, -20.9977
20.1050, 4.84e-05, 5988.4552, 109.3855, 2.5145, -20.9263
20.1100, 4.81e-05, 5988.2380, 109.3870, 2.5145, -20.8549
20.1150, 5.32e-05, 5988.0213, 109.3883, 2.5146, -20.7836
20.1200, 4.9e-05, 5987.8053, 109.3897, 2.5147, -20.7122
20.1250, 4.93e-05, 5987.5900, 109.3909, 2.5148, -20.6409
20.1300, 4.85e-05, 5987.3752, 109.3922, 2.5149, -20.5695
20.1350, 5.12e-05, 5987.1611, 109.3933, 2.5150, -20.4982
20.1400, 4.83e-05, 5986.9476, 109.3944, 2.5150, -20.4269
20.1450, 4.85e-05, 5986.7347, 109.3955, 2.5151, -20.3556
20.1500, 5.06e-05, 5986.5224, 109.3964, 2.5152, -20.2843
20.1550, 5.09e-05, 5986.3108, 109.3974, 2.5153, -20.2130
20.1600, 4.87e-05, 5986.0998, 109.3982, 2.5154, -20.1418
20.1650, 4.85e-05, 5985.8894, 109.3991, 2.5154, -20.0705
20.1700, 5.07e-05, 5985.6797, 109.3998, 2.5155, -19.9992
20.1750, 4.87e-05, 5985.4705, 109.4005, 2.5156, -19.9280
20.1800, 4.82e-05, 5985.2620, 109.4012, 2.5157, -19.8568
20.1850, 6.05e-05, 5985.0541, 109.4017, 2.5158, -19.7855
20.1900, 5.13e-05, 5984.8469, 109.4023, 2.5158, -19.7143
20.1950, 4.86e-05, 5984.6403, 109.4027, 2.5159, -19.6431
20.2000, 5.21e-05, 5984.4343, 109.4032, 2.5160, -19.5719
20.2050, 4.87e-05, 5984.2289, 109.4035, 2.5161, -19.5008
20.2100, 5.06e-05, 5984.0242, 109.4038, 2.5162, -19.4296
20.2150, 4.82e-05, 5983.8201, 109.4041, 2.5162, -19.3584
20.2200, 5.98e-05, 5983.6166, 109.4043, 2.5163, -19.2873
20.2250, 5.11e-05, 5983.4137, 109.4044, 2.5164, -19.2162
20.2300, 4.89e-05, 5983.2115, 109.4045, 2.5165, -19.1450
20.2350, 4.85e-05, 5983.0099, 109.4045, 2.5165, -19.0739
20.2400, 4.84e-05, 5982.8090, 109.4044, 2.5166, -19.0028
20.2450, 5.07e-05, 5982.6087, 109.4043, 2.5167, -18.9317
20.2500, 4.87e-05, 5982.4090, 109.4042, 2.5168, -18.8606
20.2550, 6.01e-05, 5982.2099, 109.4040, 2.5169, -18.7896
20.2600, 4.89e-05, 5982.0115, 109.4037, 2.5169, -18.7185
20.2650, 5.08e-05, 5981.8137, 109.4034, 2.5170, -18.6474
20.2700, 4.88e-05, 5981.6165, 109.4030, 2.5171, -18.5764
20.2750, 4.89e-05, 5981.4200, 109.4026, 2.5172, -18.5054
20.2800, 5.03e-05, 5981.2241, 109.4021, 2.5173, -18.4344
20.2850, 5.22e-05, 5981.0288, 109.4015, 2.5173, -18.3633
20.2900, 0.0001632, 5980.8342, 109.4009, 2.5174, -18.2924
20.2950, 0.0001003, 5980.6402, 109.4002, 2.5175, -18.2214
20.3000, 0.0001036, 5980.4468, 109.3995, 2.5176, -18.1504
20.3050, 0.00012, 5980.2541, 109.3987, 2.5176, -18.0794
20.3100, 0.0001028, 5980.0620, 109.3979, 2.5177, -18.0085
20.3150, 0.0001032, 5979.8705, 109.3970, 2.5178, -17.9375
20.3200, 0.0001026, 5979.6797, 109.3960, 2.5179, -17.8666
20.3250, 0.0001194, 5979.4895, 109.3950, 2.5180, -17.7957
20.3300, 9.48e-05, 5979.3000, 109.3940, 2.5180, -17.7248
20.3350, 9.5e-05, 5979.1111, 109.3928, 2.5181, -17.6539
20.3400, 0.0001165, 5978.9228, 109.3917, 2.5182, -17.5830
20.3450, 9.63e-05, 5978.7351, 109.3904, 2.5183, -17.5121
20.3500, 0.000586, 5978.5481, 109.3891, 2.5184, -17.4413
20.3550, 6.06e-05, 5978.3618, 109.3878, 2.5184, -17.3704
20.3600, 5.25e-05, 5978.1760, 109.3864, 2.5185, -17.2996
20.3650, 6.49e-05, 5977.9910, 109.3849, 2.5186, -17.2288
20.3700, 4.97e-05, 5977.8065, 109.3834, 2.5187, -17.1580
20.3750, 5.27e-05, 5977.6227, 109.3818, 2.5187, -17.0872
20.3800, 4.9e-05, 5977.4395, 109.3802, 2.5188, -17.0164
20.3850, 4.95e-05, 5977.2570, 109.3785, 2.5189, -16.9456
20.3900, 4.91e-05, 5977.0751, 109.3767, 2.5190, -16.8748
20.3950, 5.08e-05, 5976.8938, 109.3749, 2.5191, -16.8041
20.4000, 5.16e-05, 5976.7132, 109.3731, 2.5191, -16.7333
20.4050, 4.95e-05, 5976.5332, 109.3711, 2.5192, -16.6626
20.4100, 5.11e-05, 5976.3539, 109.3692, 2.5193, -16.5919
20.4150, 4.88e-05, 5976.1752, 109.3671, 2.5194, -16.5212
20.4200, 5.27e-05, 5975.9971, 109.3650, 2.5194, -16.4505
20.4250, 4.95e-05, 5975.8197, 109.3629, 2.5195, -16.3798
20.4300, 5.09e-05, 5975.6429, 109.3607, 2.5196, -16.3091
20.4350, 5.14e-05, 5975.4668, 109.3584, 2.5197, -16.2385
20.4400, 4.91e-05, 5975.2913, 109.3561, 2.5197, -16.1678
20.4450, 4.87e-05, 5975.1165, 109.3537, 2.5198, -16.0972
20.4500, 5.05e-05, 5974.9423, 109.3513, 2.5199, -16.0266
20.4550, 5.02e-05, 5974.7687, 109.3488, 2.5200, -15.9560
20.4600, 4.89e-05, 5974.5958, 109.3463, 2.5201, -15.8854
20.4650, 4.92e-05, 5974.4235, 109.3437, 2.5201, -15.8148
20.4700, 5.3e-05, 5974.2519, 109.3410, 2.5202, -15.7442
20.4750, 4.87e-05, 5974.0809, 109.3383, 2.5203, -15.6737
20.4800, 4.86e-05, 5973.9105, 109.3355, 2.5204, -15.6031
20.4850, 5.06e-05, 5973.7408, 109.3327, 2.5204, -15.5326
20.4900, 4.88e-05, 5973.5718, 109.3298, 2.5205, -15.4621
20.4950, 4.88e-05, 5973.4033, 109.3268, 2.5206, -15.3916
20.5000, 4.86e-05, 5973.2356, 109.3238, 2.5207, -15.3211
20.5050, 5.64e-05, 5973.0684, 109.3208, 2.5207, -15.2506
20.5100, 4.98e-05, 5972.9019, 109.3177, 2.5208, -15.1801
20.5150, 4.89e-05, 5972.7361, 109.3145, 2.5209, -15.1097
20.5200, 4.87e-05, 5972.5709, 109.3113, 2.5210, -15.0392
20.5250, 5.03e-05, 5972.4063, 109.3080, 2.5210, -14.9688
20.5300, 4.83e-05, 5972.2424, 109.3047, 2.5211, -14.8984
20.5350, 4.86e-05, 5972.0792, 109.3013, 2.5212, -14.8280
20.5400, 6.23e-05, 5971.9166, 109.2978, 2.5213, -14.7576
20.5450, 4.88e-05, 5971.7546, 109.2943, 2.5213, -14.6872
20.5500, 4.86e-05, 5971.5933, 109.2907, 2.5214, -14.6168
20.5550, 0.0001639, 5971.4326, 109.2871, 2.5215, -14.5465
20.5600, 5.33e-05, 5971.2726, 109.2834, 2.5216, -14.4761
20.5650, 4.95e-05, 5971.1132, 109.2797, 2.5216, -14.4058
20.5700, 4.87e-05, 5970.9544, 109.2759, 2.5217, -14.3355
20.5750, 5.18e-05, 5970.7963, 109.2720, 2.5218, -14.2652
20.5800, 5.47e-05, 5970.6389, 109.2681, 2.5219, -14.1949
20.5850, 4.98e-05, 5970.4821, 109.2642, 2.5220, -14.1247
20.5900, 4.89e-05, 5970.3259, 109.2601, 2.5220, -14.0544
20.5950, 4.9e-05, 5970.1704, 109.2561, 2.5221, -13.9841
20.6000, 5.11e-05, 5970.0156, 109.2519, 2.5222, -13.9139
20.6050, 0.0001653, 5969.8614, 109.2477, 2.5223, -13.8437
20.6100, 5.16e-05, 5969.7078, 109.2435, 2.5223, -13.7735
20.6150, 5.16e-05, 5969.5549, 109.2392, 2.5224, -13.7033
20.6200, 4.9e-05, 5969.4026, 109.2348, 2.5225, -13.6331
20.6250, 4.91e-05, 5969.2510, 109.2304, 2.5226, -13.5630
20.6300, 4.86e-05, 5969.1000, 109.2259, 2.5226, -13.4928
20.6350, 5.08e-05, 5968.9497, 109.2214, 2.5227, -13.4227
20.6400, 5.94e-05, 5968.8001, 109.2168, 2.5228, -13.3526
20.6450, 5.1e-05, 5968.6510, 109.2122, 2.5229, -13.2825
20.6500, 4.92e-05, 5968.5027, 109.2075, 2.5229, -13.2124
20.6550, 5.47e-05, 5968.3549, 109.2027, 2.5230, -13.1423
20.6600, 4.97e-05, 5968.2079, 109.1979, 2.5231, -13.0722
20.6650, 4.94e-05, 5968.0614, 109.1930, 2.5231, -13.0022
20.6700, 5.07e-05, 5967.9156, 109.1881, 2.5232, -12.9321
20.6750, 5.96e-05, 5967.7705, 109.1831, 2.5233, -12.8621
20.6800, 5.08e-05, 5967.6260, 109.1781, 2.5234, -12.7921
20.6850, 4.93e-05, 5967.4822, 109.1730, 2.5234, -12.7221
20.6900, 5.08e-05, 5967.3390, 109.1678, 2.5235, -12.6521
20.6950, 4.88e-05, 5967.1965, 109.1626, 2.5236, -12.5822
20.7000, 5.01e-05, 5967.0546, 109.1573, 2.5237, -12.5122
20.7050, 4.89e-05, 5966.9134, 109.1520, 2.5237, -12.4423
20.7100, 6.13e-05, 5966.7728, 109.1467, 2.5238, -12.3724
20.7150, 5.06e-05, 5966.6329, 109.1412, 2.5239, -12.3025
20.7200, 4.89e-05, 5966.4936, 109.1357, 2.5240, -12.2326
20.7250, 5.03e-05, 5966.3549, 109.1302, 2.5240, -12.1627
20.7300, 4.83e-05, 5966.2170, 109.1246, 2.5241, -12.0928
20.7350, 4.82e-05, 5966.0796, 109.1189, 2.5242, -12.0230
20.7400, 5.2e-05, 5965.9430, 109.1132, 2.5243, -11.9531
20.7450, 6.22e-05, 5965.8069, 109.1074, 2.5243, -11.8833
20.7500, 5.06e-05, 5965.6715, 109.1016, 2.5244, -11.8135
20.7550, 4.89e-05, 5965.5368, 109.0957, 2.5245, -11.7437
20.7600, 4.87e-05, 5965.4027, 109.0898, 2.5246, -11.6740
20.7650, 5.12e-05, 5965.2693, 109.0838, 2.5246, -11.6042
20.7700, 4.84e-05, 5965.1365, 109.0777, 2.5247, -11.5345
20.7750, 4.83e-05, 5965.0044, 109.0716, 2.5248, -11.4647
20.7800, 5.86e-05, 5964.8729, 109.0655, 2.5249, -11.3950
20.7850, 5.3e-05, 5964.7421, 109.0592, 2.5249, -11.3253
20.7900, 4.87e-05, 5964.6119, 109.0530, 2.5250, -11.2556
20.7950, 4.84e-05, 5964.4824, 109.0466, 2.5251, -11.1860
20.8000, 5.07e-05, 5964.3535, 109.0402, 2.5251, -11.1163
20.8050, 4.86e-05, 5964.2253, 109.0338, 2.5252, -11.0467
20.8100, 4.88e-05, 5964.0978, 109.0273, 2.5253, -10.9770
20.8150, 4.85e-05, 5963.9708, 109.0207, 2.5254, -10.9074
20.8200, 5.38e-05, 5963.8446, 109.0141, 2.5254, -10.8378
20.8250, 5.28e-05, 5963.7190, 109.0074, 2.5255, -10.7683
20.8300, 4.94e-05, 5963.5940, 109.0007, 2.5256, -10.6987
20.8350, 4.87e-05, 5963.4697, 108.9939, 2.5257, -10.6291
20.8400, 5.07e-05, 5963.3460, 108.9871, 2.5257, -10.5596
20.8450, 4.86e-05, 5963.2230, 108.9802, 2.5258, -10.4901
20.8500, 5.83e-05, 5963.1007, 108.9732, 2.5259, -10.4206
20.8550, 5.47e-05, 5962.9790, 108.9662, 2.5260, -10.3511
20.8600, 4.91e-05, 5962.8579, 108.9592, 2.5260, -10.2817
20.8650, 4.9e-05, 5962.7375, 108.9521, 2.5261, -10.2122
20.8700, 4.91e-05, 5962.6177, 108.9449, 2.5262, -10.1428
20.8750, 5.09e-05, 5962.4986, 108.9377, 2.5262, -10.0733
20.8800, 4.87e-05, 5962.3802, 108.9304, 2.5263, -10.0039
20.8850, 5.88e-05, 5962.2624, 108.9230, 2.5264, -9.9345
20.8900, 5.11e-05, 5962.1453, 108.9156, 2.5265, -9.8652
20.8950, 5.08e-05, 5962.0288, 108.9082, 2.5265, -9.7958
20.9000, 0.0002221, 5961.9129, 108.9007, 2.5266, -9.7265
20.9050, 5.43e-05, 5961.7977, 108.8931, 2.5267, -9.6572
20.9100, 5.01e-05, 5961.6832, 108.8855, 2.5268, -9.5878
20.9150, 5.14e-05, 5961.5693, 108.8778, 2.5268, -9.5185
20.9200, 6.11e-05, 5961.4561, 108.8701, 2.5269, -9.4493
20.9250, 5.06e-05, 5961.3435, 108.8623, 2.5270, -9.3800
20.9300, 5.06e-05, 5961.2315, 108.8544, 2.5270, -9.3108
20.9350, 5.05e-05, 5961.1203, 108.8465, 2.5271, -9.2415
20.9400, 4.9e-05, 5961.0096, 108.8386, 2.5272, -9.1723
20.9450, 4.89e-05, 5960.8996, 108.8306, 2.5273, -9.1031
20.9500, 5.07e-05, 5960.7903, 108.8225, 2.5273, -9.0340
20.9550, 6e-05, 5960.6816, 108.8144, 2.5274, -8.9648
20.9600, 5.03e-05, 5960.5736, 108.8062, 2.5275, -8.8956
20.9650, 4.9e-05, 5960.4662, 108.7980, 2.5276, -8.8265
20.9700, 5.11e-05, 5960.3595, 108.7897, 2.5276, -8.7574
20.9750, 4.87e-05, 5960.2534, 108.7813, 2.5277, -8.6883
20.9800, 5.21e-05, 5960.1480, 108.7729, 2.5278, -8.6192
20.9850, 5.12e-05, 5960.0433, 108.7645, 2.5278, -8.5502
20.9900, 5.95e-05, 5959.9391, 108.7560, 2.5279, -8.4811
20.9950, 5.6e-05, 5959.8357, 108.7474, 2.5280, -8.4121
21.0000, 9.3e-05, 5959.7328, 108.7388, 2.5281, -8.3431
21.0050, 6.42e-05, 5959.6307, 108.7301, 2.5281, -8.2741
21.0100, 5.44e-05, 5959.5292, 108.7214, 2.5282, -8.2051
21.0150, 4.98e-05, 5959.4283, 108.7126, 2.5283, -8.1362
21.0200, 6.44e-05, 5959.3281, 108.7038, 2.5283, -8.0672
21.0250, 5.13e-05, 5959.2285, 108.6949, 2.5284, -7.9983
21.0300, 4.9e-05, 5959.1296, 108.6859, 2.5285, -7.9294
21.0350, 4.88e-05, 5959.0313, 108.6769, 2.5286, -7.8605
21.0400, 4.9e-05, 5958.9337, 108.6678, 2.5286, -7.7916
21.0450, 5.11e-05, 5958.8368, 108.6587, 2.5287, -7.7227
21.0500, 4.9e-05, 5958.7405, 108.6495, 2.5288, -7.6539
21.0550, 5.52e-05, 5958.6448, 108.6403, 2.5288, -7.5851
21.0600, 5.23e-05, 5958.5498, 108.6310, 2.5289, -7.5163
21.0650, 4.95e-05, 5958.4554, 108.6217, 2.5290, -7.4475
21.0700, 4.85e-05, 5958.3617, 108.6123, 2.5291, -7.3787
21.0750, 4.87e-05, 5958.2686, 108.6028, 2.5291, -7.3100
21.0800, 5.06e-05, 5958.1762, 108.5933, 2.5292, -7.2412
21.0850, 4.87e-05, 5958.0845, 108.5838, 2.5293, -7.1725
21.0900, 5.11e-05, 5957.9934, 108.5742, 2.5293, -7.1038
21.0950, 4.88e-05, 5957.9029, 108.5645, 2.5294, -7.0351
21.1000, 5.04e-05, 5957.8131, 108.5548, 2.5295, -6.9665
21.1050, 4.87e-05, 5957.7239, 108.5450, 2.5296, -6.8978
21.1100, 4.89e-05, 5957.6354, 108.5352, 2.5296, -6.8292
21.1150, 5.09e-05, 5957.5475, 108.5253, 2.5297, -6.7606
21.1200, 4.89e-05, 5957.4603, 108.5153, 2.5298, -6.6920
21.1250, 0.0001997, 5957.3737, 108.5053, 2.5298, -6.6234
21.1300, 5.19e-05, 5957.2878, 108.4953, 2.5299, -6.5548
21.1350, 5.14e-05, 5957.2025, 108.4852, 2.5300, -6.4863
21.1400, 4.91e-05, 5957.1179, 108.4750, 2.5301, -6.4178
21.1450, 4.85e-05, 5957.0339, 108.4648, 2.5301, -6.3493
21.1500, 4.87e-05, 5956.9506, 108.4545, 2.5302, -6.2808
21.1550, 5.09e-05, 5956.8679, 108.4442, 2.5303, -6.2123
21.1600, 5.12e-05, 5956.7859, 108.4338, 2.5303, -6.1439
21.1650, 4.9e-05, 5956.7045, 108.4234, 2.5304, -6.0754
21.1700, 5.07e-05, 5956.6238, 108.4129, 2.5305, -6.0070
21.1750, 5.3e-05, 5956.5437, 108.4023, 2.5305, -5.9386
21.1800, 4.91e-05, 5956.4642, 108.3917, 2.5306, -5.8703
21.1850, 4.87e-05, 5956.3854, 108.3811, 2.5307, -5.8019
21.1900, 6.17e-05, 5956.3073, 108.3703, 2.5308, -5.7336
21.1950, 5.06e-05, 5956.2298, 108.3596, 2.5308, -5.6652
21.2000, 4.88e-05, 5956.1529, 108.3488, 2.5309, -5.5969
21.2050, 5.3e-05, 5956.0767, 108.3379, 2.5310, -5.5287
21.2100, 5.12e-05, 5956.0012, 108.3270, 2.5310, -5.4604
21.2150, 4.89e-05, 5955.9263, 108.3160, 2.5311, -5.3921
21.2200, 4.87e-05, 5955.8520, 108.3049, 2.5312, -5.3239
21.2250, 5.87e-05, 5955.7784, 108.2938, 2.5313, -5.2557
21.2300, 5.33e-05, 5955.7054, 108.2827, 2.5313, -5.1875
21.2350, 4.89e-05, 5955.6330, 108.2715, 2.5314, -5.1193
21.2400, 4.87e-05, 5955.5614, 108.2602, 2.5315, -5.0512
21.2450, 5.05e-05, 5955.4903, 108.2489, 2.5315, -4.9831
21.2500, 4.9e-05, 5955.4199, 108.2376, 2.5316, -4.9149
21.2550, 4.85e-05, 5955.3502, 108.2261, 2.5317, -4.8468
21.2600, 4.86e-05, 5955.2811, 108.2147, 2.5317, -4.7788
21.2650, 5.29e-05, 5955.2126, 108.2031, 2.5318, -4.7107
21.2700, 4.93e-05, 5955.1448, 108.1916, 2.5319, -4.6427
21.2750, 4.87e-05, 5955.0776, 108.1799, 2.5320, -4.5747
21.2800, 4.85e-05, 5955.0111, 108.1682, 2.5320, -4.5067
21.2850, 5.08e-05, 5954.9452, 108.1565, 2.5321, -4.4387
21.2900, 5.24e-05, 5954.8800, 108.1447, 2.5322, -4.3707
21.2950, 4.93e-05, 5954.8154, 108.1328, 2.5322, -4.3028
21.3000, 5.31e-05, 5954.7514, 108.1209, 2.5323, -4.2349
21.3050, 4.91e-05, 5954.6881, 108.1090, 2.5324, -4.1670
21.3100, 4.89e-05, 5954.6254, 108.0970, 2.5324, -4.0991
21.3150, 4.88e-05, 5954.5634, 108.0849, 2.5325, -4.0312
21.3200, 5.05e-05, 5954.5020, 108.0728, 2.5326, -3.9634
21.3250, 4.86e-05, 5954.4413, 108.0606, 2.5327, -3.8955
21.3300, 4.85e-05, 5954.3812, 108.0484, 2.5327, -3.8277
21.3350, 5.08e-05, 5954.3217, 108.0361, 2.5328, -3.7599
21.3400, 5.08e-05, 5954.2629, 108.0238, 2.5329, -3.6922
21.3450, 4.88e-05, 5954.2047, 108.0114, 2.5329, -3.6244
21.3500, 4.89e-05, 5954.1472, 107.9989, 2.5330, -3.5567
21.3550, 4.84e-05, 5954.0903, 107.9864, 2.5331, -3.4890
21.3600, 5.09e-05, 5954.0340, 107.9739, 2.5331, -3.4213
21.3650, 4.85e-05, 5953.9784, 107.9613, 2.5332, -3.3537
21.3700, 6.05e-05, 5953.9235, 107.9486, 2.5333, -3.2860
21.3750, 0.0001061, 5953.8691, 107.9359, 2.5334, -3.2184
21.3800, 8.3e-05, 5953.8154, 107.9231, 2.5334, -3.1508
21.3850, 5.8e-05, 5953.7624, 107.9103, 2.5335, -3.0832
21.3900, 5.46e-05, 5953.7100, 107.8974, 2.5336, -3.0156
21.3950, 7.12e-05, 5953.6582, 107.8845, 2.5336, -2.9481
21.4000, 5.02e-05, 5953.6071, 107.8715, 2.5337, -2.8806
21.4050, 4.95e-05, 5953.5566, 107.8585, 2.5338, -2.8131
21.4100, 4.9e-05, 5953.5067, 107.8454, 2.5338, -2.7456
21.4150, 5.55e-05, 5953.4575, 107.8323, 2.5339, -2.6781
21.4200, 4.92e-05, 5953.4089, 107.8191, 2.5340, -2.6107
21.4250, 4.92e-05, 5953.3610, 107.8058, 2.5340, -2.5432
21.4300, 6.31e-05, 5953.3136, 107.7925, 2.5341, -2.4758
21.4350, 4.96e-05, 5953.2670, 107.7792, 2.5342, -2.4085
21.4400, 4.87e-05, 5953.2209, 107.7658, 2.5343, -2.3411
21.4450, 4.89e-05, 5953.1755, 107.7523, 2.5343, -2.2737
21.4500, 6.69e-05, 5953.1308, 107.7388, 2.5344, -2.2064
21.4550, 4.94e-05, 5953.0867, 107.7252, 2.5345, -2.1391
21.4600, 0.0002371, 5953.0432, 107.7116, 2.5345, -2.0719
21.4650, 5.48e-05, 5953.0003, 107.6979, 2.5346, -2.0046
21.4700, 5.51e-05, 5952.9581, 107.6842, 2.5347, -1.9374
21.4750, 4.91e-05, 5952.9165, 107.6704, 2.5347, -1.8701
21.4800, 4.94e-05, 5952.8756, 107.6566, 2.5348, -1.8029
21.4850, 4.88e-05, 5952.8353, 107.6427, 2.5349, -1.7358
21.4900, 5.12e-05, 5952.7956, 107.6288, 2.5349, -1.6686
21.4950, 6.06e-05, 5952.7565, 107.6148, 2.5350, -1.6015
21.5000, 5.14e-05, 5952.7181, 107.6007, 2.5351, -1.5344
21.5050, 5.15e-05, 5952.6803, 107.5866, 2.5351, -1.4673
21.5100, 4.92e-05, 5952.6432, 107.5725, 2.5352, -1.4002
21.5150, 5.24e-05, 5952.6067, 107.5583, 2.5353, -1.3332
21.5200, 4.97e-05, 5952.5708, 107.5440, 2.5354, -1.2661
21.5250, 5.13e-05, 5952.5355, 107.5297, 2.5354, -1.1991
21.5300, 6.04e-05, 5952.5009, 107.5154, 2.5355, -1.1322
21.5350, 5.01e-05, 5952.4669, 107.5010, 2.5356, -1.0652
21.5400, 4.95e-05, 5952.4336, 107.4865, 2.5356, -0.9983
21.5450, 5.24e-05, 5952.4009, 107.4720, 2.5357, -0.9313
21.5500, 5.07e-05, 5952.3688, 107.4574, 2.5358, -0.8644
21.5550, 4.91e-05, 5952.3373, 107.4428, 2.5358, -0.7976
21.5600, 5.13e-05, 5952.3065, 107.4281, 2.5359, -0.7307
21.5650, 6.05e-05, 5952.2763, 107.4134, 2.5360, -0.6639
21.5700, 5.03e-05, 5952.2467, 107.3986, 2.5360, -0.5971
21.5750, 4.91e-05, 5952.2177, 107.3838, 2.5361, -0.5303
21.5800, 5.09e-05, 5952.1894, 107.3689, 2.5362, -0.4635
21.5850, 4.9e-05, 5952.1617, 107.3540, 2.5362, -0.3968
21.5900, 4.89e-05, 5952.1347, 107.3390, 2.5363, -0.3300
21.5950, 4.89e-05, 5952.1083, 107.3239, 2.5364, -0.2633
21.6000, 6.41e-05, 5952.0824, 107.3088, 2.5365, -0.1967
21.6050, 5.07e-05, 5952.0573, 107.2937, 2.5365, -0.1300
21.6100, 4.89e-05, 5952.0327, 107.2785, 2.5366, -0.0634
21.6150, 5.06e-05, 5952.0088, 107.2632, 2.5367, 0.0032
21.6200, 4.89e-05, 5951.9855, 107.2479, 2.5367, 0.0698
21.6250, 4.88e-05, 5951.9628, 107.2326, 2.5368, 0.1364
21.6300, 4.87e-05, 5951.9408, 107.2172, 2.5369, 0.2029
21.6350, 6.23e-05, 5951.9193, 107.2017, 2.5369, 0.2695
21.6400, 5.01e-05, 5951.8985, 107.1862, 2.5370, 0.3360
21.6450, 4.88e-05, 5951.8784, 107.1706, 2.5371, 0.4025
21.6500, 6.52e-05, 5951.8588, 107.1550, 2.5371, 0.4689
21.6550, 8.63e-05, 5951.8399, 107.1394, 2.5372, 0.5353
21.6600, 5.95e-05, 5951.8216, 107.1236, 2.5373, 0.6018
21.6650, 6.46e-05, 5951.8039, 107.1079, 2.5373, 0.6681
21.6700, 4.98e-05, 5951.7868, 107.0920, 2.5374, 0.7345
21.6750, 5.12e-05, 5951.7704, 107.0762, 2.5375, 0.8009
21.6800, 5.44e-05, 5951.7546, 107.0603, 2.5375, 0.8672
21.6850, 0.0002326, 5951.7394, 107.0443, 2.5376, 0.9335
21.6900, 5.34e-05, 5951.7248, 107.0282, 2.5377, 0.9998
21.6950, 9.53e-05, 5951.7109, 107.0122, 2.5377, 1.0660
21.7000, 6.13e-05, 5951.6975, 106.9960, 2.5378, 1.1322
21.7050, 5.47e-05, 5951.6848, 106.9799, 2.5379, 1.1984
21.7100, 5.63e-05, 5951.6727, 106.9636, 2.5379, 1.2646
21.7150, 5.43e-05, 5951.6613, 106.9473, 2.5380, 1.3308
21.7200, 5.42e-05, 5951.6504, 106.9310, 2.5381, 1.3969
21.7250, 0.0001798, 5951.6402, 106.9146, 2.5382, 1.4630
21.7300, 6.27e-05, 5951.6306, 106.8982, 2.5382, 1.5291
21.7350, 5.01e-05, 5951.6216, 106.8817, 2.5383, 1.5952
21.7400, 4.94e-05, 5951.6132, 106.8651, 2.5384, 1.6613
21.7450, 5.12e-05, 5951.6054, 106.8485, 2.5384, 1.7273
21.7500, 4.92e-05, 5951.5983, 106.8319, 2.5385, 1.7933
21.7550, 4.9e-05, 5951.5917, 106.8152, 2.5386, 1.8593
21.7600, 5.17e-05, 5951.5858, 106.7985, 2.5386, 1.9252
21.7650, 5.1e-05, 5951.5805, 106.7817, 2.5387, 1.9911
21.7700, 4.89e-05, 5951.5758, 106.7648, 2.5388, 2.0570
21.7750, 4.87e-05, 5951.5717, 106.7479, 2.5388, 2.1229
21.7800, 4.87e-05, 5951.5683, 106.7310, 2.5389, 2.1888
21.7850, 5.07e-05, 5951.5654, 106.7140, 2.5390, 2.2546
21.7900, 4.85e-05, 5951.5632, 106.6969, 2.5390, 2.3204
21.7950, 5.12e-05, 5951.5616, 106.6798, 2.5391, 2.3862
21.8000, 4.89e-05, 5951.5606, 106.6626, 2.5392, 2.4520
21.8050, 5.08e-05, 5951.5602, 106.6454, 2.5392, 2.5177
21.8100, 5.34e-05, 5951.5604, 106.6282, 2.5393, 2.5834
21.8150, 4.89e-05, 5951.5612, 106.6109, 2.5394, 2.6491
21.8200, 5.07e-05, 5951.5627, 106.5935, 2.5394, 2.7148
21.8250, 4.86e-05, 5951.5647, 106.5761, 2.5395, 2.7804
21.8300, 6.08e-05, 5951.5674, 106.5586, 2.5396, 2.8461
21.8350, 4.88e-05, 5951.5707, 106.5411, 2.5396, 2.9117
21.8400, 5.06e-05, 5951.5745, 106.5236, 2.5397, 2.9772
21.8450, 4.84e-05, 5951.5790, 106.5060, 2.5398, 3.0428
21.8500, 4.88e-05, 5951.5841, 106.4883, 2.5398, 3.1083
21.8550, 4.88e-05, 5951.5898, 106.4706, 2.5399, 3.1738
21.8600, 5.06e-05, 5951.5961, 106.4528, 2.5400, 3.2393
21.8650, 6.1e-05, 5951.6030, 106.4350, 2.5400, 3.3047
21.8700, 4.95e-05, 5951.6106, 106.4172, 2.5401, 3.3702
21.8750, 5.09e-05, 5951.6187, 106.3992, 2.5402, 3.4356
21.8800, 4.87e-05, 5951.6274, 106.3813, 2.5402, 3.5010
21.8850, 4.87e-05, 5951.6368, 106.3633, 2.5403, 3.5663
21.8900, 4.84e-05, 5951.6467, 106.3452, 2.5404, 3.6316
21.8950, 5.43e-05, 5951.6573, 106.3271, 2.5404, 3.6969
21.9000, 6.05e-05, 5951.6684, 106.3089, 2.5405, 3.7622
21.9050, 4.96e-05, 5951.6802, 106.2907, 2.5406, 3.8275
21.9100, 4.91e-05, 5951.6925, 106.2724, 2.5406, 3.8927
21.9150, 5.11e-05, 5951.7055, 106.2541, 2.5407, 3.9579
21.9200, 4.85e-05, 5951.7190, 106.2358, 2.5408, 4.0231
21.9250, 4.88e-05, 5951.7332, 106.2174, 2.5408, 4.0883
21.9300, 4.87e-05, 5951.7480, 106.1989, 2.5409, 4.1534
21.9350, 6.27e-05, 5951.7633, 106.1804, 2.5410, 4.2185
21.9400, 4.94e-05, 5951.7793, 106.1618, 2.5410, 4.2836
21.9450, 4.89e-05, 5951.7959, 106.1432, 2.5411, 4.3486
21.9500, 5.07e-05, 5951.8130, 106.1245, 2.5412, 4.4137
21.9550, 4.89e-05, 5951.8308, 106.1058, 2.5412, 4.4787
21.9600, 4.88e-05, 5951.8492, 106.0871, 2.5413, 4.5437
21.9650, 4.86e-05, 5951.8681, 106.0683, 2.5414, 4.6086
21.9700, 6.28e-05, 5951.8877, 106.0494, 2.5414, 4.6736
21.9750, 5.06e-05, 5951.9078, 106.0305, 2.5415, 4.7385
21.9800, 5.26e-05, 5951.9286, 106.0115, 2.5416, 4.8033
21.9850, 4.97e-05, 5951.9499, 105.9925, 2.5416, 4.8682
21.9900, 5.13e-05, 5951.9719, 105.9735, 2.5417, 4.9330
21.9950, 4.88e-05, 5951.9944, 105.9543, 2.5418, 4.9978
22.0000, 4.89e-05, 5952.0175, 105.9352, 2.5418, 5.0626
22.0050, 6.32e-05, 5952.0413, 105.9160, 2.5419, 5.1274
22.0100, 4.94e-05, 5952.0656, 105.8967, 2.5420, 5.1921
22.0150, 4.88e-05, 5952.0905, 105.8774, 2.5420, 5.2568
22.0200, 0.0003208, 5952.1160, 105.8581, 2.5421, 5.3215
22.0250, 5.57e-05, 5952.1421, 105.8387, 2.5422, 5.3861
22.0300, 5.12e-05, 5952.1688, 105.8192, 2.5422, 5.4508
22.0350, 4.97e-05, 5952.1961, 105.7997, 2.5423, 5.5154
22.0400, 5.21e-05, 5952.2239, 105.7802, 2.5424, 5.5799
22.0450, 5.44e-05, 5952.2524, 105.7606, 2.5424, 5.6445
22.0500, 4.87e-05, 5952.2814, 105.7409, 2.5425, 5.7090
22.0550, 4.88e-05, 5952.3111, 105.7212, 2.5426, 5.7735
22.0600, 5.1e-05, 5952.3413, 105.7015, 2.5426, 5.8380
22.0650, 4.92e-05, 5952.3721, 105.6817, 2.5427, 5.9024
22.0700, 5.94e-05, 5952.4035, 105.6618, 2.5428, 5.9668
22.0750, 5.11e-05, 5952.4355, 105.6419, 2.5428, 6.0312
22.0800, 5.14e-05, 5952.4681, 105.6220, 2.5429, 6.0956
22.0850, 4.92e-05, 5952.5012, 105.6020, 2.5430, 6.1599
22.0900, 4.85e-05, 5952.5350, 105.5820, 2.5430, 6.2243
22.0950, 4.9e-05, 5952.5693, 105.5619, 2.5431, 6.2885
22.1000, 5.05e-05, 5952.6042, 105.5418, 2.5432, 6.3528
22.1050, 5.95e-05, 5952.6397, 105.5216, 2.5432, 6.4170
22.1100, 5.06e-05, 5952.6758, 105.5013, 2.5433, 6.4812
22.1150, 4.9e-05, 5952.7124, 105.4811, 2.5434, 6.5454
22.1200, 5.08e-05, 5952.7497, 105.4607, 2.5434, 6.6096
22.1250, 4.93e-05, 5952.7875, 105.4404, 2.5435, 6.6737
22.1300, 4.94e-05, 5952.8259, 105.4199, 2.5436, 6.7378
22.1350, 5.1e-05, 5952.8649, 105.3995, 2.5436, 6.8019
22.1400, 6.38e-05, 5952.9045, 105.3789, 2.5437, 6.8659
22.1450, 5.13e-05, 5952.9446, 105.3584, 2.5438, 6.9300
22.1500, 4.93e-05, 5952.9853, 105.3377, 2.5438, 6.9940
22.1550, 5.13e-05, 5953.0266, 105.3171, 2.5439, 7.0579
22.1600, 4.9e-05, 5953.0685, 105.2964, 2.5440, 7.1219
22.1650, 4.9e-05, 5953.1110, 105.2756, 2.5440, 7.1858
22.1700, 4.88e-05, 5953.1540, 105.2548, 2.5441, 7.2497
22.1750, 6.23e-05, 5953.1976, 105.2339, 2.5442, 7.3135
22.1800, 5.08e-05, 5953.2418, 105.2130, 2.5442, 7.3774
22.1850, 4.92e-05, 5953.2866, 105.1921, 2.5443, 7.4412
22.1900, 5.09e-05, 5953.3319, 105.1711, 2.5444, 7.5050
22.1950, 4.9e-05, 5953.3778, 105.1500, 2.5444, 7.5687
22.2000, 4.89e-05, 5953.4243, 105.1289, 2.5445, 7.6324
22.2050, 4.89e-05, 5953.4714, 105.1078, 2.5446, 7.6961
22.2100, 6.56e-05, 5953.5190, 105.0866, 2.5446, 7.7598
22.2150, 5.09e-05, 5953.5672, 105.0654, 2.5447, 7.8234
22.2200, 4.94e-05, 5953.6160, 105.0441, 2.5448, 7.8871
22.2250, 5.02e-05, 5953.6653, 105.0227, 2.5448, 7.9506
22.2300, 5.15e-05, 5953.7152, 105.0014, 2.5449, 8.0142
22.2350, 4.9e-05, 5953.7657, 104.9799, 2.5450, 8.0777
22.2400, 0.0001753, 5953.8168, 104.9585, 2.5450, 8.1412
22.2450, 6.14e-05, 5953.8684, 104.9369, 2.5451, 8.2047
22.2500, 5.28e-05, 5953.9206, 104.9154, 2.5452, 8.2682
22.2550, 4.93e-05, 5953.9733, 104.8938, 2.5452, 8.3316
22.2600, 4.9e-05, 5954.0266, 104.8721, 2.5453, 8.3950
22.2650, 5.05e-05, 5954.0805, 104.8504, 2.5453, 8.4584
22.2700, 4.9e-05, 5954.1350, 104.8286, 2.5454, 8.5217
22.2750, 8.19e-05, 5954.1900, 104.8068, 2.5455, 8.5850
22.2800, 0.0002333, 5954.2456, 104.7850, 2.5455, 8.6483
22.2850, 6.07e-05, 5954.3017, 104.7631, 2.5456, 8.7115
22.2900, 4.98e-05, 5954.3584, 104.7411, 2.5457, 8.7748
22.2950, 4.91e-05, 5954.4157, 104.7191, 2.5457, 8.8380
22.3000, 4.88e-05, 5954.4735, 104.6971, 2.5458, 8.9011
22.3050, 5.1e-05, 5954.5319, 104.6750, 2.5459, 8.9643
22.3100, 6.22e-05, 5954.5909, 104.6529, 2.5459, 9.0274
22.3150, 4.97e-05, 5954.6504, 104.6307, 2.5460, 9.0905
22.3200, 5.12e-05, 5954.7105, 104.6085, 2.5461, 9.1535
22.3250, 4.9e-05, 5954.7711, 104.5862, 2.5461, 9.2166
22.3300, 4.94e-05, 5954.8323, 104.5639, 2.5462, 9.2796
22.3350, 4.91e-05, 5954.8940, 104.5415, 2.5463, 9.3426
22.3400, 5.1e-05, 5954.9563, 104.5191, 2.5463, 9.4055
22.3450, 6.07e-05, 5955.0192, 104.4966, 2.5464, 9.4684
22.3500, 5.35e-05, 5955.0826, 104.4741, 2.5465, 9.5313
22.3550, 4.96e-05, 5955.1466, 104.4516, 2.5465, 9.5942
22.3600, 5.09e-05, 5955.2111, 104.4290, 2.5466, 9.6570
22.3650, 4.93e-05, 5955.2762, 104.4063, 2.5467, 9.7198
22.3700, 4.91e-05, 5955.3419, 104.3837, 2.5467, 9.7826
22.3750, 4.94e-05, 5955.4080, 104.3609, 2.5468, 9.8453
22.3800, 6.28e-05, 5955.4748, 104.3381, 2.5469, 9.9080
22.3850, 4.97e-05, 5955.5421, 104.3153, 2.5469, 9.9707
22.3900, 4.9e-05, 5955.6099, 104.2924, 2.5470, 10.0334
22.3950, 5.12e-05, 5955.6783, 104.2695, 2.5470, 10.0960
22.4000, 4.87e-05, 5955.7473, 104.2466, 2.5471, 10.1586
22.4050, 4.86e-05, 5955.8168, 104.2235, 2.5472, 10.2212
22.4100, 4.88e-05, 5955.8868, 104.2005, 2.5472, 10.2837
22.4150, 6.23e-05, 5955.9574, 104.1774, 2.5473, 10.3462
22.4200, 5.11e-05, 5956.0285, 104.1542, 2.5474, 10.4087
22.4250, 4.91e-05, 5956.1002, 104.1310, 2.5474, 10.4712
22.4300, 4.87e-05, 5956.1724, 104.1078, 2.5475, 10.5336
22.4350, 5.43e-05, 5956.2452, 104.0845, 2.5476, 10.5960
22.4400, 4.94e-05, 5956.3185, 104.0612, 2.5476, 10.6583
22.4450, 4.91e-05, 5956.3924, 104.0378, 2.5477, 10.7207
22.4500, 6.32e-05, 5956.4668, 104.0144, 2.5478, 10.7830
22.4550, 7.1e-05, 5956.5418, 103.9909, 2.5478, 10.8453
22.4600, 7.77e-05, 5956.6173, 103.9674, 2.5479, 10.9075
22.4650, 5.59e-05, 5956.6933, 103.9439, 2.5480, 10.9697
22.4700, 5.68e-05, 5956.7699, 103.9203, 2.5480, 11.0319
22.4750, 6.8e-05, 5956.8470, 103.8966, 2.5481, 11.0941
22.4800, 5.15e-05, 5956.9246, 103.8729, 2.5482, 11.1562
22.4850, 5e-05, 5957.0028, 103.8492, 2.5482, 11.2183
22.4900, 5.13e-05, 5957.0816, 103.8254, 2.5483, 11.2804
22.4950, 8.02e-05, 5957.1608, 103.8016, 2.5484, 11.3424
22.5000, 5.36e-05, 5957.2406, 103.7777, 2.5484, 11.4044
22.5050, 6.95e-05, 5957.3210, 103.7538, 2.5485, 11.4664
22.5100, 5.1e-05, 5957.4019, 103.7298, 2.5485, 11.5284
22.5150, 4.95e-05, 5957.4833, 103.7058, 2.5486, 11.5903
22.5200, 4.95e-05, 5957.5652, 103.6818, 2.5487, 11.6522
22.5250, 5.09e-05, 5957.6477, 103.6577, 2.5487, 11.7140
22.5300, 4.89e-05, 5957.7307, 103.6335, 2.5488, 11.7759
22.5350, 4.87e-05, 5957.8143, 103.6093, 2.5489, 11.8377
22.5400, 6.06e-05, 5957.8984, 103.5851, 2.5489, 11.8994
22.5450, 5.26e-05, 5957.9830, 103.5608, 2.5490, 11.9612
22.5500, 4.9e-05, 5958.0681, 103.5365, 2.5491, 12.0229
22.5550, 4.91e-05, 5958.1538, 103.5121, 2.5491, 12.0845
22.5600, 0.000276, 5958.2400, 103.4877, 2.5492, 12.1462
22.5650, 5.58e-05, 5958.3267, 103.4633, 2.5493, 12.2078
22.5700, 0.0001502, 5958.4140, 103.4388, 2.5493, 12.2694
22.5750, 8.26e-05, 5958.5018, 103.4142, 2.5494, 12.3309
22.5800, 7.96e-05, 5958.5901, 103.3897, 2.5495, 12.3925
22.5850, 6.12e-05, 5958.6789, 103.3650, 2.5495, 12.4540
22.5900, 5.55e-05, 5958.7683, 103.3404, 2.5496, 12.5154
22.5950, 5.49e-05, 5958.8582, 103.3156, 2.5496, 12.5769
22.6000, 5.66e-05, 5958.9486, 103.2909, 2.5497, 12.6383
22.6050, 5.48e-05, 5959.0395, 103.2661, 2.5498, 12.6996
22.6100, 5.48e-05, 5959.1310, 103.2412, 2.5498, 12.7610
22.6150, 5.46e-05, 5959.2230, 103.2163, 2.5499, 12.8223
22.6200, 6.03e-05, 5959.3155, 103.1914, 2.5500, 12.8836
22.6250, 5.5e-05, 5959.4085, 103.1664, 2.5500, 12.9448
22.6300, 5.5e-05, 5959.5020, 103.1414, 2.5501, 13.0060
22.6350, 5.91e-05, 5959.5961, 103.1163, 2.5502, 13.0672
22.6400, 5.04e-05, 5959.6907, 103.0912, 2.5502, 13.1284
22.6450, 4.97e-05, 5959.7858, 103.0661, 2.5503, 13.1895
22.6500, 4.92e-05, 5959.8814, 103.0409, 2.5504, 13.2506
22.6550, 5.18e-05, 5959.9775, 103.0156, 2.5504, 13.3116
22.6600, 4.9e-05, 5960.0742, 102.9903, 2.5505, 13.3727
22.6650, 4.92e-05, 5960.1713, 102.9650, 2.5505, 13.4337
22.6700, 4.92e-05, 5960.2690, 102.9396, 2.5506, 13.4946
22.6750, 5.13e-05, 5960.3672, 102.9142, 2.5507, 13.5556
22.6800, 4.9e-05, 5960.4659, 102.8888, 2.5507, 13.6165
22.6850, 4.92e-05, 5960.5651, 102.8633, 2.5508, 13.6773
22.6900, 4.93e-05, 5960.6648, 102.8377, 2.5509, 13.7382
22.6950, 5.15e-05, 5960.7651, 102.8121, 2.5509, 13.7990
22.7000, 4.94e-05, 5960.8658, 102.7865, 2.5510, 13.8598
22.7050, 4.9e-05, 5960.9671, 102.7608, 2.5511, 13.9205
22.7100, 6.05e-05, 5961.0688, 102.7351, 2.5511, 13.9812
22.7150, 5.01e-05, 5961.1711, 102.7094, 2.5512, 14.0419
22.7200, 6.55e-05, 5961.2739, 102.6835, 2.5513, 14.1025
22.7250, 5.02e-05, 5961.3772, 102.6577, 2.5513, 14.1632
22.7300, 5.14e-05, 5961.4810, 102.6318, 2.5514, 14.2237
22.7350, 4.91e-05, 5961.5853, 102.6059, 2.5514, 14.2843
22.7400, 4.88e-05, 5961.6901, 102.5799, 2.5515, 14.3448
22.7450, 4.94e-05, 5961.7954, 102.5539, 2.5516, 14.4053
22.7500, 5.14e-05, 5961.9012, 102.5278, 2.5516, 14.4658
22.7550, 6.56e-05, 5962.0075, 102.5017, 2.5517, 14.5262
22.7600, 5e-05, 5962.1143, 102.4756, 2.5518, 14.5866
22.7650, 5.15e-05, 5962.2216, 102.4494, 2.5518, 14.6469
22.7700, 4.94e-05, 5962.3294, 102.4232, 2.5519, 14.7073
22.7750, 4.91e-05, 5962.4378, 102.3969, 2.5520, 14.7676
22.7800, 4.89e-05, 5962.5466, 102.3706, 2.5520, 14.8278
22.7850, 6.29e-05, 5962.6559, 102.3443, 2.5521, 14.8881
22.7900, 5.22e-05, 5962.7657, 102.3179, 2.5522, 14.9483
22.7950, 4.95e-05, 5962.8760, 102.2914, 2.5522, 15.0084
22.8000, 6.09e-05, 5962.9868, 102.2649, 2.5523, 15.0685
22.8050, 5.28e-05, 5963.0981, 102.2384, 2.5523, 15.1286
22.8100, 4.97e-05, 5963.2099, 102.2119, 2.5524, 15.1887
22.8150, 5.02e-05, 5963.3222, 102.1852, 2.5525, 15.2487
22.8200, 6.16e-05, 5963.4350, 102.1586, 2.5525, 15.3087
22.8250, 5.38e-05, 5963.5482, 102.1319, 2.5526, 15.3687
22.8300, 4.95e-05, 5963.6620, 102.1052, 2.5527, 15.4286
22.8350, 4.92e-05, 5963.7762, 102.0784, 2.5527, 15.4886
22.8400, 5.17e-05, 5963.8910, 102.0516, 2.5528, 15.5484
22.8450, 4.93e-05, 5964.0062, 102.0247, 2.5529, 15.6083
22.8500, 4.89e-05, 5964.1219, 101.9978, 2.5529, 15.6681
22.8550, 6.07e-05, 5964.2381, 101.9709, 2.5530, 15.7278
22.8600, 5.4e-05, 5964.3548, 101.9439, 2.5530, 15.7876
22.8650, 4.97e-05, 5964.4720, 101.9169, 2.5531, 15.8473
22.8700, 4.92e-05, 5964.5897, 101.8898, 2.5532, 15.9069
22.8750, 4.91e-05, 5964.7079, 101.8627, 2.5532, 15.9666
22.8800, 5.13e-05, 5964.8265, 101.8356, 2.5533, 16.0262
22.8850, 5.01e-05, 5964.9456, 101.8084, 2.5534, 16.0857
22.8900, 5.98e-05, 5965.0652, 101.7812, 2.5534, 16.1453
22.8950, 5.25e-05, 5965.1853, 101.7539, 2.5535, 16.2048
22.9000, 4.98e-05, 5965.3059, 101.7266, 2.5536, 16.2643
22.9050, 4.92e-05, 5965.4269, 101.6992, 2.5536, 16.3237
22.9100, 4.9e-05, 5965.5485, 101.6719, 2.5537, 16.3831
22.9150, 5.1e-05, 5965.6705, 101.6444, 2.5537, 16.4425
22.9200, 4.93e-05, 5965.7929, 101.6169, 2.5538, 16.5018
22.9250, 6.86e-05, 5965.9159, 101.5894, 2.5539, 16.5611
22.9300, 5.13e-05, 5966.0394, 101.5619, 2.5539, 16.6204
22.9350, 5.14e-05, 5966.1633, 101.5343, 2.5540, 16.6796
22.9400, 4.9e-05, 5966.2877, 101.5066, 2.5541, 16.7388
22.9450, 5.04e-05, 5966.4125, 101.4790, 2.5541, 16.7980
22.9500, 5.1e-05, 5966.5379, 101.4513, 2.5542, 16.8571
22.9550, 4.94e-05, 5966.6637, 101.4235, 2.5543, 16.9162
22.9600, 6.04e-05, 5966.7900, 101.3957, 2.5543, 16.9752
22.9650, 5.36e-05, 5966.9167, 101.3679, 2.5544, 17.0343
22.9700, 5.15e-05, 5967.0440, 101.3400, 2.5544, 17.0933
22.9750, 4.9e-05, 5967.1717, 101.3121, 2.5545, 17.1522
22.9800, 4.88e-05, 5967.2998, 101.2841, 2.5546, 17.2112
22.9850, 4.89e-05, 5967.4285, 101.2561, 2.5546, 17.2700
22.9900, 5.05e-05, 5967.5576, 101.2281, 2.5547, 17.3289
22.9950, 6.05e-05, 5967.6871, 101.2000, 2.5548, 17.3877
23.0000, 5.09e-05, 5967.8172, 101.1719, 2.5548, 17.4465
23.0050, 4.93e-05, 5967.9477, 101.1437, 2.5549, 17.5053
23.0100, 5.11e-05, 5968.0787, 101.1155, 2.5550, 17.5640
23.0150, 4.89e-05, 5968.2101, 101.0873, 2.5550, 17.6227
23.0200, 4.87e-05, 5968.3420, 101.0590, 2.5551, 17.6813
23.0250, 5.11e-05, 5968.4743, 101.0307, 2.5551, 17.7399
23.0300, 6.75e-05, 5968.6072, 101.0023, 2.5552, 17.7985
23.0350, 5.08e-05, 5968.7405, 100.9739, 2.5553, 17.8571
23.0400, 4.92e-05, 5968.8742, 100.9455, 2.5553, 17.9156
23.0450, 5.08e-05, 5969.0084, 100.9170, 2.5554, 17.9740
23.0500, 7.26e-05, 5969.1431, 100.8885, 2.5555, 18.0325
23.0550, 5.7e-05, 5969.2782, 100.8599, 2.5555, 18.0909
23.0600, 6.29e-05, 5969.4138, 100.8314, 2.5556, 18.1493
23.0650, 5.35e-05, 5969.5498, 100.8027, 2.5557, 18.2076
23.0700, 4.98e-05, 5969.6863, 100.7740, 2.5557, 18.2659
23.0750, 4.97e-05, 5969.8232, 100.7453, 2.5558, 18.3242
23.0800, 5.16e-05, 5969.9606, 100.7166, 2.5558, 18.3824
23.0850, 4.97e-05, 5970.0985, 100.6878, 2.5559, 18.4406
23.0900, 5.01e-05, 5970.2368, 100.6590, 2.5560, 18.4987
23.0950, 6.01e-05, 5970.3755, 100.6301, 2.5560, 18.5569
23.1000, 5.33e-05, 5970.5147, 100.6012, 2.5561, 18.6149
23.1050, 4.92e-05, 5970.6544, 100.5722, 2.5562, 18.6730
23.1100, 4.9e-05, 5970.7945, 100.5433, 2.5562, 18.7310
23.1150, 4.89e-05, 5970.9350, 100.5142, 2.5563, 18.7890
23.1200, 6.04e-05, 5971.0760, 100.4852, 2.5563, 18.8469
23.1250, 4.89e-05, 5971.2175, 100.4561, 2.5564, 18.9049
23.1300, 6.36e-05, 5971.3594, 100.4269, 2.5565, 18.9627
23.1350, 5.03e-05, 5971.5017, 100.3978, 2.5565, 19.0206
23.1400, 5.15e-05, 5971.6445, 100.3685, 2.5566, 19.0784
23.1450, 4.94e-05, 5971.7877, 100.3393, 2.5567, 19.1361
23.1500, 4.88e-05, 5971.9314, 100.3100, 2.5567, 19.1939
23.1550, 5.16e-05, 5972.0755, 100.2807, 2.5568, 19.2516
23.1600, 4.93e-05, 5972.2201, 100.2513, 2.5568, 19.3092
23.1650, 6.24e-05, 5972.3651, 100.2219, 2.5569, 19.3668
23.1700, 5e-05, 5972.5105, 100.1924, 2.5570, 19.4244
23.1750, 5.2e-05, 5972.6564, 100.1630, 2.5570, 19.4820
23.1800, 5.49e-05, 5972.8027, 100.1334, 2.5571, 19.5395
23.1850, 5e-05, 5972.9495, 100.1039, 2.5572, 19.5970
23.1900, 4.97e-05, 5973.0967, 100.0743, 2.5572, 19.6544
23.1950, 6.47e-05, 5973.2443, 100.0446, 2.5573, 19.7118
23.2000, 5.15e-05, 5973.3924, 100.0150, 2.5574, 19.7692
23.2050, 4.95e-05, 5973.5409, 99.9852, 2.5574, 19.8265
23.2100, 5.72e-05, 5973.6898, 99.9555, 2.5575, 19.8838
23.2150, 5e-05, 5973.8392, 99.9257, 2.5575, 19.9411
23.2200, 5.09e-05, 5973.9889, 99.8959, 2.5576, 19.9983
23.2250, 4.89e-05, 5974.1392, 99.8660, 2.5577, 20.0555
23.2300, 6.24e-05, 5974.2898, 99.8361, 2.5577, 20.1126
23.2350, 6.08e-05, 5974.4409, 99.8062, 2.5578, 20.1697
23.2400, 5.1e-05, 5974.5924, 99.7762, 2.5579, 20.2268
23.2450, 4.94e-05, 5974.7444, 99.7462, 2.5579, 20.2839
23.2500, 5.13e-05, 5974.8968, 99.7161, 2.5580, 20.3409
23.2550, 4.91e-05, 5975.0496, 99.6861, 2.5580, 20.3978
23.2600, 4.93e-05, 5975.2028, 99.6559, 2.5581, 20.4548
23.2650, 6.36e-05, 5975.3564, 99.6258, 2.5582, 20.5117
23.2700, 5.23e-05, 5975.5105, 99.5956, 2.5582, 20.5685
23.2750, 4.95e-05, 5975.6650, 99.5653, 2.5583, 20.6253
23.2800, 4.9e-05, 5975.8199, 99.5351, 2.5584, 20.6821
23.2850, 5.13e-05, 5975.9753, 99.5048, 2.5584, 20.7388
23.2900, 4.9e-05, 5976.1310, 99.4744, 2.5585, 20.7956
23.2950, 5.34e-05, 5976.2872, 99.4440, 2.5585, 20.8522
23.3000, 6.1e-05, 5976.4438, 99.4136, 2.5586, 20.9089
23.3050, 5.2e-05, 5976.6008, 99.3831, 2.5587, 20.9654
23.3100, 5e-05, 5976.7583, 99.3527, 2.5587, 21.0220
23.3150, 4.9e-05, 5976.9161, 99.3221, 2.5588, 21.0785
23.3200, 4.91e-05, 5977.0744, 99.2916, 2.5589, 21.1350
23.3250, 5.16e-05, 5977.2331, 99.2610, 2.5589, 21.1914
23.3300, 4.91e-05, 5977.3922, 99.2303, 2.5590, 21.2479
23.3350, 6.13e-05, 5977.5517, 99.1996, 2.5590, 21.3042
23.3400, 5.25e-05, 5977.7117, 99.1689, 2.5591, 21.3605
23.3450, 4.95e-05, 5977.8720, 99.1382, 2.5592, 21.4168
23.3500, 4.89e-05, 5978.0328, 99.1074, 2.5592, 21.4731
23.3550, 4.88e-05, 5978.1939, 99.0766, 2.5593, 21.5293
23.3600, 5.14e-05, 5978.3555, 99.0457, 2.5594, 21.5855
23.3650, 4.92e-05, 5978.5175, 99.0148, 2.5594, 21.6416
23.3700, 6.15e-05, 5978.6799, 98.9839, 2.5595, 21.6977
23.3750, 5.33e-05, 5978.8427, 98.9529, 2.5595, 21.7538
23.3800, 6.38e-05, 5979.0059, 98.9219, 2.5596, 21.8098
23.3850, 4.94e-05, 5979.1695, 98.8909, 2.5597, 21.8658
23.3900, 4.87e-05, 5979.3335, 98.8598, 2.5597, 21.9218
23.3950, 5.11e-05, 5979.4979, 98.8287, 2.5598, 21.9777
23.4000, 4.91e-05, 5979.6628, 98.7976, 2.5598, 22.0336
23.4050, 5.16e-05, 5979.8280, 98.7664, 2.5599, 22.0894
23.4100, 4.96e-05, 5979.9936, 98.7352, 2.5600, 22.1452
23.4150, 6.05e-05, 5980.1596, 98.7039, 2.5600, 22.2009
23.4200, 4.93e-05, 5980.3261, 98.6726, 2.5601, 22.2567
23.4250, 4.89e-05, 5980.4929, 98.6413, 2.5602, 22.3123
23.4300, 4.89e-05, 5980.6601, 98.6099, 2.5602, 22.3680
23.4350, 6.2e-05, 5980.8278, 98.5785, 2.5603, 22.4236
23.4400, 5.11e-05, 5980.9958, 98.5471, 2.5603, 22.4792
23.4450, 4.93e-05, 5981.1642, 98.5157, 2.5604, 22.5347
23.4500, 4.89e-05, 5981.3330, 98.4842, 2.5605, 22.5902
23.4550, 5.12e-05, 5981.5022, 98.4526, 2.5605, 22.6456
23.4600, 5.19e-05, 5981.6718, 98.4211, 2.5606, 22.7010
23.4650, 4.93e-05, 5981.8418, 98.3894, 2.5607, 22.7564
23.4700, 6.14e-05, 5982.0122, 98.3578, 2.5607, 22.8117
23.4750, 5.1e-05, 5982.1830, 98.3261, 2.5608, 22.8670
23.4800, 4.89e-05, 5982.3542, 98.2944, 2.5608, 22.9223
23.4850, 4.88e-05, 5982.5257, 98.2627, 2.5609, 22.9775
23.4900, 5.1e-05, 5982.6977, 98.2309, 2.5610, 23.0327
23.4950, 4.88e-05, 5982.8700, 98.1991, 2.5610, 23.0878
23.5000, 4.86e-05, 5983.0427, 98.1672, 2.5611, 23.1429
23.5050, 5.95e-05, 5983.2158, 98.1354, 2.5612, 23.1980
23.5100, 5.23e-05, 5983.3893, 98.1034, 2.5612, 23.2530
23.5150, 4.86e-05, 5983.5632, 98.0715, 2.5613, 23.3080
23.5200, 4.86e-05, 5983.7375, 98.0395, 2.5613, 23.3629
23.5250, 5.07e-05, 5983.9121, 98.0075, 2.5614, 23.4178
23.5300, 4.89e-05, 5984.0871, 97.9754, 2.5615, 23.4727
23.5350, 4.9e-05, 5984.2625, 97.9433, 2.5615, 23.5275
23.5400, 5.87e-05, 5984.4383, 97.9112, 2.5616, 23.5823
23.5450, 6.41e-05, 5984.6145, 97.8791, 2.5616, 23.6370
23.5500, 4.98e-05, 5984.7910, 97.8469, 2.5617, 23.6917
23.5550, 4.92e-05, 5984.9680, 97.8147, 2.5618, 23.7464
23.5600, 4.91e-05, 5985.1453, 97.7824, 2.5618, 23.8010
23.5650, 5.1e-05, 5985.3229, 97.7501, 2.5619, 23.8556
23.5700, 4.92e-05, 5985.5010, 97.7178, 2.5620, 23.9101
23.5750, 5.96e-05, 5985.6794, 97.6854, 2.5620, 23.9646
23.5800, 5.04e-05, 5985.8582, 97.6530, 2.5621, 24.0191
23.5850, 5.15e-05, 5986.0374, 97.6206, 2.5621, 24.0735
23.5900, 4.92e-05, 5986.2169, 97.5881, 2.5622, 24.1279
23.5950, 4.91e-05, 5986.3969, 97.5556, 2.5623, 24.1822
23.6000, 5.17e-05, 5986.5772, 97.5231, 2.5623, 24.2365
23.6050, 5.78e-05, 5986.7578, 97.4905, 2.5624, 24.2908
23.6100, 7.02e-05, 5986.9388, 97.4579, 2.5624, 24.3450
23.6150, 6.11e-05, 5987.1202, 97.4253, 2.5625, 24.3992
23.6200, 5.25e-05, 5987.3020, 97.3927, 2.5626, 24.4533
23.6250, 7.23e-05, 5987.4841, 97.3600, 2.5626, 24.5074
23.6300, 8.61e-05, 5987.6666, 97.3272, 2.5627, 24.5615
23.6350, 0.0001042, 5987.8495, 97.2945, 2.5628, 24.6155
23.6400, 8.86e-05, 5988.0327, 97.2617, 2.5628, 24.6694
23.6450, 8.32e-05, 5988.2163, 97.2288, 2.5629, 24.7234
23.6500, 8.42e-05, 5988.4003, 97.1960, 2.5629, 24.7773
23.6550, 9.86e-05, 5988.5846, 97.1631, 2.5630, 24.8311
23.6600, 9.07e-05, 5988.7692, 97.1302, 2.5631, 24.8849
23.6650, 8.44e-05, 5988.9543, 97.0972, 2.5631, 24.9387
23.6700, 8.35e-05, 5989.1397, 97.0642, 2.5632, 24.9924
23.6750, 0.0001047, 5989.3254, 97.0312, 2.5632, 25.0461
23.6800, 0.0001003, 5989.5115, 96.9981, 2.5633, 25.0998
23.6850, 8.74e-05, 5989.6980, 96.9650, 2.5634, 25.1534
23.6900, 8.36e-05, 5989.8848, 96.9319, 2.5634, 25.2070
23.6950, 0.0001016, 5990.0720, 96.8988, 2.5635, 25.2605
23.7000, 8.36e-05, 5990.2595, 96.8656, 2.5635, 25.3140
23.7050, 8.25e-05, 5990.4474, 96.8324, 2.5636, 25.3674
23.7100, 8.62e-05, 5990.6356, 96.7991, 2.5637, 25.4208
23.7150, 0.0001001, 5990.8242, 96.7658, 2.5637, 25.4742
23.7200, 8.82e-05, 5991.0131, 96.7325, 2.5638, 25.5275
23.7250, 8.75e-05, 5991.2024, 96.6991, 2.5639, 25.5808
23.7300, 8.73e-05, 5991.3921, 96.6658, 2.5639, 25.6340
23.7350, 9.91e-05, 5991.5820, 96.6324, 2.5640, 25.6872
23.7400, 8.55e-05, 5991.7724, 96.5989, 2.5640, 25.7403
23.7450, 8.44e-05, 5991.9630, 96.5654, 2.5641, 25.7934
23.7500, 8.61e-05, 5992.1541, 96.5319, 2.5642, 25.8465
23.7550, 9.66e-05, 5992.3454, 96.4984, 2.5642, 25.8995
23.7600, 8.81e-05, 5992.5371, 96.4648, 2.5643, 25.9525
23.7650, 8.64e-05, 5992.7292, 96.4312, 2.5643, 26.0055
23.7700, 9.06e-05, 5992.9216, 96.3976, 2.5644, 26.0584
23.7750, 0.0001503, 5993.1143, 96.3639, 2.5645, 26.1112
23.7800, 5.7e-05, 5993.3074, 96.3302, 2.5645, 26.1640
23.7850, 5.39e-05, 5993.5008, 96.2965, 2.5646, 26.2168
23.7900, 5e-05, 5993.6946, 96.2627, 2.5646, 26.2695
23.7950, 4.94e-05, 5993.8887, 96.2289, 2.5647, 26.3222
23.8000, 4.89e-05, 5994.0831, 96.1951, 2.5648, 26.3749
23.8050, 5.08e-05, 5994.2779, 96.1612, 2.5648, 26.4275
23.8100, 6.36e-05, 5994.4730, 96.1273, 2.5649, 26.4800
23.8150, 4.94e-05, 5994.6684, 96.0934, 2.5650, 26.5326
23.8200, 4.91e-05, 5994.8642, 96.0595, 2.5650, 26.5850
23.8250, 5.1e-05, 5995.0603, 96.0255, 2.5651, 26.6375
23.8300, 4.91e-05, 5995.2568, 95.9915, 2.5651, 26.6899
23.8350, 4.85e-05, 5995.4535, 95.9574, 2.5652, 26.7422
23.8400, 5.05e-05, 5995.6506, 95.9234, 2.5653, 26.7945
23.8450, 6.15e-05, 5995.8481, 95.8893, 2.5653, 26.8468
23.8500, 4.88e-05, 5996.0458, 95.8551, 2.5654, 26.8990
23.8550, 4.82e-05, 5996.2439, 95.8210, 2.5654, 26.9512
23.8600, 5.02e-05, 5996.4423, 95.7868, 2.5655, 27.0033
23.8650, 4.85e-05, 5996.6411, 95.7525, 2.5656, 27.0554
23.8700, 4.85e-05, 5996.8401, 95.7183, 2.5656, 27.1075
23.8750, 4.83e-05, 5997.0395, 95.6840, 2.5657, 27.1595
23.8800, 6.2e-05, 5997.2393, 95.6497, 2.5657, 27.2114
23.8850, 5e-05, 5997.4393, 95.6153, 2.5658, 27.2633
23.8900, 4.88e-05, 5997.6397, 95.5809, 2.5659, 27.3152
23.8950, 5.44e-05, 5997.8403, 95.5465, 2.5659, 27.3670
23.9000, 5.33e-05, 5998.0413, 95.5121, 2.5660, 27.4188
23.9050, 4.9e-05, 5998.2427, 95.4776, 2.5660, 27.4706
23.9100, 5.3e-05, 5998.4443, 95.4431, 2.5661, 27.5223
23.9150, 5.4e-05, 5998.6463, 95.4086, 2.5662, 27.5739
23.9200, 4.97e-05, 5998.8486, 95.3740, 2.5662, 27.6256
23.9250, 5.35e-05, 5999.0512, 95.3394, 2.5663, 27.6771
23.9300, 4.93e-05, 5999.2541, 95.3048, 2.5663, 27.7286
23.9350, 5.14e-05, 5999.4573, 95.2702, 2.5664, 27.7801
23.9400, 4.9e-05, 5999.6608, 95.2355, 2.5665, 27.8316
23.9450, 5.96e-05, 5999.8647, 95.2008, 2.5665, 27.8830
23.9500, 5.05e-05, 6000.0689, 95.1660, 2.5666, 27.9343
23.9550, 5.09e-05, 6000.2733, 95.1313, 2.5666, 27.9856
23.9600, 4.87e-05, 6000.4781, 95.0965, 2.5667, 28.0369
23.9650, 4.85e-05, 6000.6832, 95.0616, 2.5668, 28.0881
23.9700, 5.05e-05, 6000.8886, 95.0268, 2.5668, 28.1393
23.9750, 4.88e-05, 6001.0943, 94.9919, 2.5669, 28.1904
23.9800, 5.9e-05, 6001.3004, 94.9570, 2.5669, 28.2415
23.9850, 5.07e-05, 6001.5067, 94.9220, 2.5670, 28.2925
23.9900, 5.12e-05, 6001.7133, 94.8871, 2.5671, 28.3435
23.9950, 4.84e-05, 6001.9203, 94.8521, 2.5671, 28.3945
24.0000, 4.84e-05, 6002.1275, 94.8170, 2.5672, 28.4454
24.0050, 4.86e-05, 6002.3351, 94.7820, 2.5672, 28.4963
24.0100, 5.65e-05, 6002.5429, 94.7469, 2.5673, 28.5471
24.0150, 5.94e-05, 6002.7511, 94.7118, 2.5674, 28.5979
24.0200, 5.07e-05, 6002.9595, 94.6766, 2.5674, 28.6486
24.0250, 4.93e-05, 6003.1683, 94.6414, 2.5675, 28.6993
24.0300, 5.13e-05, 6003.3773, 94.6062, 2.5675, 28.7499
24.0350, 4.89e-05, 6003.5867, 94.5710, 2.5676, 28.8005
24.0400, 4.86e-05, 6003.7963, 94.5357, 2.5677, 28.8511
24.0450, 5.12e-05, 6004.0062, 94.5004, 2.5677, 28.9016
24.0500, 5.87e-05, 6004.2165, 94.4651, 2.5678, 28.9521
24.0550, 5.05e-05, 6004.4270, 94.4298, 2.5678, 29.0025
24.0600, 4.9e-05, 6004.6378, 94.3944, 2.5679, 29.0528
24.0650, 5.09e-05, 6004.8490, 94.3590, 2.5680, 29.1032
24.0700, 4.89e-05, 6005.0604, 94.3235, 2.5680, 29.1535
24.0750, 4.85e-05, 6005.2721, 94.2881, 2.5681, 29.2037
24.0800, 4.92e-05, 6005.4841, 94.2526, 2.5681, 29.2539
24.0850, 5.09e-05, 6005.6963, 94.2171, 2.5682, 29.3040
24.0900, 5.16e-05, 6005.9089, 94.1815, 2.5683, 29.3541
24.0950, 5.35e-05, 6006.1218, 94.1460, 2.5683, 29.4042
24.1000, 5.21e-05, 6006.3349, 94.1103, 2.5684, 29.4542
24.1050, 4.91e-05, 6006.5484, 94.0747, 2.5684, 29.5042
24.1100, 4.9e-05, 6006.7621, 94.0391, 2.5685, 29.5541
24.1150, 4.94e-05, 6006.9761, 94.0034, 2.5686, 29.6039
24.1200, 6.11e-05, 6007.1904, 93.9677, 2.5686, 29.6538
24.1250, 5.06e-05, 6007.4049, 93.9319, 2.5687, 29.7036
24.1300, 4.88e-05, 6007.6198, 93.8961, 2.5687, 29.7533
24.1350, 5.75e-05, 6007.8349, 93.8603, 2.5688, 29.8030
24.1400, 5.56e-05, 6008.0503, 93.8245, 2.5689, 29.8526
24.1450, 5.11e-05, 6008.2660, 93.7887, 2.5689, 29.9022
24.1500, 5.08e-05, 6008.4820, 93.7528, 2.5690, 29.9518
24.1550, 6.41e-05, 6008.6983, 93.7169, 2.5690, 30.0013
24.1600, 5.26e-05, 6008.9148, 93.6809, 2.5691, 30.0507
24.1650, 4.89e-05, 6009.1316, 93.6450, 2.5692, 30.1001
24.1700, 4.83e-05, 6009.3487, 93.6090, 2.5692, 30.1495
24.1750, 5.07e-05, 6009.5660, 93.5730, 2.5693, 30.1988
24.1800, 4.96e-05, 6009.7837, 93.5369, 2.5693, 30.2481
24.1850, 4.91e-05, 6010.0016, 93.5009, 2.5694, 30.2973
24.1900, 5.95e-05, 6010.2197, 93.4648, 2.5695, 30.3465
24.1950, 5.26e-05, 6010.4382, 93.4286, 2.5695, 30.3957
24.2000, 4.89e-05, 6010.6569, 93.3925, 2.5696, 30.4447
24.2050, 4.9e-05, 6010.8759, 93.3563, 2.5696, 30.4938
24.2100, 5.58e-05, 6011.0951, 93.3201, 2.5697, 30.5428
24.2150, 6.33e-05, 6011.3147, 93.2839, 2.5698, 30.5917
24.2200, 5.27e-05, 6011.5345, 93.2476, 2.5698, 30.6406
24.2250, 6.16e-05, 6011.7545, 93.2113, 2.5699, 30.6895
24.2300, 5.22e-05, 6011.9748, 93.1750, 2.5699, 30.7383
24.2350, 5.02e-05, 6012.1954, 93.1387, 2.5700, 30.7870
24.2400, 4.91e-05, 6012.4163, 93.1023, 2.5700, 30.8358
24.2450, 4.93e-05, 6012.6374, 93.0659, 2.5701, 30.8844
24.2500, 5.1e-05, 6012.8588, 93.0295, 2.5702, 30.9330
24.2550, 4.91e-05, 6013.0804, 92.9930, 2.5702, 30.9816
24.2600, 6.59e-05, 6013.3023, 92.9566, 2.5703, 31.0301
24.2650, 5.65e-05, 6013.5245, 92.9201, 2.5703, 31.0786
24.2700, 5.22e-05, 6013.7469, 92.8836, 2.5704, 31.1270
24.2750, 4.84e-05, 6013.9696, 92.8470, 2.5705, 31.1754
24.2800, 4.91e-05, 6014.1925, 92.8104, 2.5705, 31.2238
24.2850, 5.07e-05, 6014.4157, 92.7738, 2.5706, 31.2720
24.2900, 4.88e-05, 6014.6392, 92.7372, 2.5706, 31.3203
24.2950, 6.18e-05, 6014.8629, 92.7005, 2.5707, 31.3685
24.3000, 5.07e-05, 6015.0868, 92.6639, 2.5708, 31.4166
24.3050, 5.1e-05, 6015.3110, 92.6272, 2.5708, 31.4647
24.3100, 4.84e-05, 6015.5355, 92.5904, 2.5709, 31.5128
24.3150, 4.82e-05, 6015.7602, 92.5537, 2.5709, 31.5608
24.3200, 4.87e-05, 6015.9852, 92.5169, 2.5710, 31.6087
24.3250, 5.03e-05, 6016.2104, 92.4801, 2.5711, 31.6566
24.3300, 6.01e-05, 6016.4358, 92.4433, 2.5711, 31.7045
24.3350, 4.93e-05, 6016.6615, 92.4064, 2.5712, 31.7523
24.3400, 4.83e-05, 6016.8875, 92.3695, 2.5712, 31.8000
24.3450, 5.52e-05, 6017.1137, 92.3326, 2.5713, 31.8478
24.3500, 4.9e-05, 6017.3402, 92.2957, 2.5713, 31.8954
24.3550, 4.85e-05, 6017.5669, 92.2587, 2.5714, 31.9430
24.3600, 5.07e-05, 6017.7938, 92.2217, 2.5715, 31.9906
24.3650, 5.95e-05, 6018.0210, 92.1847, 2.5715, 32.0381
24.3700, 4.91e-05, 6018.2484, 92.1477, 2.5716, 32.0856
24.3750, 4.84e-05, 6018.4761, 92.1106, 2.5716, 32.1330
24.3800, 5.07e-05, 6018.7040, 92.0735, 2.5717, 32.1804
24.3850, 4.83e-05, 6018.9321, 92.0364, 2.5718, 32.2277
24.3900, 4.83e-05, 6019.1605, 91.9993, 2.5718, 32.2750
24.3950, 4.85e-05, 6019.3892, 91.9621, 2.5719, 32.3222
24.4000, 6.17e-05, 6019.6180, 91.9250, 2.5719, 32.3694
24.4050, 4.93e-05, 6019.8471, 91.8877, 2.5720, 32.4165
24.4100, 4.87e-05, 6020.0765, 91.8505, 2.5720, 32.4636
24.4150, 5.05e-05, 6020.3060, 91.8133, 2.5721, 32.5106
24.4200, 4.86e-05, 6020.5358, 91.7760, 2.5722, 32.5576
24.4250, 4.84e-05, 6020.7659, 91.7387, 2.5722, 32.6045
24.4300, 5.18e-05, 6020.9961, 91.7013, 2.5723, 32.6514
24.4350, 6.19e-05, 6021.2267, 91.6640, 2.5723, 32.6983
24.4400, 4.95e-05, 6021.4574, 91.6266, 2.5724, 32.7450
24.4450, 4.87e-05, 6021.6884, 91.5892, 2.5725, 32.7918
24.4500, 4.87e-05, 6021.9195, 91.5518, 2.5725, 32.8385
24.4550, 5.86e-05, 6022.1510, 91.5143, 2.5726, 32.8851
24.4600, 4.83e-05, 6022.3826, 91.4768, 2.5726, 32.9317
24.4650, 4.85e-05, 6022.6145, 91.4393, 2.5727, 32.9782
24.4700, 6.02e-05, 6022.8466, 91.4018, 2.5727, 33.0247
24.4750, 5.14e-05, 6023.0789, 91.3643, 2.5728, 33.0711
24.4800, 4.83e-05, 6023.3115, 91.3267, 2.5729, 33.1175
24.4850, 4.83e-05, 6023.5443, 91.2891, 2.5729, 33.1639
24.4900, 5.05e-05, 6023.7773, 91.2515, 2.5730, 33.2102
24.4950, 4.85e-05, 6024.0105, 91.2138, 2.5730, 33.2564
24.5000, 4.85e-05, 6024.2439, 91.1762, 2.5731, 33.3026
24.5050, 5.88e-05, 6024.4776, 91.1385, 2.5732, 33.3487
24.5100, 5.21e-05, 6024.7115, 91.1008, 2.5732, 33.3948
24.5150, 5.22e-05, 6024.9456, 91.0630, 2.5733, 33.4409
24.5200, 4.92e-05, 6025.1799, 91.0253, 2.5733, 33.4868
24.5250, 4.87e-05, 6025.4145, 90.9875, 2.5734, 33.5328
24.5300, 5.04e-05, 6025.6492, 90.9497, 2.5734, 33.5787
24.5350, 4.97e-05, 6025.8842, 90.9119, 2.5735, 33.6245
24.5400, 5.89e-05, 6026.1194, 90.8740, 2.5736, 33.6703
24.5450, 5.18e-05, 6026.3548, 90.8361, 2.5736, 33.7160
24.5500, 4.93e-05, 6026.5904, 90.7982, 2.5737, 33.7617
24.5550, 4.87e-05, 6026.8262, 90.7603, 2.5737, 33.8073
24.5600, 4.85e-05, 6027.0622, 90.7224, 2.5738, 33.8529
24.5650, 5.07e-05, 6027.2985, 90.6844, 2.5738, 33.8985
24.5700, 4.99e-05, 6027.5349, 90.6464, 2.5739, 33.9439
24.5750, 5.91e-05, 6027.7716, 90.6084, 2.5740, 33.9894
24.5800, 5.01e-05, 6028.0085, 90.5704, 2.5740, 34.0348
24.5850, 5.09e-05, 6028.2456, 90.5323, 2.5741, 34.0801
24.5900, 4.89e-05, 6028.4829, 90.4942, 2.5741, 34.1254
24.5950, 4.84e-05, 6028.7204, 90.4561, 2.5742, 34.1706
24.6000, 6.53e-05, 6028.9581, 90.4180, 2.5742, 34.2158
24.6050, 4.94e-05, 6029.1960, 90.3798, 2.5743, 34.2609
24.6100, 5.99e-05, 6029.4341, 90.3417, 2.5744, 34.3060
24.6150, 5.01e-05, 6029.6724, 90.3035, 2.5744, 34.3510
24.6200, 5.11e-05, 6029.9109, 90.2653, 2.5745, 34.3959
24.6250, 4.89e-05, 6030.1496, 90.2270, 2.5745, 34.4409
24.6300, 4.88e-05, 6030.3885, 90.1888, 2.5746, 34.4857
24.6350, 4.87e-05, 6030.6276, 90.1505, 2.5747, 34.5306
24.6400, 5.79e-05, 6030.8669, 90.1122, 2.5747, 34.5753
24.6450, 5.2e-05, 6031.1065, 90.0738, 2.5748, 34.6200
24.6500, 4.93e-05, 6031.3462, 90.0355, 2.5748, 34.6647
24.6550, 4.96e-05, 6031.5861, 89.9971, 2.5749, 34.7093
24.6600, 5.09e-05, 6031.8262, 89.9587, 2.5749, 34.7539
24.6650, 4.88e-05, 6032.0665, 89.9203, 2.5750, 34.7984
24.6700, 4.83e-05, 6032.3069, 89.8819, 2.5751, 34.8428
24.6750, 5.04e-05, 6032.5476, 89.8434, 2.5751, 34.8872
24.6800, 5.22e-05, 6032.7885, 89.8049, 2.5752, 34.9316
24.6850, 4.9e-05, 6033.0296, 89.7664, 2.5752, 34.9759
24.6900, 4.87e-05, 6033.2708, 89.7279, 2.5753, 35.0201
24.6950, 5.08e-05, 6033.5123, 89.6894, 2.5753, 35.0643
24.7000, 5.02e-05, 6033.7539, 89.6508, 2.5754, 35.1084
24.7050, 4.84e-05, 6033.9957, 89.6122, 2.5755, 35.1525
24.7100, 4.85e-05, 6034.2377, 89.5736, 2.5755, 35.1966
24.7150, 5.3e-05, 6034.4799, 89.5350, 2.5756, 35.2405
24.7200, 4.87e-05, 6034.7223, 89.4963, 2.5756, 35.2845
24.7250, 4.84e-05, 6034.9649, 89.4577, 2.5757, 35.3283
24.7300, 5.03e-05, 6035.2076, 89.4190, 2.5757, 35.3722
24.7350, 4.87e-05, 6035.4506, 89.3802, 2.5758, 35.4159
24.7400, 4.86e-05, 6035.6937, 89.3415, 2.5758, 35.4597
24.7450, 4.84e-05, 6035.9370, 89.3028, 2.5759, 35.5033
24.7500, 6.4e-05, 6036.1805, 89.2640, 2.5760, 35.5469
24.7550, 4.87e-05, 6036.4241, 89.2252, 2.5760, 35.5905
24.7600, 4.87e-05, 6036.6680, 89.1864, 2.5761, 35.6340
24.7650, 5.01e-05, 6036.9120, 89.1475, 2.5761, 35.6775
24.7700, 5.06e-05, 6037.1562, 89.1087, 2.5762, 35.7209
24.7750, 4.83e-05, 6037.4006, 89.0698, 2.5762, 35.7642
24.7800, 4.81e-05, 6037.6451, 89.0309, 2.5763, 35.8075
24.7850, 6.01e-05, 6037.8899, 88.9920, 2.5764, 35.8507
24.7900, 5.12e-05, 6038.1348, 88.9530, 2.5764, 35.8939
24.7950, 4.86e-05, 6038.3798, 88.9141, 2.5765, 35.9371
24.8000, 4.88e-05, 6038.6251, 88.8751, 2.5765, 35.9801
24.8050, 5.05e-05, 6038.8705, 88.8361, 2.5766, 36.0232
24.8100, 4.84e-05, 6039.1161, 88.7970, 2.5766, 36.0661
24.8150, 4.82e-05, 6039.3619, 88.7580, 2.5767, 36.1090
24.8200, 6.19e-05, 6039.6078, 88.7189, 2.5768, 36.1519
24.8250, 5.12e-05, 6039.8539, 88.6798, 2.5768, 36.1947
24.8300, 4.87e-05, 6040.1002, 88.6407, 2.5769, 36.2375
24.8350, 4.84e-05, 6040.3466, 88.6016, 2.5769, 36.2802
24.8400, 4.99e-05, 6040.5932, 88.5625, 2.5770, 36.3228
24.8450, 5.06e-05, 6040.8400, 88.5233, 2.5770, 36.3654
24.8500, 5.26e-05, 6041.0870, 88.4841, 2.5771, 36.4080
24.8550, 6.19e-05, 6041.3341, 88.4449, 2.5771, 36.4504
24.8600, 5.08e-05, 6041.5813, 88.4057, 2.5772, 36.4929
24.8650, 4.88e-05, 6041.8288, 88.3665, 2.5773, 36.5353
24.8700, 4.85e-05, 6042.0764, 88.3272, 2.5773, 36.5776
24.8750, 8.87e-05, 6042.3241, 88.2879, 2.5774, 36.6198
24.8800, 5.84e-05, 6042.5720, 88.2486, 2.5774, 36.6621
24.8850, 6.66e-05, 6042.8201, 88.2093, 2.5775, 36.7042
24.8900, 4.96e-05, 6043.0684, 88.1699, 2.5775, 36.7463
24.8950, 4.95e-05, 6043.3167, 88.1306, 2.5776, 36.7884
24.9000, 5.16e-05, 6043.5653, 88.0912, 2.5777, 36.8304
24.9050, 4.9e-05, 6043.8140, 88.0518, 2.5777, 36.8723
24.9100, 4.89e-05, 6044.0629, 88.0124, 2.5778, 36.9142
24.9150, 4.88e-05, 6044.3119, 87.9730, 2.5778, 36.9560
24.9200, 6.34e-05, 6044.5611, 87.9335, 2.5779, 36.9978
24.9250, 4.98e-05, 6044.8104, 87.8940, 2.5779, 37.0395
24.9300, 5.26e-05, 6045.0599, 87.8545, 2.5780, 37.0812
24.9350, 5.13e-05, 6045.3095, 87.8150, 2.5780, 37.1228
24.9400, 4.92e-05, 6045.5593, 87.7755, 2.5781, 37.1643
24.9450, 4.92e-05, 6045.8093, 87.7359, 2.5782, 37.2058
24.9500, 4.9e-05, 6046.0593, 87.6964, 2.5782, 37.2473
24.9550, 6.22e-05, 6046.3096, 87.6568, 2.5783, 37.2887
24.9600, 4.94e-05, 6046.5600, 87.6172, 2.5783, 37.3300
24.9650, 4.87e-05, 6046.8105, 87.5775, 2.5784, 37.3713
24.9700, 4.86e-05, 6047.0612, 87.5379, 2.5784, 37.4125
24.9750, 5.06e-05, 6047.3120, 87.4982, 2.5785, 37.4537
24.9800, 4.86e-05, 6047.5630, 87.4586, 2.5785, 37.4948
24.9850, 4.87e-05, 6047.8141, 87.4189, 2.5786, 37.5358
24.9900, 6.19e-05, 6048.0654, 87.3791, 2.5787, 37.5768
24.9950, 4.94e-05, 6048.3168, 87.3394, 2.5787, 37.6178
25.0000, 4.87e-05, 6048.5683, 87.2997, 2.5788, 37.6586
25.0050, 4.85e-05, 6048.8200, 87.2599, 2.5788, 37.6995
25.0100, 5.07e-05, 6049.0718, 87.2201, 2.5789, 37.7402
25.0150, 5.25e-05, 6049.3238, 87.1803, 2.5789, 37.7810
25.0200, 4.91e-05, 6049.5759, 87.1405, 2.5790, 37.8216
25.0250, 5.99e-05, 6049.8282, 87.1006, 2.5790, 37.8622
25.0300, 5.18e-05, 6050.0806, 87.0607, 2.5791, 37.9028
25.0350, 4.86e-05, 6050.3331, 87.0209, 2.5792, 37.9433
25.0400, 4.92e-05, 6050.5857, 86.9810, 2.5792, 37.9837
25.0450, 5.16e-05, 6050.8385, 86.9411, 2.5793, 38.0241
25.0500, 4.9e-05, 6051.0915, 86.9011, 2.5793, 38.0644
25.0550, 4.88e-05, 6051.3445, 86.8612, 2.5794, 38.1047
25.0600, 7.34e-05, 6051.5977, 86.8212, 2.5794, 38.1449
25.0650, 5.12e-05, 6051.8511, 86.7812, 2.5795, 38.1850
25.0700, 4.92e-05, 6052.1045, 86.7412, 2.5795, 38.2251
25.0750, 4.89e-05, 6052.3581, 86.7012, 2.5796, 38.2651
25.0800, 4.85e-05, 6052.6118, 86.6611, 2.5797, 38.3051
25.0850, 5.11e-05, 6052.8657, 86.6211, 2.5797, 38.3450
25.0900, 4.89e-05, 6053.1197, 86.5810, 2.5798, 38.3849
25.0950, 6.01e-05, 6053.3738, 86.5409, 2.5798, 38.4247
25.1000, 8.42e-05, 6053.6280, 86.5008, 2.5799, 38.4645
25.1050, 5.79e-05, 6053.8824, 86.4607, 2.5799, 38.5042
25.1100, 4.97e-05, 6054.1369, 86.4206, 2.5800, 38.5438
25.1150, 4.85e-05, 6054.3915, 86.3804, 2.5800, 38.5834
25.1200, 6.1e-05, 6054.6462, 86.3402, 2.5801, 38.6229
25.1250, 6.46e-05, 6054.9011, 86.3000, 2.5801, 38.6624
25.1300, 4.94e-05, 6055.1561, 86.2598, 2.5802, 38.7018
25.1350, 4.86e-05, 6055.4112, 86.2196, 2.5803, 38.7411
25.1400, 5.05e-05, 6055.6664, 86.1793, 2.5803, 38.7804
25.1450, 4.84e-05, 6055.9218, 86.1391, 2.5804, 38.8196
25.1500, 4.86e-05, 6056.1773, 86.0988, 2.5804, 38.8588
25.1550, 4.86e-05, 6056.4328, 86.0585, 2.5805, 38.8979
25.1600, 6.79e-05, 6056.6886, 86.0182, 2.5805, 38.9370
25.1650, 4.98e-05, 6056.9444, 85.9779, 2.5806, 38.9760
25.1700, 4.91e-05, 6057.2003, 85.9375, 2.5806, 39.0149
25.1750, 5.08e-05, 6057.4564, 85.8972, 2.5807, 39.0538
25.1800, 5e-05, 6057.7126, 85.8568, 2.5807, 39.0926
25.1850, 4.86e-05, 6057.9689, 85.8164, 2.5808, 39.1314
25.1900, 4.97e-05, 6058.2253, 85.7760, 2.5809, 39.1701
25.1950, 6.27e-05, 6058.4818, 85.7356, 2.5809, 39.2087
25.2000, 5.05e-05, 6058.7384, 85.6951, 2.5810, 39.2473
25.2050, 4.8e-05, 6058.9951, 85.6547, 2.5810, 39.2859
25.2100, 4.85e-05, 6059.2520, 85.6142, 2.5811, 39.3243
25.2150, 5.09e-05, 6059.5090, 85.5737, 2.5811, 39.3627
25.2200, 4.99e-05, 6059.7660, 85.5332, 2.5812, 39.4011
25.2250, 4.98e-05, 6060.0232, 85.4927, 2.5812, 39.4394
25.2300, 6.17e-05, 6060.2805, 85.4522, 2.5813, 39.4776
25.2350, 5.12e-05, 6060.5379, 85.4116, 2.5813, 39.5158
25.2400, 4.88e-05, 6060.7954, 85.3710, 2.5814, 39.5539
25.2450, 4.87e-05, 6061.0530, 85.3304, 2.5814, 39.5920
25.2500, 5.03e-05, 6061.3107, 85.2899, 2.5815, 39.6300
25.2550, 4.85e-05, 6061.5686, 85.2492, 2.5816, 39.6679
25.2600, 4.9e-05, 6061.8265, 85.2086, 2.5816, 39.7058
25.2650, 6.29e-05, 6062.0845, 85.1680, 2.5817, 39.7436
25.2700, 5.12e-05, 6062.3426, 85.1273, 2.5817, 39.7814
25.2750, 4.88e-05, 6062.6009, 85.0866, 2.5818, 39.8191
25.2800, 4.84e-05, 6062.8592, 85.0459, 2.5818, 39.8567
25.2850, 4.81e-05, 6063.1176, 85.0052, 2.5819, 39.8943
25.2900, 5.07e-05, 6063.3762, 84.9645, 2.5819, 39.9318
25.2950, 4.85e-05, 6063.6348, 84.9238, 2.5820, 39.9693
25.3000, 6.01e-05, 6063.8935, 84.8830, 2.5820, 40.0067
25.3050, 5.14e-05, 6064.1523, 84.8422, 2.5821, 40.0441
25.3100, 4.86e-05, 6064.4113, 84.8015, 2.5821, 40.0813
25.3150, 4.83e-05, 6064.6703, 84.7607, 2.5822, 40.1186
25.3200, 4.88e-05, 6064.9294, 84.7198, 2.5823, 40.1557
25.3250, 5.05e-05, 6065.1886, 84.6790, 2.5823, 40.1928
25.3300, 4.86e-05, 6065.4479, 84.6382, 2.5824, 40.2299
25.3350, 5.97e-05, 6065.7073, 84.5973, 2.5824, 40.2669
25.3400, 4.93e-05, 6065.9668, 84.5565, 2.5825, 40.3038
25.3450, 5.06e-05, 6066.2264, 84.5156, 2.5825, 40.3406
25.3500, 5.28e-05, 6066.4860, 84.4747, 2.5826, 40.3774
25.3550, 4.88e-05, 6066.7458, 84.4337, 2.5826, 40.4142
25.3600, 4.84e-05, 6067.0056, 84.3928, 2.5827, 40.4509
25.3650, 5.07e-05, 6067.2656, 84.3519, 2.5827, 40.4875
25.3700, 6.43e-05, 6067.5256, 84.3109, 2.5828, 40.5240
25.3750, 4.97e-05, 6067.7857, 84.2699, 2.5828, 40.5605
25.3800, 5.07e-05, 6068.0459, 84.2290, 2.5829, 40.5970
25.3850, 4.85e-05, 6068.3062, 84.1880, 2.5829, 40.6333
25.3900, 4.84e-05, 6068.5666, 84.1469, 2.5830, 40.6697
25.3950, 4.86e-05, 6068.8270, 84.1059, 2.5831, 40.7059
25.4000, 5.04e-05, 6069.0876, 84.0649, 2.5831, 40.7421
25.4050, 6.06e-05, 6069.3482, 84.0238, 2.5832, 40.7782
25.4100, 4.9e-05, 6069.6089, 83.9827, 2.5832, 40.8143
25.4150, 4.86e-05, 6069.8697, 83.9416, 2.5833, 40.8503
25.4200, 5.08e-05, 6070.1306, 83.9005, 2.5833, 40.8863
25.4250, 4.84e-05, 6070.3915, 83.8594, 2.5834, 40.9221
25.4300, 5.21e-05, 6070.6525, 83.8183, 2.5834, 40.9580
25.4350, 5.95e-05, 6070.9137, 83.7772, 2.5835, 40.9937
25.4400, 5.13e-05, 6071.1748, 83.7360, 2.5835, 41.0294
25.4450, 4.85e-05, 6071.4361, 83.6948, 2.5836, 41.0651
25.4500, 4.84e-05, 6071.6974, 83.6537, 2.5836, 41.1006
25.4550, 5.34e-05, 6071.9589, 83.6125, 2.5837, 41.1362
25.4600, 4.9e-05, 6072.2204, 83.5712, 2.5837, 41.1716
25.4650, 4.87e-05, 6072.4819, 83.5300, 2.5838, 41.2070
25.4700, 4.92e-05, 6072.7436, 83.4888, 2.5838, 41.2423
25.4750, 6.31e-05, 6073.0053, 83.4475, 2.5839, 41.2776
25.4800, 4.93e-05, 6073.2671, 83.4063, 2.5840, 41.3128
25.4850, 4.88e-05, 6073.5289, 83.3650, 2.5840, 41.3479
25.4900, 5.1e-05, 6073.7908, 83.3237, 2.5841, 41.3830
25.4950, 4.9e-05, 6074.0528, 83.2824, 2.5841, 41.4180
25.5000, 4.87e-05, 6074.3149, 83.2411, 2.5842, 41.4530
25.5050, 4.86e-05, 6074.5771, 83.1998, 2.5842, 41.4879
25.5100, 6.25e-05, 6074.8393, 83.1584, 2.5843, 41.5227
25.5150, 5.31e-05, 6075.1015, 83.1171, 2.5843, 41.5575
25.5200, 4.93e-05, 6075.3639, 83.0757, 2.5844, 41.5922
25.5250, 4.85e-05, 6075.6263, 83.0343, 2.5844, 41.6268
25.5300, 5.09e-05, 6075.8888, 82.9929, 2.5845, 41.6614
25.5350, 4.86e-05, 6076.1513, 82.9515, 2.5845, 41.6959
25.5400, 4.89e-05, 6076.4139, 82.9101, 2.5846, 41.7303
25.5450, 6.04e-05, 6076.6766, 82.8687, 2.5846, 41.7647
25.5500, 5.09e-05, 6076.9393, 82.8272, 2.5847, 41.7991
25.5550, 4.84e-05, 6077.2021, 82.7858, 2.5847, 41.8333
25.5600, 4.84e-05, 6077.4650, 82.7443, 2.5848, 41.8675
25.5650, 5.08e-05, 6077.7279, 82.7028, 2.5848, 41.9016
25.5700, 4.86e-05, 6077.9909, 82.6613, 2.5849, 41.9357
25.5750, 4.84e-05, 6078.2539, 82.6198, 2.5849, 41.9697
25.5800, 5.98e-05, 6078.5170, 82.5783, 2.5850, 42.0037
25.5850, 5.1e-05, 6078.7802, 82.5368, 2.5850, 42.0376
25.5900, 4.88e-05, 6079.0434, 82.4952, 2.5851, 42.0714
25.5950, 4.86e-05, 6079.3066, 82.4537, 2.5851, 42.1051
25.6000, 5.22e-05, 6079.5700, 82.4121, 2.5852, 42.1388
25.6050, 5.56e-05, 6079.8334, 82.3705, 2.5853, 42.1724
25.6100, 4.86e-05, 6080.0968, 82.3289, 2.5853, 42.2060
25.6150, 6e-05, 6080.3603, 82.2873, 2.5854, 42.2395
25.6200, 5.11e-05, 6080.6238, 82.2457, 2.5854, 42.2729
25.6250, 4.85e-05, 6080.8874, 82.2041, 2.5855, 42.3063
25.6300, 4.87e-05, 6081.1511, 82.1625, 2.5855, 42.3396
25.6350, 4.85e-05, 6081.4148, 82.1208, 2.5856, 42.3728
25.6400, 5.05e-05, 6081.6785, 82.0792, 2.5856, 42.4060
25.6450, 4.82e-05, 6081.9423, 82.0375, 2.5857, 42.4391
25.6500, 5.96e-05, 6082.2062, 81.9958, 2.5857, 42.4722
25.6550, 4.9e-05, 6082.4701, 81.9541, 2.5858, 42.5051
25.6600, 5.11e-05, 6082.7340, 81.9124, 2.5858, 42.5381
25.6650, 4.86e-05, 6082.9980, 81.8707, 2.5859, 42.5709
25.6700, 4.8e-05, 6083.2621, 81.8289, 2.5859, 42.6037
25.6750, 4.83e-05, 6083.5262, 81.7872, 2.5860, 42.6364
25.6800, 5.63e-05, 6083.7903, 81.7454, 2.5860, 42.6691
25.6850, 6.3e-05, 6084.0545, 81.7037, 2.5861, 42.7017
25.6900, 5e-05, 6084.3187, 81.6619, 2.5861, 42.7342
25.6950, 5.09e-05, 6084.5830, 81.6201, 2.5862, 42.7667
25.7000, 4.86e-05, 6084.8473, 81.5783, 2.5862, 42.7991
25.7050, 4.85e-05, 6085.1117, 81.5365, 2.5863, 42.8314
25.7100, 4.86e-05, 6085.3761, 81.4947, 2.5863, 42.8637
25.7150, 5.06e-05, 6085.6405, 81.4529, 2.5864, 42.8959
25.7200, 5.99e-05, 6085.9050, 81.4110, 2.5864, 42.9280
25.7250, 4.93e-05, 6086.1695, 81.3692, 2.5865, 42.9601
25.7300, 4.86e-05, 6086.4341, 81.3273, 2.5865, 42.9921
25.7350, 5.33e-05, 6086.6987, 81.2854, 2.5866, 43.0240
25.7400, 4.81e-05, 6086.9633, 81.2435, 2.5866, 43.0559
25.7450, 4.84e-05, 6087.2280, 81.2017, 2.5867, 43.0877
25.7500, 5.11e-05, 6087.4927, 81.1597, 2.5867, 43.1194
25.7550, 6e-05, 6087.7574, 81.1178, 2.5868, 43.1511
25.7600, 4.94e-05, 6088.0222, 81.0759, 2.5868, 43.1827
25.7650, 4.86e-05, 6088.2870, 81.0340, 2.5869, 43.2143
25.7700, 5.09e-05, 6088.5519, 80.9920, 2.5869, 43.2457
25.7750, 4.97e-05, 6088.8168, 80.9501, 2.5870, 43.2772
25.7800, 4.85e-05, 6089.0817, 80.9081, 2.5870, 43.3085
25.7850, 4.87e-05, 6089.3466, 80.8661, 2.5871, 43.3398
25.7900, 6.16e-05, 6089.6116, 80.8241, 2.5871, 43.3710
25.7950, 4.98e-05, 6089.8766, 80.7821, 2.5872, 43.4021
25.8000, 4.86e-05, 6090.1417, 80.7401, 2.5872, 43.4332
25.8050, 4.82e-05, 6090.4067, 80.6981, 2.5873, 43.4642
25.8100, 5.03e-05, 6090.6718, 80.6561, 2.5873, 43.4952
25.8150, 4.83e-05, 6090.9370, 80.6140, 2.5874, 43.5261
25.8200, 4.82e-05, 6091.2021, 80.5720, 2.5874, 43.5569
25.8250, 6.05e-05, 6091.4673, 80.5299, 2.5875, 43.5876
25.8300, 5.02e-05, 6091.7325, 80.4878, 2.5875, 43.6183
25.8350, 4.83e-05, 6091.9977, 80.4458, 2.5876, 43.6489
25.8400, 4.85e-05, 6092.2630, 80.4037, 2.5876, 43.6795
25.8450, 5.02e-05, 6092.5283, 80.3616, 2.5877, 43.7099
25.8500, 4.85e-05, 6092.7936, 80.3195, 2.5877, 43.7404
25.8550, 4.86e-05, 6093.0589, 80.2774, 2.5878, 43.7707
25.8600, 6.23e-05, 6093.3243, 80.2352, 2.5878, 43.8010
25.8650, 5.18e-05, 6093.5897, 80.1931, 2.5879, 43.8312
25.8700, 4.85e-05, 6093.8550, 80.1509, 2.5879, 43.8613
25.8750, 4.84e-05, 6094.1205, 80.1088, 2.5880, 43.8914
25.8800, 5.05e-05, 6094.3859, 80.0666, 2.5880, 43.9214
25.8850, 4.85e-05, 6094.6514, 80.0244, 2.5881, 43.9514
25.8900, 4.83e-05, 6094.9168, 79.9823, 2.5881, 43.9812
25.8950, 5.83e-05, 6095.1823, 79.9401, 2.5882, 44.0110
25.9000, 5.17e-05, 6095.4478, 79.8979, 2.5882, 44.0408
25.9050, 4.82e-05, 6095.7134, 79.8557, 2.5883, 44.0704
25.9100, 4.83e-05, 6095.9789, 79.8134, 2.5883, 44.1000
25.9150, 4.83e-05, 6096.2445, 79.7712, 2.5884, 44.1296
25.9200, 5.03e-05, 6096.5101, 79.7290, 2.5884, 44.1590
25.9250, 4.84e-05, 6096.7756, 79.6867, 2.5885, 44.1884
25.9300, 5.88e-05, 6097.0413, 79.6445, 2.5885, 44.2178
25.9350, 5.17e-05, 6097.3069, 79.6022, 2.5886, 44.2470
25.9400, 4.85e-05, 6097.5725, 79.5599, 2.5886, 44.2762
25.9450, 5.22e-05, 6097.8381, 79.5177, 2.5887, 44.3053
25.9500, 4.9e-05, 6098.1038, 79.4754, 2.5887, 44.3344
25.9550, 5.03e-05, 6098.3695, 79.4331, 2.5888, 44.3634
25.9600, 4.84e-05, 6098.6351, 79.3908, 2.5888, 44.3923
25.9650, 5.86e-05, 6098.9008, 79.3484, 2.5889, 44.4211
25.9700, 5.02e-05, 6099.1665, 79.3061, 2.5889, 44.4499
25.9750, 5.03e-05, 6099.4322, 79.2638, 2.5890, 44.4786
25.9800, 4.9e-05, 6099.6979, 79.2214, 2.5890, 44.5073
25.9850, 4.79e-05, 6099.9637, 79.1791, 2.5891, 44.5358
25.9900, 4.84e-05, 6100.2294, 79.1367, 2.5891, 44.5644
25.9950, 5.05e-05, 6100.4951, 79.0944, 2.5892, 44.5928
26.0000, 4.85e-05, 6100.7608, 79.0520, 2.5892, 44.6212
26.0050, 5.06e-05, 6101.0266, 79.0096, 2.5893, 44.6495
26.0100, 5.05e-05, 6101.2923, 78.9672, 2.5893, 44.6777
26.0150, 4.88e-05, 6101.5581, 78.9248, 2.5894, 44.7058
26.0200, 4.83e-05, 6101.8238, 78.8824, 2.5894, 44.7339
26.0250, 4.84e-05, 6102.0896, 78.8400, 2.5895, 44.7620
26.0300, 5.37e-05, 6102.3553, 78.7976, 2.5895, 44.7899
26.0350, 4.89e-05, 6102.6211, 78.7551, 2.5896, 44.8178
26.0400, 5.05e-05, 6102.8869, 78.7127, 2.5896, 44.8456
26.0450, 4.86e-05, 6103.1526, 78.6703, 2.5896, 44.8733
26.0500, 8.32e-05, 6103.4184, 78.6278, 2.5897, 44.9010
26.0550, 4.83e-05, 6103.6841, 78.5853, 2.5897, 44.9286
26.0600, 4.83e-05, 6103.9499, 78.5429, 2.5898, 44.9561
26.0650, 5.02e-05, 6104.2156, 78.5004, 2.5898, 44.9836
26.0700, 5.87e-05, 6104.4814, 78.4579, 2.5899, 45.0110
26.0750, 4.94e-05, 6104.7471, 78.4154, 2.5899, 45.0383
26.0800, 4.84e-05, 6105.0129, 78.3729, 2.5900, 45.0656
26.0850, 5.04e-05, 6105.2786, 78.3304, 2.5900, 45.0928
26.0900, 4.85e-05, 6105.5443, 78.2879, 2.5901, 45.1199
26.0950, 4.87e-05, 6105.8101, 78.2454, 2.5901, 45.1469
26.1000, 5.24e-05, 6106.0758, 78.2028, 2.5902, 45.1739
26.1050, 6.3e-05, 6106.3415, 78.1603, 2.5902, 45.2008
26.1100, 5.38e-05, 6106.6072, 78.1178, 2.5903, 45.2276
26.1150, 4.91e-05, 6106.8729, 78.0752, 2.5903, 45.2544
26.1200, 4.84e-05, 6107.1386, 78.0327, 2.5904, 45.2811
26.1250, 5.08e-05, 6107.4043, 77.9901, 2.5904, 45.3077
26.1300, 4.86e-05, 6107.6699, 77.9475, 2.5905, 45.3342
26.1350, 4.83e-05, 6107.9356, 77.9049, 2.5905, 45.3607
26.1400, 6.11e-05, 6108.2012, 77.8624, 2.5906, 45.3871
26.1450, 4.98e-05, 6108.4669, 77.8198, 2.5906, 45.4135
26.1500, 4.84e-05, 6108.7325, 77.7772, 2.5907, 45.4397
26.1550, 4.89e-05, 6108.9981, 77.7346, 2.5907, 45.4659
26.1600, 5.04e-05, 6109.2637, 77.6920, 2.5907, 45.4920
26.1650, 4.84e-05, 6109.5293, 77.6493, 2.5908, 45.5181
26.1700, 4.85e-05, 6109.7948, 77.6067, 2.5908, 45.5441
26.1750, 5.9e-05, 6110.0604, 77.5641, 2.5909, 45.5700
26.1800, 5.18e-05, 6110.3259, 77.5214, 2.5909, 45.5958
26.1850, 4.85e-05, 6110.5914, 77.4788, 2.5910, 45.6216
26.1900, 4.82e-05, 6110.8570, 77.4361, 2.5910, 45.6473
26.1950, 5.03e-05, 6111.1224, 77.3935, 2.5911, 45.6729
26.2000, 4.94e-05, 6111.3879, 77.3508, 2.5911, 45.6985
26.2050, 4.95e-05, 6111.6534, 77.3082, 2.5912, 45.7239
26.2100, 5.89e-05, 6111.9188, 77.2655, 2.5912, 45.7493
26.2150, 5.22e-05, 6112.1842, 77.2228, 2.5913, 45.7747
26.2200, 4.87e-05, 6112.4496, 77.1801, 2.5913, 45.7999
26.2250, 4.86e-05, 6112.7150, 77.1374, 2.5914, 45.8251
26.2300, 4.82e-05, 6112.9803, 77.0947, 2.5914, 45.8503
26.2350, 5.05e-05, 6113.2456, 77.0520, 2.5915, 45.8753
26.2400, 4.85e-05, 6113.5109, 77.0093, 2.5915, 45.9003
26.2450, 5.89e-05, 6113.7762, 76.9666, 2.5915, 45.9252
26.2500, 4.96e-05, 6114.0415, 76.9238, 2.5916, 45.9500
26.2550, 5.05e-05, 6114.3067, 76.8811, 2.5916, 45.9748
26.2600, 4.85e-05, 6114.5719, 76.8384, 2.5917, 45.9995
26.2650, 4.82e-05, 6114.8371, 76.7956, 2.5917, 46.0241
26.2700, 5e-05, 6115.1023, 76.7529, 2.5918, 46.0486
26.2750, 4.83e-05, 6115.3674, 76.7101, 2.5918, 46.0731
26.2800, 5.85e-05, 6115.6325, 76.6674, 2.5919, 46.0975
26.2850, 5.3e-05, 6115.8976, 76.6246, 2.5919, 46.1218
26.2900, 6.2e-05, 6116.1626, 76.5818, 2.5920, 46.1461
26.2950, 4.83e-05, 6116.4276, 76.5391, 2.5920, 46.1703
26.3000, 6.4e-05, 6116.6926, 76.4963, 2.5921, 46.1944
26.3050, 4.84e-05, 6116.9576, 76.4535, 2.5921, 46.2184
26.3100, 5.02e-05, 6117.2225, 76.4107, 2.5921, 46.2424
26.3150, 5.87e-05, 6117.4874, 76.3679, 2.5922, 46.2662
26.3200, 4.95e-05, 6117.7523, 76.3251, 2.5922, 46.2901
26.3250, 5.05e-05, 6118.0171, 76.2823, 2.5923, 46.3138
26.3300, 4.81e-05, 6118.2819, 76.2395, 2.5923, 46.3375
26.3350, 4.82e-05, 6118.5467, 76.1967, 2.5924, 46.3611
26.3400, 4.85e-05, 6118.8114, 76.1539, 2.5924, 46.3846
26.3450, 5e-05, 6119.0761, 76.1110, 2.5925, 46.4080
26.3500, 5.91e-05, 6119.3408, 76.0682, 2.5925, 46.4314
26.3550, 4.97e-05, 6119.6055, 76.0254, 2.5926, 46.4547
26.3600, 4.9e-05, 6119.8700, 75.9825, 2.5926, 46.4779
26.3650, 5.11e-05, 6120.1346, 75.9397, 2.5926, 46.5011
26.3700, 4.94e-05, 6120.3991, 75.8968, 2.5927, 46.5242
26.3750, 4.87e-05, 6120.6636, 75.8540, 2.5927, 46.5472
26.3800, 5.08e-05, 6120.9281, 75.8111, 2.5928, 46.5701
26.3850, 5.86e-05, 6121.1925, 75.7682, 2.5928, 46.5930
26.3900, 5.01e-05, 6121.4569, 75.7254, 2.5929, 46.6158
26.3950, 4.85e-05, 6121.7212, 75.6825, 2.5929, 46.6385
26.4000, 5.06e-05, 6121.9855, 75.6396, 2.5930, 46.6611
26.4050, 4.87e-05, 6122.2497, 75.5967, 2.5930, 46.6837
26.4100, 4.84e-05, 6122.5140, 75.5538, 2.5931, 46.7062
26.4150, 4.83e-05, 6122.7781, 75.5110, 2.5931, 46.7286
26.4200, 6.08e-05, 6123.0423, 75.4681, 2.5931, 46.7509
26.4250, 5.03e-05, 6123.3063, 75.4252, 2.5932, 46.7732
26.4300, 4.88e-05, 6123.5704, 75.3822, 2.5932, 46.7954
26.4350, 4.86e-05, 6123.8344, 75.3393, 2.5933, 46.8175
26.4400, 5.04e-05, 6124.0983, 75.2964, 2.5933, 46.8396
26.4450, 4.85e-05, 6124.3623, 75.2535, 2.5934, 46.8615
26.4500, 4.83e-05, 6124.6261, 75.2106, 2.5934, 46.8834
26.4550, 0.000123, 6124.8899, 75.1677, 2.5935, 46.9053
26.4600, 6.36e-05, 6125.1537, 75.1247, 2.5935, 46.9270
26.4650, 5.52e-05, 6125.4174, 75.0818, 2.5935, 46.9487
26.4700, 5.42e-05, 6125.6811, 75.0389, 2.5936, 46.9703
26.4750, 6.44e-05, 6125.9448, 74.9959, 2.5936, 46.9918
26.4800, 5.46e-05, 6126.2083, 74.9530, 2.5937, 47.0132
26.4850, 5.41e-05, 6126.4719, 74.9100, 2.5937, 47.0346
26.4900, 5.41e-05, 6126.7354, 74.8671, 2.5938, 47.0559
26.4950, 5.61e-05, 6126.9988, 74.8241, 2.5938, 47.0771
26.5000, 5.42e-05, 6127.2622, 74.7812, 2.5939, 47.0983
26.5050, 5.38e-05, 6127.5255, 74.7382, 2.5939, 47.1194
26.5100, 5.61e-05, 6127.7888, 74.6952, 2.5939, 47.1404
26.5150, 5.41e-05, 6128.0520, 74.6523, 2.5940, 47.1613
26.5200, 5.41e-05, 6128.3152, 74.6093, 2.5940, 47.1821
26.5250, 5.85e-05, 6128.5783, 74.5663, 2.5941, 47.2029
26.5300, 5.16e-05, 6128.8414, 74.5233, 2.5941, 47.2236
26.5350, 4.91e-05, 6129.1044, 74.4804, 2.5942, 47.2442
26.5400, 4.87e-05, 6129.3674, 74.4374, 2.5942, 47.2648
26.5450, 4.85e-05, 6129.6303, 74.3944, 2.5943, 47.2852
26.5500, 5.06e-05, 6129.8932, 74.3514, 2.5943, 47.3056
26.5550, 4.88e-05, 6130.1559, 74.3084, 2.5943, 47.3259
26.5600, 4.88e-05, 6130.4187, 74.2654, 2.5944, 47.3462
26.5650, 4.87e-05, 6130.6814, 74.2224, 2.5944, 47.3663
26.5700, 5.04e-05, 6130.9440, 74.1794, 2.5945, 47.3864
26.5750, 4.87e-05, 6131.2066, 74.1364, 2.5945, 47.4065
26.5800, 4.83e-05, 6131.4691, 74.0934, 2.5946, 47.4264
26.5850, 5.04e-05, 6131.7315, 74.0504, 2.5946, 47.4463
26.5900, 4.83e-05, 6131.9939, 74.0073, 2.5946, 47.4660
26.5950, 4.87e-05, 6132.2563, 73.9643, 2.5947, 47.4858
26.6000, 4.85e-05, 6132.5185, 73.9213, 2.5947, 47.5054
26.6050, 5.03e-05, 6132.7807, 73.8783, 2.5948, 47.5250
26.6100, 4.81e-05, 6133.0429, 73.8353, 2.5948, 47.5444
26.6150, 5.18e-05, 6133.3050, 73.7922, 2.5949, 47.5638
26.6200, 4.86e-05, 6133.5670, 73.7492, 2.5949, 47.5832
26.6250, 5.06e-05, 6133.8290, 73.7062, 2.5950, 47.6024
26.6300, 4.85e-05, 6134.0909, 73.6631, 2.5950, 47.6216
26.6350, 4.85e-05, 6134.3527, 73.6201, 2.5950, 47.6407
26.6400, 5.07e-05, 6134.6145, 73.5770, 2.5951, 47.6597
26.6450, 4.86e-05, 6134.8762, 73.5340, 2.5951, 47.6787
26.6500, 4.85e-05, 6135.1378, 73.4910, 2.5952, 47.6976
26.6550, 4.86e-05, 6135.3994, 73.4479, 2.5952, 47.7163
26.6600, 6.37e-05, 6135.6609, 73.4049, 2.5953, 47.7351
26.6650, 4.85e-05, 6135.9223, 73.3618, 2.5953, 47.7537
26.6700, 4.84e-05, 6136.1837, 73.3187, 2.5953, 47.7723
26.6750, 4.82e-05, 6136.4450, 73.2757, 2.5954, 47.7908
26.6800, 5.03e-05, 6136.7062, 73.2326, 2.5954, 47.8092
26.6850, 5.02e-05, 6136.9674, 73.1896, 2.5955, 47.8275
26.6900, 4.83e-05, 6137.2285, 73.1465, 2.5955, 47.8458
26.6950, 5.03e-05, 6137.4895, 73.1034, 2.5955, 47.8639
26.7000, 4.81e-05, 6137.7505, 73.0604, 2.5956, 47.8820
26.7050, 4.9e-05, 6138.0114, 73.0173, 2.5956, 47.9001
26.7100, 4.83e-05, 6138.2722, 72.9742, 2.5957, 47.9180
26.7150, 5.02e-05, 6138.5330, 72.9312, 2.5957, 47.9359
26.7200, 4.84e-05, 6138.7936, 72.8881, 2.5958, 47.9537
26.7250, 4.85e-05, 6139.0542, 72.8450, 2.5958, 47.9714
26.7300, 4.84e-05, 6139.3148, 72.8020, 2.5958, 47.9890
26.7350, 5.05e-05, 6139.5752, 72.7589, 2.5959, 48.0066
26.7400, 4.84e-05, 6139.8356, 72.7158, 2.5959, 48.0241
26.7450, 4.84e-05, 6140.0959, 72.6727, 2.5960, 48.0415
26.7500, 4.8e-05, 6140.3561, 72.6296, 2.5960, 48.0588
26.7550, 5.02e-05, 6140.6163, 72.5866, 2.5961, 48.0761
26.7600, 6.13e-05, 6140.8764, 72.5435, 2.5961, 48.0932
26.7650, 4.99e-05, 6141.1364, 72.5004, 2.5961, 48.1103
26.7700, 5.04e-05, 6141.3963, 72.4573, 2.5962, 48.1274
26.7750, 4.84e-05, 6141.6562, 72.4142, 2.5962, 48.1443
26.7800, 4.85e-05, 6141.9159, 72.3711, 2.5963, 48.1612
26.7850, 4.85e-05, 6142.1756, 72.3280, 2.5963, 48.1779
26.7900, 5.39e-05, 6142.4352, 72.2849, 2.5963, 48.1946
26.7950, 6.07e-05, 6142.6948, 72.2418, 2.5964, 48.2113
26.8000, 5.01e-05, 6142.9542, 72.1988, 2.5964, 48.2278
26.8050, 4.84e-05, 6143.2136, 72.1557, 2.5965, 48.2443
26.8100, 5.01e-05, 6143.4729, 72.1126, 2.5965, 48.2607
26.8150, 4.85e-05, 6143.7321, 72.0695, 2.5966, 48.2770
26.8200, 4.86e-05, 6143.9913, 72.0264, 2.5966, 48.2932
26.8250, 5.03e-05, 6144.2503, 71.9833, 2.5966, 48.3094
26.8300, 6.88e-05, 6144.5093, 71.9402, 2.5967, 48.3255
26.8350, 5.09e-05, 6144.7682, 71.8971, 2.5967, 48.3415
26.8400, 4.93e-05, 6145.0270, 71.8540, 2.5968, 48.3574
26.8450, 5.06e-05, 6145.2857, 71.8109, 2.5968, 48.3733
26.8500, 4.84e-05, 6145.5443, 71.7678, 2.5968, 48.3890
26.8550, 4.83e-05, 6145.8029, 71.7247, 2.5969, 48.4047
26.8600, 4.83e-05, 6146.0613, 71.6816, 2.5969, 48.4203
26.8650, 6.14e-05, 6146.3197, 71.6385, 2.5970, 48.4359
26.8700, 5.02e-05, 6146.5780, 71.5954, 2.5970, 48.4513
26.8750, 8.71e-05, 6146.8362, 71.5523, 2.5970, 48.4667
26.8800, 5.48e-05, 6147.0943, 71.5092, 2.5971, 48.4820
26.8850, 5.17e-05, 6147.3524, 71.4661, 2.5971, 48.4972
26.8900, 4.92e-05, 6147.6103, 71.4230, 2.5972, 48.5123
26.8950, 6.13e-05, 6147.8682, 71.3799, 2.5972, 48.5274
26.9000, 5.26e-05, 6148.1260, 71.3368, 2.5972, 48.5424
26.9050, 4.95e-05, 6148.3836, 71.2937, 2.5973, 48.5573
26.9100, 4.88e-05, 6148.6412, 71.2506, 2.5973, 48.5721
26.9150, 4.87e-05, 6148.8987, 71.2075, 2.5974, 48.5869
26.9200, 5.05e-05, 6149.1561, 71.1644, 2.5974, 48.6015
26.9250, 4.91e-05, 6149.4135, 71.1213, 2.5974, 48.6161
26.9300, 5.92e-05, 6149.6707, 71.0782, 2.5975, 48.6306
26.9350, 5.07e-05, 6149.9278, 71.0351, 2.5975, 48.6450
26.9400, 5.1e-05, 6150.1849, 70.9920, 2.5976, 48.6594
26.9450, 4.83e-05, 6150.4418, 70.9489, 2.5976, 48.6737
26.9500, 4.89e-05, 6150.6987, 70.9058, 2.5976, 48.6879
26.9550, 5.55e-05, 6150.9555, 70.8627, 2.5977, 48.7020
26.9600, 4.89e-05, 6151.2121, 70.8196, 2.5977, 48.7160
26.9650, 5.93e-05, 6151.4687, 70.7765, 2.5978, 48.7299
26.9700, 5.11e-05, 6151.7252, 70.7334, 2.5978, 48.7438
26.9750, 5.09e-05, 6151.9816, 70.6903, 2.5978, 48.7576
26.9800, 4.87e-05, 6152.2379, 70.6472, 2.5979, 48.7713
26.9850, 4.89e-05, 6152.4941, 70.6041, 2.5979, 48.7850
26.9900, 4.91e-05, 6152.7502, 70.5610, 2.5980, 48.7985
26.9950, 5.06e-05, 6153.0062, 70.5179, 2.5980, 48.8120
27.0000, 5.88e-05, 6153.2621, 70.4748, 2.5980, 48.8254
27.0050, 5.05e-05, 6153.5179, 70.4317, 2.5981, 48.8387
27.0100, 4.89e-05, 6153.7736, 70.3886, 2.5981, 48.8519
27.0150, 5.08e-05, 6154.0292, 70.3455, 2.5982, 48.8651
27.0200, 4.85e-05, 6154.2847, 70.3024, 2.5982, 48.8782
27.0250, 4.85e-05, 6154.5402, 70.2593, 2.5982, 48.8912
27.0300, 5.04e-05, 6154.7955, 70.2163, 2.5983, 48.9041
27.0350, 5.84e-05, 6155.0507, 70.1732, 2.5983, 48.9169
27.0400, 5.43e-05, 6155.3058, 70.1301, 2.5983, 48.9297
27.0450, 4.9e-05, 6155.5608, 70.0870, 2.5984, 48.9424
27.0500, 5.06e-05, 6155.8157, 70.0439, 2.5984, 48.9550
27.0550, 4.89e-05, 6156.0705, 70.0008, 2.5985, 48.9675
27.0600, 4.87e-05, 6156.3252, 69.9578, 2.5985, 48.9799
27.0650, 4.87e-05, 6156.5799, 69.9147, 2.5985, 48.9923
27.0700, 5.06e-05, 6156.8344, 69.8716, 2.5986, 49.0046
27.0750, 5.12e-05, 6157.0888, 69.8285, 2.5986, 49.0168
27.0800, 4.92e-05, 6157.3430, 69.7854, 2.5987, 49.0289
27.0850, 5.09e-05, 6157.5972, 69.7424, 2.5987, 49.0409
27.0900, 4.89e-05, 6157.8513, 69.6993, 2.5987, 49.0529
27.0950, 4.9e-05, 6158.1053, 69.6562, 2.5988, 49.0647
27.1000, 4.86e-05, 6158.3592, 69.6132, 2.5988, 49.0765
27.1050, 5.06e-05, 6158.6129, 69.5701, 2.5988, 49.0883
27.1100, 5.12e-05, 6158.8666, 69.5270, 2.5989, 49.0999
27.1150, 4.9e-05, 6159.1202, 69.4840, 2.5989, 49.1114
27.1200, 4.85e-05, 6159.3736, 69.4409, 2.5990, 49.1229
27.1250, 5.4e-05, 6159.6269, 69.3978, 2.5990, 49.1343
27.1300, 4.93e-05, 6159.8802, 69.3548, 2.5990, 49.1456
27.1350, 4.82e-05, 6160.1333, 69.3117, 2.5991, 49.1569
27.1400, 4.87e-05, 6160.3863, 69.2687, 2.5991, 49.1680
27.1450, 6.26e-05, 6160.6392, 69.2256, 2.5992, 49.1791
27.1500, 4.9e-05, 6160.8920, 69.1826, 2.5992, 49.1901
27.1550, 4.89e-05, 6161.1447, 69.1395, 2.5992, 49.2010
27.1600, 5.05e-05, 6161.3973, 69.0965, 2.5993, 49.2118
27.1650, 4.87e-05, 6161.6497, 69.0534, 2.5993, 49.2226
27.1700, 4.86e-05, 6161.9021, 69.0104, 2.5993, 49.2333
27.1750, 4.88e-05, 6162.1543, 68.9674, 2.5994, 49.2438
27.1800, 6.16e-05, 6162.4065, 68.9243, 2.5994, 49.2543
27.1850, 4.93e-05, 6162.6585, 68.8813, 2.5995, 49.2648
27.1900, 4.88e-05, 6162.9104, 68.8383, 2.5995, 49.2751
27.1950, 4.85e-05, 6163.1622, 68.7952, 2.5995, 49.2854
27.2000, 5.04e-05, 6163.4139, 68.7522, 2.5996, 49.2956
27.2050, 4.83e-05, 6163.6654, 68.7092, 2.5996, 49.3057
27.2100, 5.19e-05, 6163.9169, 68.6662, 2.5996, 49.3157
27.2150, 6.24e-05, 6164.1682, 68.6231, 2.5997, 49.3256
27.2200, 4.91e-05, 6164.4194, 68.5801, 2.5997, 49.3355
27.2250, 4.87e-05, 6164.6705, 68.5371, 2.5997, 49.3453
27.2300, 4.85e-05, 6164.9215, 68.4941, 2.5998, 49.3550
27.2350, 5.05e-05, 6165.1724, 68.4511, 2.5998, 49.3646
27.2400, 4.88e-05, 6165.4232, 68.4081, 2.5999, 49.3741
27.2450, 4.89e-05, 6165.6738, 68.3651, 2.5999, 49.3836
27.2500, 5.99e-05, 6165.9243, 68.3221, 2.5999, 49.3930
27.2550, 5.14e-05, 6166.1747, 68.2791, 2.6000, 49.4023
27.2600, 4.86e-05, 6166.4250, 68.2361, 2.6000, 49.4115
27.2650, 4.9e-05, 6166.6752, 68.1931, 2.6000, 49.4206
27.2700, 5.27e-05, 6166.9252, 68.1501, 2.6001, 49.4297
27.2750, 4.86e-05, 6167.1752, 68.1071, 2.6001, 49.4386
27.2800, 4.87e-05, 6167.4250, 68.0641, 2.6001, 49.4475
27.2850, 6.03e-05, 6167.6747, 68.0212, 2.6002, 49.4563
27.2900, 5.27e-05, 6167.9242, 67.9782, 2.6002, 49.4651
27.2950, 5.28e-05, 6168.1737, 67.9352, 2.6003, 49.4737
27.3000, 4.93e-05, 6168.4230, 67.8923, 2.6003, 49.4823
27.3050, 4.85e-05, 6168.6722, 67.8493, 2.6003, 49.4908
27.3100, 5.08e-05, 6168.9213, 67.8063, 2.6004, 49.4992
27.3150, 4.86e-05, 6169.1702, 67.7634, 2.6004, 49.5075
27.3200, 5.97e-05, 6169.4191, 67.7204, 2.6004, 49.5157
27.3250, 4.94e-05, 6169.6678, 67.6775, 2.6005, 49.5239
27.3300, 5.08e-05, 6169.9164, 67.6345, 2.6005, 49.5319
27.3350, 4.87e-05, 6170.1648, 67.5916, 2.6005, 49.5399
27.3400, 4.9e-05, 6170.4132, 67.5486, 2.6006, 49.5479
27.3450, 5.06e-05, 6170.6614, 67.5057, 2.6006, 49.5557
27.3500, 4.9e-05, 6170.9095, 67.4628, 2.6006, 49.5634
27.3550, 6.01e-05, 6171.1575, 67.4199, 2.6007, 49.5711
27.3600, 4.95e-05, 6171.4053, 67.3769, 2.6007, 49.5787
27.3650, 5.07e-05, 6171.6530, 67.3340, 2.6008, 49.5862
27.3700, 4.88e-05, 6171.9006, 67.2911, 2.6008, 49.5936
27.3750, 4.88e-05, 6172.1481, 67.2482, 2.6008, 49.6010
27.3800, 4.86e-05, 6172.3954, 67.2053, 2.6009, 49.6082
27.3850, 5.86e-05, 6172.6426, 67.1624, 2.6009, 49.6154
27.3900, 6.03e-05, 6172.8897, 67.1195, 2.6009, 49.6225
27.3950, 4.9e-05, 6173.1367, 67.0766, 2.6010, 49.6295
27.4000, 5.07e-05, 6173.3835, 67.0337, 2.6010, 49.6364
27.4050, 4.86e-05, 6173.6302, 66.9908, 2.6010, 49.6433
27.4100, 4.87e-05, 6173.8767, 66.9479, 2.6011, 49.6501
27.4150, 4.84e-05, 6174.1232, 66.9050, 2.6011, 49.6568
27.4200, 5.05e-05, 6174.3695, 66.8622, 2.6011, 49.6634
27.4250, 5.99e-05, 6174.6157, 66.8193, 2.6012, 49.6699
27.4300, 4.92e-05, 6174.8617, 66.7764, 2.6012, 49.6763
27.4350, 4.86e-05, 6175.1076, 66.7336, 2.6012, 49.6827
27.4400, 5.07e-05, 6175.3534, 66.6907, 2.6013, 49.6890
27.4450, 4.84e-05, 6175.5991, 66.6479, 2.6013, 49.6952
27.4500, 4.86e-05, 6175.8446, 66.6050, 2.6013, 49.7013
27.4550, 4.85e-05, 6176.0900, 66.5622, 2.6014, 49.7073
27.4600, 6.13e-05, 6176.3352, 66.5193, 2.6014, 49.7133
27.4650, 5.35e-05, 6176.5803, 66.4765, 2.6014, 49.7191
27.4700, 4.94e-05, 6176.8253, 66.4337, 2.6015, 49.7249
27.4750, 5.09e-05, 6177.0702, 66.3908, 2.6015, 49.7306
27.4800, 4.87e-05, 6177.3149, 66.3480, 2.6016, 49.7363
27.4850, 4.86e-05, 6177.5595, 66.3052, 2.6016, 49.7418
27.4900, 4.85e-05, 6177.8039, 66.2624, 2.6016, 49.7473
27.4950, 6.12e-05, 6178.0483, 66.2196, 2.6017, 49.7527
27.5000, 4.98e-05, 6178.2924, 66.1768, 2.6017, 49.7580
27.5050, 4.85e-05, 6178.5365, 66.1340, 2.6017, 49.7632
27.5100, 4.84e-05, 6178.7804, 66.0912, 2.6018, 49.7683
27.5150, 5.08e-05, 6179.0241, 66.0484, 2.6018, 49.7734
27.5200, 4.86e-05, 6179.2678, 66.0057, 2.6018, 49.7783
27.5250, 4.87e-05, 6179.5113, 65.9629, 2.6019, 49.7832
27.5300, 6.12e-05, 6179.7546, 65.9201, 2.6019, 49.7880
27.5350, 5.01e-05, 6179.9979, 65.8774, 2.6019, 49.7927
27.5400, 4.9e-05, 6180.2409, 65.8346, 2.6020, 49.7974
27.5450, 4.87e-05, 6180.4839, 65.7918, 2.6020, 49.8020
27.5500, 5.04e-05, 6180.7267, 65.7491, 2.6020, 49.8064
27.5550, 5.27e-05, 6180.9694, 65.7064, 2.6021, 49.8108
27.5600, 5.26e-05, 6181.2119, 65.6636, 2.6021, 49.8151
27.5650, 6.12e-05, 6181.4543, 65.6209, 2.6021, 49.8194
27.5700, 5.91e-05, 6181.6965, 65.5782, 2.6022, 49.8235
27.5750, 4.85e-05, 6181.9386, 65.5354, 2.6022, 49.8276
27.5800, 4.84e-05, 6182.1806, 65.4927, 2.6022, 49.8316
27.5850, 5.05e-05, 6182.4224, 65.4500, 2.6023, 49.8355
27.5900, 4.85e-05, 6182.6641, 65.4073, 2.6023, 49.8393
27.5950, 4.85e-05, 6182.9056, 65.3646, 2.6023, 49.8430
27.6000, 5.96e-05, 6183.1470, 65.3219, 2.6024, 49.8467
27.6050, 5.16e-05, 6183.3883, 65.2793, 2.6024, 49.8503
27.6100, 4.86e-05, 6183.6294, 65.2366, 2.6024, 49.8538
27.6150, 4.87e-05, 6183.8704, 65.1939, 2.6024, 49.8572
27.6200, 4.86e-05, 6184.1112, 65.1512, 2.6025, 49.8605
27.6250, 5.04e-05, 6184.3519, 65.1086, 2.6025, 49.8638
27.6300, 4.84e-05, 6184.5924, 65.0659, 2.6025, 49.8669
27.6350, 6.22e-05, 6184.8328, 65.0233, 2.6026, 49.8700
27.6400, 5.01e-05, 6185.0730, 64.9806, 2.6026, 49.8730
27.6450, 5.11e-05, 6185.3131, 64.9380, 2.6026, 49.8759
27.6500, 4.87e-05, 6185.5531, 64.8954, 2.6027, 49.8788
27.6550, 4.84e-05, 6185.7929, 64.8528, 2.6027, 49.8815
27.6600, 5.07e-05, 6186.0326, 64.8101, 2.6027, 49.8842
27.6650, 4.85e-05, 6186.2721, 64.7675, 2.6028, 49.8868
27.6700, 5.93e-05, 6186.5115, 64.7249, 2.6028, 49.8893
27.6750, 4.97e-05, 6186.7507, 64.6823, 2.6028, 49.8917
27.6800, 5.07e-05, 6186.9898, 64.6398, 2.6029, 49.8941
27.6850, 4.85e-05, 6187.2287, 64.5972, 2.6029, 49.8963
27.6900, 4.84e-05, 6187.4675, 64.5546, 2.6029, 49.8985
27.6950, 4.85e-05, 6187.7061, 64.5120, 2.6030, 49.9006
27.7000, 5.06e-05, 6187.9446, 64.4695, 2.6030, 49.9026
27.7050, 6.01e-05, 6188.1829, 64.4269, 2.6030, 49.9046
27.7100, 4.99e-05, 6188.4211, 64.3844, 2.6031, 49.9064
27.7150, 5.07e-05, 6188.6592, 64.3418, 2.6031, 49.9082
27.7200, 5.18e-05, 6188.8970, 64.2993, 2.6031, 49.9099
27.7250, 4.93e-05, 6189.1348, 64.2567, 2.6031, 49.9115
27.7300, 4.85e-05, 6189.3724, 64.2142, 2.6032, 49.9130
27.7350, 5.04e-05, 6189.6098, 64.1717, 2.6032, 49.9145
27.7400, 5.88e-05, 6189.8471, 64.1292, 2.6032, 49.9158
27.7450, 5.02e-05, 6190.0842, 64.0867, 2.6033, 49.9171
27.7500, 4.87e-05, 6190.3212, 64.0442, 2.6033, 49.9183
27.7550, 5.03e-05, 6190.5580, 64.0017, 2.6033, 49.9194
27.7600, 4.87e-05, 6190.7947, 63.9592, 2.6034, 49.9204
27.7650, 4.84e-05, 6191.0312, 63.9168, 2.6034, 49.9214
27.7700, 4.84e-05, 6191.2676, 63.8743, 2.6034, 49.9223
27.7750, 6.09e-05, 6191.5038, 63.8318, 2.6035, 49.9230
27.7800, 5.01e-05, 6191.7399, 63.7894, 2.6035, 49.9237
27.7850, 4.84e-05, 6191.9758, 63.7470, 2.6035, 49.9244
27.7900, 5.07e-05, 6192.2116, 63.7045, 2.6036, 49.9249
27.7950, 4.84e-05, 6192.4472, 63.6621, 2.6036, 49.9254
27.8000, 4.82e-05, 6192.6826, 63.6197, 2.6036, 49.9257
27.8050, 4.8e-05, 6192.9179, 63.5773, 2.6036, 49.9260
27.8100, 0.0001183, 6193.1530, 63.5349, 2.6037, 49.9262
27.8150, 0.0006286, 6193.3880, 63.4925, 2.6037, 49.9264
27.8200, 0.0059821, 6193.6229, 63.4501, 2.6037, 49.9264
27.8250, 6.1e-05, 6193.8575, 63.4077, 2.6038, 49.9264
27.8300, 5.45e-05, 6194.0920, 63.3653, 2.6038, 49.9263
27.8350, 5.08e-05, 6194.3264, 63.3229, 2.6038, 49.9261
27.8400, 5.37e-05, 6194.5606, 63.2806, 2.6039, 49.9258
27.8450, 5.24e-05, 6194.7946, 63.2382, 2.6039, 49.9254
27.8500, 5.01e-05, 6195.0285, 63.1959, 2.6039, 49.9250
27.8550, 4.97e-05, 6195.2622, 63.1536, 2.6039, 49.9245
27.8600, 5.05e-05, 6195.4958, 63.1112, 2.6040, 49.9238
27.8650, 0.0001843, 6195.7292, 63.0689, 2.6040, 49.9232
27.8700, 5.28e-05, 6195.9625, 63.0266, 2.6040, 49.9224
27.8750, 5.05e-05, 6196.1956, 62.9843, 2.6041, 49.9215
27.8800, 4.92e-05, 6196.4285, 62.9420, 2.6041, 49.9206
27.8850, 5.17e-05, 6196.6613, 62.8997, 2.6041, 49.9196
27.8900, 5.01e-05, 6196.8939, 62.8575, 2.6042, 49.9185
27.8950, 4.93e-05, 6197.1263, 62.8152, 2.6042, 49.9173
27.9000, 4.94e-05, 6197.3586, 62.7729, 2.6042, 49.9160
27.9050, 5.87e-05, 6197.5908, 62.7307, 2.6042, 49.9147
27.9100, 4.93e-05, 6197.8227, 62.6884, 2.6043, 49.9133
27.9150, 5.89e-05, 6198.0546, 62.6462, 2.6043, 49.9117
27.9200, 5.42e-05, 6198.2862, 62.6040, 2.6043, 49.9101
27.9250, 4.97e-05, 6198.5177, 62.5618, 2.6044, 49.9085
27.9300, 4.94e-05, 6198.7490, 62.5195, 2.6044, 49.9067
27.9350, 4.98e-05, 6198.9802, 62.4773, 2.6044, 49.9049
27.9400, 5.25e-05, 6199.2112, 62.4351, 2.6044, 49.9030
27.9450, 4.92e-05, 6199.4420, 62.3930, 2.6045, 49.9010
27.9500, 4.93e-05, 6199.6727, 62.3508, 2.6045, 49.8989
27.9550, 4.9e-05, 6199.9032, 62.3086, 2.6045, 49.8967
27.9600, 5.16e-05, 6200.1335, 62.2665, 2.6046, 49.8945
27.9650, 4.9e-05, 6200.3637, 62.2243, 2.6046, 49.8921
27.9700, 4.87e-05, 6200.5937, 62.1822, 2.6046, 49.8897
27.9750, 5.11e-05, 6200.8236, 62.1401, 2.6046, 49.8872
27.9800, 4.99e-05, 6201.0533, 62.0979, 2.6047, 49.8847
27.9850, 4.9e-05, 6201.2828, 62.0558, 2.6047, 49.8820
27.9900, 4.87e-05, 6201.5122, 62.0137, 2.6047, 49.8793
27.9950, 5.08e-05, 6201.7413, 61.9716, 2.6048, 49.8765
28.0000, 5.32e-05, 6201.9704, 61.9295, 2.6048, 49.8736
28.0050, 5.03e-05, 6202.1992, 61.8875, 2.6048, 49.8706
28.0100, 4.95e-05, 6202.4279, 61.8454, 2.6048, 49.8675
28.0150, 5.14e-05, 6202.6564, 61.8033, 2.6049, 49.8644
28.0200, 4.97e-05, 6202.8848, 61.7613, 2.6049, 49.8612
28.0250, 4.87e-05, 6203.1130, 61.7193, 2.6049, 49.8578
28.0300, 5.15e-05, 6203.3410, 61.6772, 2.6050, 49.8545
28.0350, 4.93e-05, 6203.5689, 61.6352, 2.6050, 49.8510
28.0400, 6.38e-05, 6203.7966, 61.5932, 2.6050, 49.8474
28.0450, 5.11e-05, 6204.0241, 61.5512, 2.6050, 49.8438
28.0500, 5.14e-05, 6204.2514, 61.5092, 2.6051, 49.8401
28.0550, 4.92e-05, 6204.4786, 61.4672, 2.6051, 49.8363
28.0600, 4.89e-05, 6204.7056, 61.4253, 2.6051, 49.8324
28.0650, 4.87e-05, 6204.9325, 61.3833, 2.6052, 49.8284
28.0700, 5.14e-05, 6205.1591, 61.3414, 2.6052, 49.8244
28.0750, 6.16e-05, 6205.3856, 61.2994, 2.6052, 49.8203
28.0800, 5.14e-05, 6205.6120, 61.2575, 2.6052, 49.8161
28.0850, 5.45e-05, 6205.8381, 61.2156, 2.6053, 49.8118
28.0900, 6.72e-05, 6206.0641, 61.1737, 2.6053, 49.8074
28.0950, 4.97e-05, 6206.2900, 61.1318, 2.6053, 49.8030
28.1000, 4.92e-05, 6206.5156, 61.0899, 2.6053, 49.7985
28.1050, 5.1e-05, 6206.7411, 61.0480, 2.6054, 49.7938
28.1100, 6.26e-05, 6206.9664, 61.0061, 2.6054, 49.7892
28.1150, 4.97e-05, 6207.1915, 60.9643, 2.6054, 49.7844
28.1200, 4.93e-05, 6207.4165, 60.9224, 2.6055, 49.7795
28.1250, 5.09e-05, 6207.6413, 60.8806, 2.6055, 49.7746
28.1300, 4.88e-05, 6207.8659, 60.8387, 2.6055, 49.7696
28.1350, 4.92e-05, 6208.0903, 60.7969, 2.6055, 49.7645
28.1400, 4.89e-05, 6208.3146, 60.7551, 2.6056, 49.7593
28.1450, 6.3e-05, 6208.5387, 60.7133, 2.6056, 49.7540
28.1500, 4.97e-05, 6208.7626, 60.6715, 2.6056, 49.7487
28.1550, 4.9e-05, 6208.9864, 60.6298, 2.6056, 49.7433
28.1600, 5.07e-05, 6209.2100, 60.5880, 2.6057, 49.7378
28.1650, 0.000317, 6209.4334, 60.5462, 2.6057, 49.7322
28.1700, 5.19e-05, 6209.6566, 60.5045, 2.6057, 49.7265
28.1750, 6.08e-05, 6209.8797, 60.4628, 2.6057, 49.7208
28.1800, 5.39e-05, 6210.1025, 60.4210, 2.6058, 49.7150
28.1850, 4.95e-05, 6210.3252, 60.3793, 2.6058, 49.7090
28.1900, 4.91e-05, 6210.5478, 60.3376, 2.6058, 49.7031
28.1950, 4.92e-05, 6210.7701, 60.2959, 2.6059, 49.6970
28.2000, 5.13e-05, 6210.9923, 60.2542, 2.6059, 49.6908
28.2050, 4.88e-05, 6211.2143, 60.2126, 2.6059, 49.6846
28.2100, 6.01e-05, 6211.4361, 60.1709, 2.6059, 49.6783
28.2150, 5.06e-05, 6211.6578, 60.1293, 2.6060, 49.6719
28.2200, 5.17e-05, 6211.8792, 60.0876, 2.6060, 49.6654
28.2250, 4.91e-05, 6212.1005, 60.0460, 2.6060, 49.6589
28.2300, 6.04e-05, 6212.3216, 60.0044, 2.6060, 49.6522
28.2350, 5.35e-05, 6212.5426, 59.9628, 2.6061, 49.6455
28.2400, 4.91e-05, 6212.7633, 59.9212, 2.6061, 49.6387
28.2450, 6.04e-05, 6212.9839, 59.8796, 2.6061, 49.6318
28.2500, 5.11e-05, 6213.2043, 59.8381, 2.6061, 49.6249
28.2550, 5.15e-05, 6213.4245, 59.7965, 2.6062, 49.6178
28.2600, 4.89e-05, 6213.6446, 59.7550, 2.6062, 49.6107
28.2650, 4.89e-05, 6213.8644, 59.7134, 2.6062, 49.6035
28.2700, 4.89e-05, 6214.0841, 59.6719, 2.6062, 49.5962
28.2750, 5.1e-05, 6214.3036, 59.6304, 2.6063, 49.5889
28.2800, 5.99e-05, 6214.5229, 59.5889, 2.6063, 49.5814
28.2850, 5.05e-05, 6214.7421, 59.5474, 2.6063, 49.5739
28.2900, 5.65e-05, 6214.9610, 59.5059, 2.6063, 49.5663
28.2950, 4.99e-05, 6215.1798, 59.4645, 2.6064, 49.5586
28.3000, 4.92e-05, 6215.3984, 59.4230, 2.6064, 49.5509
28.3050, 4.94e-05, 6215.6168, 59.3816, 2.6064, 49.5430
28.3100, 5.54e-05, 6215.8351, 59.3401, 2.6064, 49.5351
28.3150, 6.25e-05, 6216.0531, 59.2987, 2.6065, 49.5271
28.3200, 4.94e-05, 6216.2710, 59.2573, 2.6065, 49.5190
28.3250, 4.91e-05, 6216.4887, 59.2159, 2.6065, 49.5108
28.3300, 5.08e-05, 6216.7062, 59.1745, 2.6066, 49.5026
28.3350, 4.96e-05, 6216.9236, 59.1332, 2.6066, 49.4943
28.3400, 4.91e-05, 6217.1407, 59.0918, 2.6066, 49.4859
28.3450, 4.89e-05, 6217.3577, 59.0505, 2.6066, 49.4774
28.3500, 6.35e-05, 6217.5745, 59.0091, 2.6067, 49.4688
28.3550, 4.98e-05, 6217.7911, 58.9678, 2.6067, 49.4602
28.3600, 4.91e-05, 6218.0075, 58.9265, 2.6067, 49.4514
28.3650, 5.15e-05, 6218.2237, 58.8852, 2.6067, 49.4426
28.3700, 4.92e-05, 6218.4398, 58.8439, 2.6068, 49.4337
28.3750, 4.92e-05, 6218.6556, 58.8027, 2.6068, 49.4248
28.3800, 4.9e-05, 6218.8713, 58.7614, 2.6068, 49.4157
28.3850, 6.37e-05, 6219.0868, 58.7202, 2.6068, 49.4066
28.3900, 4.98e-05, 6219.3021, 58.6789, 2.6069, 49.3974
28.3950, 6.05e-05, 6219.5172, 58.6377, 2.6069, 49.3881
28.4000, 5.12e-05, 6219.7322, 58.5965, 2.6069, 49.3787
28.4050, 5.19e-05, 6219.9469, 58.5553, 2.6069, 49.3693
28.4100, 4.91e-05, 6220.1615, 58.5141, 2.6070, 49.3598
28.4150, 6.01e-05, 6220.3759, 58.4730, 2.6070, 49.3501
28.4200, 5.3e-05, 6220.5901, 58.4318, 2.6070, 49.3405
28.4250, 4.95e-05, 6220.8041, 58.3907, 2.6070, 49.3307
28.4300, 4.92e-05, 6221.0179, 58.3495, 2.6070, 49.3209
28.4350, 4.88e-05, 6221.2315, 58.3084, 2.6071, 49.3109
28.4400, 5.06e-05, 6221.4450, 58.2673, 2.6071, 49.3009
28.4450, 4.91e-05, 6221.6583, 58.2262, 2.6071, 49.2908
28.4500, 5.94e-05, 6221.8713, 58.1851, 2.6071, 49.2807
28.4550, 5.1e-05, 6222.0842, 58.1441, 2.6072, 49.2704
28.4600, 5.14e-05, 6222.2969, 58.1030, 2.6072, 49.2601
28.4650, 4.88e-05, 6222.5094, 58.0620, 2.6072, 49.2497
28.4700, 4.87e-05, 6222.7218, 58.0209, 2.6072, 49.2392
28.4750, 5.1e-05, 6222.9339, 57.9799, 2.6073, 49.2287
28.4800, 0.0001149, 6223.1458, 57.9389, 2.6073, 49.2180
28.4850, 6.67e-05, 6223.3576, 57.8979, 2.6073, 49.2073
28.4900, 5.56e-05, 6223.5692, 57.8570, 2.6073, 49.1965
28.4950, 5.55e-05, 6223.7805, 57.8160, 2.6074, 49.1856
28.5000, 5.22e-05, 6223.9917, 57.7751, 2.6074, 49.1747
28.5050, 5.19e-05, 6224.2027, 57.7341, 2.6074, 49.1636
28.5100, 9.59e-05, 6224.4135, 57.6932, 2.6074, 49.1525
28.5150, 0.0001191, 6224.6242, 57.6523, 2.6075, 49.1413
28.5200, 9.7e-05, 6224.8346, 57.6114, 2.6075, 49.1300
28.5250, 9.35e-05, 6225.0448, 57.5705, 2.6075, 49.1187
28.5300, 0.0001238, 6225.2549, 57.5297, 2.6075, 49.1072
28.5350, 0.000103, 6225.4648, 57.4888, 2.6076, 49.0957
28.5400, 9.7e-05, 6225.6744, 57.4480, 2.6076, 49.0841
28.5450, 9.41e-05, 6225.8839, 57.4072, 2.6076, 49.0725
28.5500, 0.0001136, 6226.0932, 57.3664, 2.6076, 49.0607
28.5550, 9.47e-05, 6226.3023, 57.3256, 2.6077, 49.0489
28.5600, 9.48e-05, 6226.5112, 57.2848, 2.6077, 49.0370
28.5650, 9.45e-05, 6226.7199, 57.2440, 2.6077, 49.0250
28.5700, 0.0001091, 6226.9284, 57.2033, 2.6077, 49.0129
28.5750, 0.0001037, 6227.1367, 57.1625, 2.6077, 49.0008
28.5800, 9.45e-05, 6227.3449, 57.1218, 2.6078, 48.9886
28.5850, 0.0001098, 6227.5528, 57.0811, 2.6078, 48.9763
28.5900, 9.68e-05, 6227.7606, 57.0404, 2.6078, 48.9639
28.5950, 9.4e-05, 6227.9681, 56.9997, 2.6078, 48.9514
28.6000, 9.34e-05, 6228.1755, 56.9591, 2.6079, 48.9389
28.6050, 0.00011, 6228.3827, 56.9184, 2.6079, 48.9263
28.6100, 9.52e-05, 6228.5896, 56.8778, 2.6079, 48.9136
28.6150, 9.35e-05, 6228.7964, 56.8371, 2.6079, 48.9008
28.6200, 9.93e-05, 6229.0030, 56.7965, 2.6080, 48.8879
28.6250, 0.0001018, 6229.2094, 56.7559, 2.6080, 48.8750
28.6300, 8.73e-05, 6229.4156, 56.7154, 2.6080, 48.8620
28.6350, 9.56e-05, 6229.6216, 56.6748, 2.6080, 48.8489
28.6400, 0.0001146, 6229.8274, 56.6343, 2.6081, 48.8357
28.6450, 5.94e-05, 6230.0330, 56.5937, 2.6081, 48.8225
28.6500, 5.05e-05, 6230.2384, 56.5532, 2.6081, 48.8092
28.6550, 4.93e-05, 6230.4437, 56.5127, 2.6081, 48.7958
28.6600, 4.86e-05, 6230.6487, 56.4722, 2.6081, 48.7823
28.6650, 5.13e-05, 6230.8535, 56.4317, 2.6082, 48.7687
28.6700, 0.0001286, 6231.0581, 56.3913, 2.6082, 48.7551
28.6750, 0.0001913, 6231.2626, 56.3508, 2.6082, 48.7414
28.6800, 0.0001178, 6231.4668, 56.3104, 2.6082, 48.7276
28.6850, 8.9e-05, 6231.6709, 56.2700, 2.6083, 48.7137
28.6900, 5.24e-05, 6231.8747, 56.2296, 2.6083, 48.6998
28.6950, 5.03e-05, 6232.0784, 56.1892, 2.6083, 48.6858
28.7000, 5.12e-05, 6232.2818, 56.1488, 2.6083, 48.6717
28.7050, 4.85e-05, 6232.4851, 56.1085, 2.6084, 48.6575
28.7100, 4.89e-05, 6232.6882, 56.0681, 2.6084, 48.6432
28.7150, 6.03e-05, 6232.8910, 56.0278, 2.6084, 48.6289
28.7200, 5.36e-05, 6233.0937, 55.9875, 2.6084, 48.6145
28.7250, 4.93e-05, 6233.2962, 55.9472, 2.6084, 48.6000
28.7300, 4.89e-05, 6233.4984, 55.9070, 2.6085, 48.5854
28.7350, 5.45e-05, 6233.7005, 55.8667, 2.6085, 48.5707
28.7400, 4.91e-05, 6233.9024, 55.8264, 2.6085, 48.5560
28.7450, 4.87e-05, 6234.1041, 55.7862, 2.6085, 48.5412
28.7500, 5.94e-05, 6234.3055, 55.7460, 2.6086, 48.5263
28.7550, 5.25e-05, 6234.5068, 55.7058, 2.6086, 48.5114
28.7600, 4.87e-05, 6234.7079, 55.6656, 2.6086, 48.4963
28.7650, 4.85e-05, 6234.9088, 55.6255, 2.6086, 48.4812
28.7700, 4.83e-05, 6235.1094, 55.5853, 2.6087, 48.4660
28.7750, 5.05e-05, 6235.3099, 55.5452, 2.6087, 48.4507
28.7800, 4.9e-05, 6235.5102, 55.5051, 2.6087, 48.4354
28.7850, 5.85e-05, 6235.7103, 55.4650, 2.6087, 48.4200
28.7900, 5.08e-05, 6235.9102, 55.4249, 2.6087, 48.4045
28.7950, 5.05e-05, 6236.1098, 55.3848, 2.6088, 48.3889
28.8000, 4.88e-05, 6236.3093, 55.3448, 2.6088, 48.3732
28.8050, 4.83e-05, 6236.5086, 55.3047, 2.6088, 48.3575
28.8100, 5.05e-05, 6236.7077, 55.2647, 2.6088, 48.3417
28.8150, 4.84e-05, 6236.9066, 55.2247, 2.6089, 48.3258
28.8200, 4.85e-05, 6237.1052, 55.1847, 2.6089, 48.3098
28.8250, 5.12e-05, 6237.3037, 55.1447, 2.6089, 48.2938
28.8300, 5.12e-05, 6237.5020, 55.1048, 2.6089, 48.2777
28.8350, 4.88e-05, 6237.7001, 55.0648, 2.6090, 48.2615
28.8400, 4.87e-05, 6237.8979, 55.0249, 2.6090, 48.2452
28.8450, 4.83e-05, 6238.0956, 54.9850, 2.6090, 48.2288
28.8500, 5.09e-05, 6238.2931, 54.9451, 2.6090, 48.2124
28.8550, 4.83e-05, 6238.4903, 54.9053, 2.6090, 48.1959
28.8600, 5.06e-05, 6238.6874, 54.8654, 2.6091, 48.1793
28.8650, 5.08e-05, 6238.8842, 54.8256, 2.6091, 48.1627
28.8700, 4.84e-05, 6239.0809, 54.7858, 2.6091, 48.1459
28.8750, 4.87e-05, 6239.2774, 54.7459, 2.6091, 48.1291
28.8800, 4.83e-05, 6239.4736, 54.7062, 2.6092, 48.1122
28.8850, 5.04e-05, 6239.6696, 54.6664, 2.6092, 48.0953
28.8900, 4.82e-05, 6239.8655, 54.6266, 2.6092, 48.0782
28.8950, 6.1e-05, 6240.0611, 54.5869, 2.6092, 48.0611
28.9000, 4.88e-05, 6240.2566, 54.5472, 2.6093, 48.0439
28.9050, 5.1e-05, 6240.4518, 54.5075, 2.6093, 48.0266
28.9100, 4.94e-05, 6240.6468, 54.4678, 2.6093, 48.0093
28.9150, 4.87e-05, 6240.8417, 54.4281, 2.6093, 47.9919
28.9200, 5.03e-05, 6241.0363, 54.3885, 2.6093, 47.9743
28.9250, 4.85e-05, 6241.2307, 54.3489, 2.6094, 47.9568
28.9300, 6.01e-05, 6241.4249, 54.3092, 2.6094, 47.9391
28.9350, 4.88e-05, 6241.6189, 54.2696, 2.6094, 47.9214
28.9400, 5.03e-05, 6241.8127, 54.2301, 2.6094, 47.9036
28.9450, 4.85e-05, 6242.0063, 54.1905, 2.6095, 47.8857
28.9500, 4.85e-05, 6242.1997, 54.1510, 2.6095, 47.8677
28.9550, 4.79e-05, 6242.3929, 54.1114, 2.6095, 47.8497
28.9600, 5.52e-05, 6242.5859, 54.0719, 2.6095, 47.8316
28.9650, 6e-05, 6242.7786, 54.0324, 2.6096, 47.8134
28.9700, 4.9e-05, 6242.9712, 53.9930, 2.6096, 47.7951
28.9750, 4.86e-05, 6243.1636, 53.9535, 2.6096, 47.7768
28.9800, 5.09e-05, 6243.3557, 53.9141, 2.6096, 47.7584
28.9850, 4.91e-05, 6243.5477, 53.8747, 2.6096, 47.7399
28.9900, 4.86e-05, 6243.7394, 53.8352, 2.6097, 47.7213
28.9950, 5.46e-05, 6243.9309, 53.7959, 2.6097, 47.7027
29.0000, 6.05e-05, 6244.1223, 53.7565, 2.6097, 47.6839
29.0050, 4.9e-05, 6244.3134, 53.7172, 2.6097, 47.6651
29.0100, 4.85e-05, 6244.5043, 53.6778, 2.6098, 47.6463
29.0150, 5.01e-05, 6244.6950, 53.6385, 2.6098, 47.6273
29.0200, 5.31e-05, 6244.8855, 53.5992, 2.6098, 47.6083
29.0250, 4.92e-05, 6245.0758, 53.5599, 2.6098, 47.5892
29.0300, 6.09e-05, 6245.2659, 53.5207, 2.6099, 47.5700
29.0350, 5.29e-05, 6245.4558, 53.4815, 2.6099, 47.5508
29.0400, 4.92e-05, 6245.6454, 53.4422, 2.6099, 47.5314
29.0450, 4.83e-05, 6245.8349, 53.4030, 2.6099, 47.5120
29.0500, 5.05e-05, 6246.0242, 53.3639, 2.6099, 47.4925
29.0550, 4.84e-05, 6246.2132, 53.3247, 2.6100, 47.4730
29.0600, 4.85e-05, 6246.4020, 53.2856, 2.6100, 47.4534
29.0650, 4.83e-05, 6246.5907, 53.2464, 2.6100, 47.4336
29.0700, 5.33e-05, 6246.7791, 53.2073, 2.6100, 47.4139
29.0750, 5.28e-05, 6246.9673, 53.1682, 2.6101, 47.3940
29.0800, 4.86e-05, 6247.1553, 53.1292, 2.6101, 47.3741
29.0850, 4.87e-05, 6247.3431, 53.0901, 2.6101, 47.3541
29.0900, 5.05e-05, 6247.5307, 53.0511, 2.6101, 47.3340
29.0950, 4.85e-05, 6247.7180, 53.0121, 2.6102, 47.3138
29.1000, 4.84e-05, 6247.9052, 52.9731, 2.6102, 47.2936
29.1050, 5.09e-05, 6248.0922, 52.9341, 2.6102, 47.2733
29.1100, 5.09e-05, 6248.2789, 52.8951, 2.6102, 47.2529
29.1150, 4.84e-05, 6248.4654, 52.8562, 2.6103, 47.2324
29.1200, 4.88e-05, 6248.6518, 52.8173, 2.6103, 47.2119
29.1250, 5.08e-05, 6248.8379, 52.7784, 2.6103, 47.1913
29.1300, 4.82e-05, 6249.0238, 52.7395, 2.6103, 47.1706
29.1350, 4.83e-05, 6249.2095, 52.7007, 2.6104, 47.1498
29.1400, 6.02e-05, 6249.3950, 52.6618, 2.6104, 47.1290
29.1450, 5.09e-05, 6249.5802, 52.6230, 2.6104, 47.1081
29.1500, 4.84e-05, 6249.7653, 52.5842, 2.6104, 47.0871
29.1550, 4.83e-05, 6249.9501, 52.5454, 2.6105, 47.0661
29.1600, 5.24e-05, 6250.1348, 52.5067, 2.6105, 47.0449
29.1650, 5.2e-05, 6250.3192, 52.4679, 2.6105, 47.0237
29.1700, 4.86e-05, 6250.5034, 52.4292, 2.6105, 47.0024
29.1750, 6.04e-05, 6250.6874, 52.3905, 2.6106, 46.9811
29.1800, 5.1e-05, 6250.8712, 52.3518, 2.6106, 46.9596
29.1850, 4.92e-05, 6251.0548, 52.3132, 2.6106, 46.9381
29.1900, 4.85e-05, 6251.2382, 52.2745, 2.6106, 46.9165
29.1950, 4.82e-05, 6251.4213, 52.2359, 2.6107, 46.8949
29.2000, 5.47e-05, 6251.6043, 52.1973, 2.6107, 46.8732
29.2050, 4.82e-05, 6251.7870, 52.1587, 2.6107, 46.8514
29.2100, 6.05e-05, 6251.9695, 52.1202, 2.6107, 46.8295
29.2150, 4.89e-05, 6252.1518, 52.0816, 2.6108, 46.8075
29.2200, 5.06e-05, 6252.3339, 52.0431, 2.6108, 46.7855
29.2250, 4.91e-05, 6252.5158, 52.0046, 2.6108, 46.7634
29.2300, 4.83e-05, 6252.6975, 51.9661, 2.6108, 46.7412
29.2350, 4.84e-05, 6252.8789, 51.9277, 2.6109, 46.7189
29.2400, 5.06e-05, 6253.0602, 51.8892, 2.6109, 46.6966
29.2450, 6.36e-05, 6253.2412, 51.8508, 2.6109, 46.6742
29.2500, 4.95e-05, 6253.4220, 51.8124, 2.6109, 46.6517
29.2550, 5.07e-05, 6253.6026, 51.7740, 2.6110, 46.6292
29.2600, 4.85e-05, 6253.7830, 51.7357, 2.6110, 46.6066
29.2650, 4.85e-05, 6253.9632, 51.6973, 2.6110, 46.5839
29.2700, 4.83e-05, 6254.1431, 51.6590, 2.6110, 46.5611
29.2750, 5.03e-05, 6254.3229, 51.6207, 2.6111, 46.5382
29.2800, 6e-05, 6254.5024, 51.5825, 2.6111, 46.5153
29.2850, 4.9e-05, 6254.6817, 51.5442, 2.6111, 46.4923
29.2900, 4.86e-05, 6254.8608, 51.5060, 2.6111, 46.4693
29.2950, 5.05e-05, 6255.0397, 51.4678, 2.6112, 46.4461
29.3000, 4.87e-05, 6255.2184, 51.4296, 2.6112, 46.4229
29.3050, 4.93e-05, 6255.3968, 51.3914, 2.6112, 46.3996
29.3100, 5.05e-05, 6255.5751, 51.3533, 2.6112, 46.3762
29.3150, 5.98e-05, 6255.7531, 51.3151, 2.6113, 46.3528
29.3200, 4.91e-05, 6255.9309, 51.2770, 2.6113, 46.3293
29.3250, 4.86e-05, 6256.1085, 51.2390, 2.6113, 46.3057
29.3300, 5.03e-05, 6256.2859, 51.2009, 2.6113, 46.2820
29.3350, 4.95e-05, 6256.4631, 51.1629, 2.6114, 46.2583
29.3400, 4.83e-05, 6256.6400, 51.1248, 2.6114, 46.2345
29.3450, 4.86e-05, 6256.8168, 51.0868, 2.6114, 46.2106
29.3500, 6.14e-05, 6256.9933, 51.0489, 2.6115, 46.1867
29.3550, 4.92e-05, 6257.1696, 51.0109, 2.6115, 46.1626
29.3600, 4.85e-05, 6257.3457, 50.9730, 2.6115, 46.1385
29.3650, 5.06e-05, 6257.5215, 50.9351, 2.6115, 46.1144
29.3700, 4.87e-05, 6257.6972, 50.8972, 2.6116, 46.0901
29.3750, 4.84e-05, 6257.8726, 50.8593, 2.6116, 46.0658
29.3800, 4.83e-05, 6258.0479, 50.8215, 2.6116, 46.0414
29.3850, 6.08e-05, 6258.2229, 50.7836, 2.6116, 46.0169
29.3900, 4.96e-05, 6258.3976, 50.7458, 2.6117, 45.9924
29.3950, 4.84e-05, 6258.5722, 50.7081, 2.6117, 45.9677
29.4000, 4.83e-05, 6258.7466, 50.6703, 2.6117, 45.9431
29.4050, 5.04e-05, 6258.9207, 50.6326, 2.6118, 45.9183
29.4100, 4.83e-05, 6259.0946, 50.5949, 2.6118, 45.8935
29.4150, 4.84e-05, 6259.2683, 50.5572, 2.6118, 45.8685
29.4200, 6.36e-05, 6259.4418, 50.5195, 2.6118, 45.8436
29.4250, 5.24e-05, 6259.6151, 50.4819, 2.6119, 45.8185
29.4300, 4.89e-05, 6259.7881, 50.4442, 2.6119, 45.7934
29.4350, 4.86e-05, 6259.9610, 50.4066, 2.6119, 45.7682
29.4400, 5.04e-05, 6260.1336, 50.3691, 2.6120, 45.7429
29.4450, 4.84e-05, 6260.3060, 50.3315, 2.6120, 45.7175
29.4500, 4.82e-05, 6260.4782, 50.2940, 2.6120, 45.6921
29.4550, 5.92e-05, 6260.6501, 50.2565, 2.6120, 45.6666
29.4600, 5.23e-05, 6260.8219, 50.2190, 2.6121, 45.6411
29.4650, 4.87e-05, 6260.9934, 50.1815, 2.6121, 45.6154
29.4700, 4.85e-05, 6261.1647, 50.1441, 2.6121, 45.5897
29.4750, 4.84e-05, 6261.3358, 50.1067, 2.6122, 45.5639
29.4800, 5.1e-05, 6261.5067, 50.0693, 2.6122, 45.5381
29.4850, 4.86e-05, 6261.6773, 50.0319, 2.6122, 45.5121
29.4900, 5.9e-05, 6261.8477, 49.9945, 2.6123, 45.4861
29.4950, 5.25e-05, 6262.0179, 49.9572, 2.6123, 45.4600
29.5000, 4.91e-05, 6262.1879, 49.9199, 2.6123, 45.4339
29.5050, 5.29e-05, 6262.3577, 49.8826, 2.6123, 45.4077
29.5100, 4.89e-05, 6262.5273, 49.8454, 2.6124, 45.3814
29.5150, 5.06e-05, 6262.6966, 49.8081, 2.6124, 45.3550
29.5200, 4.86e-05, 6262.8657, 49.7709, 2.6124, 45.3285
29.5250, 5.92e-05, 6263.0346, 49.7337, 2.6125, 45.3020
29.5300, 5.02e-05, 6263.2033, 49.6966, 2.6125, 45.2754
29.5350, 5.08e-05, 6263.3718, 49.6594, 2.6125, 45.2488
29.5400, 4.86e-05, 6263.5400, 49.6223, 2.6126, 45.2220
29.5450, 4.86e-05, 6263.7080, 49.5852, 2.6126, 45.1952
29.5500, 4.83e-05, 6263.8758, 49.5482, 2.6126, 45.1684
29.5550, 5.04e-05, 6264.0434, 49.5111, 2.6127, 45.1414
29.5600, 5.95e-05, 6264.2107, 49.4741, 2.6127, 45.1144
29.5650, 5.04e-05, 6264.3779, 49.4371, 2.6127, 45.0873
29.5700, 5.41e-05, 6264.5448, 49.4001, 2.6128, 45.0601
29.5750, 4.87e-05, 6264.7115, 49.3632, 2.6128, 45.0329
29.5800, 4.86e-05, 6264.8780, 49.3263, 2.6128, 45.0056
29.5850, 4.83e-05, 6265.0442, 49.2894, 2.6129, 44.9782
29.5900, 0.000141, 6265.2102, 49.2525, 2.6129, 44.9507
29.5950, 0.0001471, 6265.3761, 49.2156, 2.6129, 44.9232
29.6000, 0.0001393, 6265.5416, 49.1788, 2.6130, 44.8956
29.6050, 9.9e-05, 6265.7070, 49.1420, 2.6130, 44.8679
29.6100, 0.0001014, 6265.8722, 49.1052, 2.6130, 44.8402
29.6150, 0.0001027, 6266.0371, 49.0685, 2.6131, 44.8123
29.6200, 0.0001024, 6266.2018, 49.0317, 2.6131, 44.7845
29.6250, 0.0001166, 6266.3663, 48.9950, 2.6131, 44.7565
29.6300, 0.0001001, 6266.5305, 48.9583, 2.6132, 44.7285
29.6350, 9.23e-05, 6266.6946, 48.9217, 2.6132, 44.7003
29.6400, 0.0001218, 6266.8584, 48.8851, 2.6132, 44.6722
29.6450, 9.14e-05, 6267.0220, 48.8485, 2.6133, 44.6439
29.6500, 8.13e-05, 6267.1854, 48.8119, 2.6133, 44.6156
29.6550, 8.99e-05, 6267.3485, 48.7753, 2.6133, 44.5872
29.6600, 9.35e-05, 6267.5115, 48.7388, 2.6134, 44.5587
29.6650, 0.0002726, 6267.6742, 48.7023, 2.6134, 44.5302
29.6700, 9.41e-05, 6267.8367, 48.6658, 2.6134, 44.5016
29.6750, 9.28e-05, 6267.9989, 48.6293, 2.6135, 44.4729
29.6800, 9.46e-05, 6268.1610, 48.5929, 2.6135, 44.4441
29.6850, 9.76e-05, 6268.3228, 48.5565, 2.6135, 44.4153
29.6900, 9.31e-05, 6268.4844, 48.5201, 2.6136, 44.3864
29.6950, 0.0002371, 6268.6458, 48.4838, 2.6136, 44.3574
29.7000, 9.5e-05, 6268.8069, 48.4474, 2.6137, 44.3284
29.7050, 0.0001121, 6268.9678, 48.4111, 2.6137, 44.2993
29.7100, 9.42e-05, 6269.1285, 48.3748, 2.6137, 44.2701
29.7150, 9.24e-05, 6269.2890, 48.3386, 2.6138, 44.2408
29.7200, 0.0002518, 6269.4493, 48.3024, 2.6138, 44.2115
29.7250, 9.53e-05, 6269.6093, 48.2662, 2.6138, 44.1821
29.7300, 9.31e-05, 6269.7691, 48.2300, 2.6139, 44.1526
29.7350, 0.0001022, 6269.9287, 48.1938, 2.6139, 44.1231
29.7400, 0.0001029, 6270.0881, 48.1577, 2.6140, 44.0934
29.7450, 9.27e-05, 6270.2472, 48.1216, 2.6140, 44.0637
29.7500, 9.68e-05, 6270.4062, 48.0855, 2.6140, 44.0340
29.7550, 0.0001098, 6270.5649, 48.0495, 2.6141, 44.0042
29.7600, 9.35e-05, 6270.7233, 48.0135, 2.6141, 43.9743
29.7650, 9.24e-05, 6270.8816, 47.9775, 2.6142, 43.9443
29.7700, 9.16e-05, 6271.0396, 47.9415, 2.6142, 43.9142
29.7750, 0.0001092, 6271.1974, 47.9056, 2.6142, 43.8841
29.7800, 9.27e-05, 6271.3550, 47.8696, 2.6143, 43.8539
29.7850, 9.81e-05, 6271.5123, 47.8338, 2.6143, 43.8237
29.7900, 9.66e-05, 6271.6695, 47.7979, 2.6144, 43.7933
29.7950, 0.000102, 6271.8264, 47.7621, 2.6144, 43.7629
29.8000, 9.74e-05, 6271.9830, 47.7262, 2.6144, 43.7324
29.8050, 9.63e-05, 6272.1395, 47.6905, 2.6145, 43.7019
29.8100, 0.0001151, 6272.2957, 47.6547, 2.6145, 43.6713
29.8150, 9.8e-05, 6272.4517, 47.6190, 2.6146, 43.6406
29.8200, 9.08e-05, 6272.6075, 47.5833, 2.6146, 43.6098
29.8250, 9.58e-05, 6272.7631, 47.5476, 2.6147, 43.5790
29.8300, 0.0001262, 6272.9184, 47.5119, 2.6147, 43.5481
29.8350, 0.0001028, 6273.0735, 47.4763, 2.6147, 43.5171
29.8400, 0.0001172, 6273.2284, 47.4407, 2.6148, 43.4861
29.8450, 0.0001163, 6273.3830, 47.4052, 2.6148, 43.4549
29.8500, 0.0001011, 6273.5375, 47.3696, 2.6149, 43.4237
29.8550, 9.47e-05, 6273.6917, 47.3341, 2.6149, 43.3925
29.8600, 9.4e-05, 6273.8456, 47.2986, 2.6150, 43.3611
29.8650, 9.95e-05, 6273.9994, 47.2631, 2.6150, 43.3297
29.8700, 0.0001051, 6274.1529, 47.2277, 2.6150, 43.2983
29.8750, 0.0005038, 6274.3062, 47.1923, 2.6151, 43.2667
29.8800, 9.9e-05, 6274.4593, 47.1569, 2.6151, 43.2351
29.8850, 0.0001212, 6274.6122, 47.1216, 2.6152, 43.2034
29.8900, 0.000105, 6274.7648, 47.0863, 2.6152, 43.1717
29.8950, 0.0001048, 6274.9172, 47.0510, 2.6153, 43.1398
29.9000, 0.000116, 6275.0694, 47.0157, 2.6153, 43.1079
29.9050, 0.0001078, 6275.2213, 46.9805, 2.6154, 43.0760
29.9100, 9.34e-05, 6275.3730, 46.9452, 2.6154, 43.0439
29.9150, 9.76e-05, 6275.5245, 46.9101, 2.6155, 43.0118
29.9200, 0.0001081, 6275.6758, 46.8749, 2.6155, 42.9796
29.9250, 0.0001008, 6275.8268, 46.8398, 2.6156, 42.9473
29.9300, 9.2e-05, 6275.9777, 46.8047, 2.6156, 42.9150
29.9350, 9.61e-05, 6276.1282, 46.7696, 2.6157, 42.8826
29.9400, 9.68e-05, 6276.2786, 46.7346, 2.6157, 42.8502
29.9450, 9.17e-05, 6276.4287, 46.6996, 2.6158, 42.8176
29.9500, 9.15e-05, 6276.5787, 46.6646, 2.6158, 42.7850
29.9550, 0.0001044, 6276.7283, 46.6296, 2.6159, 42.7523
29.9600, 9.49e-05, 6276.8778, 46.5947, 2.6159, 42.7196
29.9650, 9.11e-05, 6277.0270, 46.5598, 2.6160, 42.6867
29.9700, 9.14e-05, 6277.1760, 46.5249, 2.6160, 42.6538
29.9750, 0.0001574, 6277.3248, 46.4901, 2.6161, 42.6209
29.9800, 0.0001607, 6277.4734, 46.4552, 2.6161, 42.5878
29.9850, 9.17e-05, 6277.6217, 46.4205, 2.6162, 42.5547
29.9900, 0.0001066, 6277.7698, 46.3857, 2.6162, 42.5215
29.9950, 9.38e-05, 6277.9176, 46.3510, 2.6163, 42.4883
30.0000, 9.37e-05, 6278.0653, 46.3163, 2.6163, 42.4550
30.0050, 0.0002455, 6278.2127, 46.2816, 2.6164, 42.4216
30.0100, 9.4e-05, 6278.3599, 46.2470, 2.6164, 42.3881
30.0150, 9.11e-05, 6278.5068, 46.2123, 2.6165, 42.3546
30.0200, 0.0002187, 6278.6536, 46.1778, 2.6165, 42.3210
30.0250, 9.36e-05, 6278.8001, 46.1432, 2.6166, 42.2873
30.0300, 9.17e-05, 6278.9464, 46.1087, 2.6166, 42.2536
30.0350, 9.44e-05, 6279.0924, 46.0742, 2.6167, 42.2198
30.0400, 0.000107, 6279.2382, 46.0397, 2.6167, 42.1859
30.0450, 9.25e-05, 6279.3838, 46.0053, 2.6168, 42.1519
30.0500, 9.24e-05, 6279.5292, 45.9709, 2.6169, 42.1179
30.0550, 9.97e-05, 6279.6743, 45.9365, 2.6169, 42.0838
30.0600, 0.000107, 6279.8192, 45.9022, 2.6170, 42.0496
30.0650, 9.16e-05, 6279.9639, 45.8678, 2.6170, 42.0154
30.0700, 9.4e-05, 6280.1084, 45.8335, 2.6171, 41.9811
30.0750, 0.0001046, 6280.2526, 45.7993, 2.6171, 41.9467
30.0800, 9.36e-05, 6280.3966, 45.7651, 2.6172, 41.9122
30.0850, 9.21e-05, 6280.5404, 45.7309, 2.6173, 41.8777
30.0900, 9.37e-05, 6280.6839, 45.6967, 2.6173, 41.8431
30.0950, 0.0001047, 6280.8272, 45.6626, 2.6174, 41.8084
30.1000, 9.76e-05, 6280.9703, 45.6284, 2.6174, 41.7737
30.1050, 8.99e-05, 6281.1131, 45.5944, 2.6175, 41.7389
30.1100, 9.8e-05, 6281.2558, 45.5603, 2.6176, 41.7040
30.1150, 0.0001072, 6281.3982, 45.5263, 2.6176, 41.6691
30.1200, 9.37e-05, 6281.5403, 45.4923, 2.6177, 41.6341
30.1250, 9.25e-05, 6281.6823, 45.4584, 2.6177, 41.5990
30.1300, 9.58e-05, 6281.8240, 45.4244, 2.6178, 41.5638
30.1350, 0.0001061, 6281.9655, 45.3905, 2.6179, 41.5286
30.1400, 9.25e-05, 6282.1067, 45.3567, 2.6179, 41.4933
30.1450, 9.94e-05, 6282.2478, 45.3228, 2.6180, 41.4579
30.1500, 9.34e-05, 6282.3885, 45.2890, 2.6181, 41.4225
30.1550, 9.39e-05, 6282.5291, 45.2553, 2.6181, 41.3870
30.1600, 0.0001717, 6282.6695, 45.2215, 2.6182, 41.3514
30.1650, 0.0003685, 6282.8096, 45.1878, 2.6183, 41.3157
30.1700, 9.51e-05, 6282.9494, 45.1541, 2.6183, 41.2800
30.1750, 0.0001156, 6283.0891, 45.1205, 2.6184, 41.2442
30.1800, 9.4e-05, 6283.2285, 45.0869, 2.6184, 41.2084
30.1850, 9.47e-05, 6283.3677, 45.0533, 2.6185, 41.1724
30.1900, 9.21e-05, 6283.5067, 45.0197, 2.6186, 41.1364
30.1950, 0.0001052, 6283.6454, 44.9862, 2.6187, 41.1003
30.2000, 9.5e-05, 6283.7839, 44.9527, 2.6187, 41.0642
30.2050, 9.24e-05, 6283.9222, 44.9193, 2.6188, 41.0280
30.2100, 9.23e-05, 6284.0602, 44.8858, 2.6189, 40.9917
30.2150, 0.0001058, 6284.1980, 44.8524, 2.6189, 40.9553
30.2200, 0.0001283, 6284.3356, 44.8191, 2.6190, 40.9189
30.2250, 0.0001188, 6284.4730, 44.7858, 2.6191, 40.8824
30.2300, 0.000108, 6284.6101, 44.7525, 2.6191, 40.8459
30.2350, 9.36e-05, 6284.7470, 44.7192, 2.6192, 40.8092
30.2400, 9.82e-05, 6284.8836, 44.6859, 2.6193, 40.7725
30.2450, 9.3e-05, 6285.0201, 44.6527, 2.6194, 40.7357
30.2500, 0.0001056, 6285.1563, 44.6196, 2.6194, 40.6989
30.2550, 9.51e-05, 6285.2922, 44.5864, 2.6195, 40.6620
30.2600, 9.24e-05, 6285.4280, 44.5533, 2.6196, 40.6250
30.2650, 9.78e-05, 6285.5635, 44.5202, 2.6196, 40.5879
30.2700, 0.000249, 6285.6988, 44.4872, 2.6197, 40.5508
30.2750, 9.52e-05, 6285.8338, 44.4542, 2.6198, 40.5136
30.2800, 9.19e-05, 6285.9687, 44.4212, 2.6199, 40.4763
30.2850, 0.0001067, 6286.1033, 44.3883, 2.6199, 40.4390
30.2900, 9.21e-05, 6286.2376, 44.3554, 2.6200, 40.4016
30.2950, 0.0002575, 6286.3717, 44.3225, 2.6201, 40.3641
30.3000, 9.62e-05, 6286.5056, 44.2896, 2.6202, 40.3265
30.3050, 9.27e-05, 6286.6393, 44.2568, 2.6203, 40.2889
30.3100, 9.15e-05, 6286.7728, 44.2240, 2.6203, 40.2512
30.3150, 0.000108, 6286.9060, 44.1913, 2.6204, 40.2134
30.3200, 0.0002512, 6287.0389, 44.1586, 2.6205, 40.1756
30.3250, 9.32e-05, 6287.1717, 44.1259, 2.6206, 40.1377
30.3300, 9.02e-05, 6287.3042, 44.0932, 2.6207, 40.0997
30.3350, 0.0001153, 6287.4365, 44.0606, 2.6207, 40.0617
30.3400, 9.24e-05, 6287.5685, 44.0280, 2.6208, 40.0236
30.3450, 9.2e-05, 6287.7004, 43.9955, 2.6209, 39.9854
30.3500, 9.4e-05, 6287.8320, 43.9630, 2.6210, 39.9471
30.3550, 9.46e-05, 6287.9633, 43.9305, 2.6211, 39.9088
30.3600, 9.21e-05, 6288.0945, 43.8981, 2.6211, 39.8704
30.3650, 9.2e-05, 6288.2254, 43.8656, 2.6212, 39.8319
30.3700, 0.0001061, 6288.3560, 43.8333, 2.6213, 39.7934
30.3750, 9.27e-05, 6288.4865, 43.8009, 2.6214, 39.7548
30.3800, 9.71e-05, 6288.6167, 43.7686, 2.6215, 39.7161
30.3850, 9.44e-05, 6288.7466, 43.7363, 2.6216, 39.6774
30.3900, 0.0001113, 6288.8764, 43.7041, 2.6217, 39.6385
30.3950, 9.35e-05, 6289.0059, 43.6719, 2.6217, 39.5997
30.4000, 9.2e-05, 6289.1352, 43.6397, 2.6218, 39.5607
30.4050, 9.22e-05, 6289.2642, 43.6075, 2.6219, 39.5217
30.4100, 0.0001067, 6289.3930, 43.5754, 2.6220, 39.4826
30.4150, 9.43e-05, 6289.5216, 43.5434, 2.6221, 39.4434
30.4200, 9.14e-05, 6289.6500, 43.5113, 2.6222, 39.4042
30.4250, 0.0001006, 6289.7781, 43.4793, 2.6223, 39.3648
30.4300, 0.0001088, 6289.9060, 43.4473, 2.6224, 39.3255
30.4350, 9.37e-05, 6290.0336, 43.4154, 2.6225, 39.2860
30.4400, 9.3e-05, 6290.1611, 43.3835, 2.6226, 39.2465
30.4450, 9.51e-05, 6290.2883, 43.3516, 2.6227, 39.2069
30.4500, 0.0003691, 6290.4152, 43.3198, 2.6228, 39.1672
30.4550, 0.0001318, 6290.5420, 43.2880, 2.6228, 39.1275
30.4600, 9.57e-05, 6290.6685, 43.2562, 2.6229, 39.0877
30.4650, 9.21e-05, 6290.7947, 43.2245, 2.6230, 39.0478
30.4700, 0.0001067, 6290.9208, 43.1928, 2.6231, 39.0079
30.4750, 9.71e-05, 6291.0466, 43.1612, 2.6232, 38.9679
30.4800, 9.63e-05, 6291.1722, 43.1296, 2.6233, 38.9278
30.4850, 0.0001064, 6291.2975, 43.0980, 2.6234, 38.8876
30.4900, 9.41e-05, 6291.4226, 43.0664, 2.6235, 38.8474
30.4950, 9.73e-05, 6291.5475, 43.0349, 2.6236, 38.8071
30.5000, 9.49e-05, 6291.6721, 43.0034, 2.6237, 38.7667
30.5050, 0.000105, 6291.7965, 42.9720, 2.6238, 38.7263
30.5100, 9.28e-05, 6291.9207, 42.9406, 2.6239, 38.6858
30.5150, 9.44e-05, 6292.0447, 42.9092, 2.6240, 38.6452
30.5200, 9.2e-05, 6292.1684, 42.8779, 2.6241, 38.6046
30.5250, 0.0001036, 6292.2919, 42.8466, 2.6242, 38.5639
30.5300, 9.91e-05, 6292.4151, 42.8153, 2.6243, 38.5231
30.5350, 9.48e-05, 6292.5381, 42.7841, 2.6245, 38.4822
30.5400, 9.71e-05, 6292.6609, 42.7529, 2.6246, 38.4413
30.5450, 0.0001056, 6292.7835, 42.7217, 2.6247, 38.4003
30.5500, 9.21e-05, 6292.9058, 42.6906, 2.6248, 38.3592
30.5550, 0.0001201, 6293.0279, 42.6595, 2.6249, 38.3181
30.5600, 0.0002148, 6293.1497, 42.6285, 2.6250, 38.2769
30.5650, 9.38e-05, 6293.2714, 42.5975, 2.6251, 38.2356
30.5700, 9.21e-05, 6293.3927, 42.5665, 2.6252, 38.1942
30.5750, 0.0001088, 6293.5139, 42.5355, 2.6253, 38.1528
30.5800, 9.84e-05, 6293.6348, 42.5046, 2.6254, 38.1113
30.5850, 0.0002169, 6293.7555, 42.4738, 2.6255, 38.0698
30.5900, 0.0001088, 6293.8760, 42.4429, 2.6257, 38.0281
30.5950, 9.23e-05, 6293.9962, 42.4122, 2.6258, 37.9864
30.6000, 9.25e-05, 6294.1162, 42.3814, 2.6259, 37.9447
30.6050, 8.79e-05, 6294.2360, 42.3507, 2.6260, 37.9028
30.6100, 0.0001097, 6294.3555, 42.3200, 2.6261, 37.8609
30.6150, 9.27e-05, 6294.4748, 42.2894, 2.6262, 37.8189
30.6200, 9.42e-05, 6294.5938, 42.2588, 2.6263, 37.7769
30.6250, 0.0001052, 6294.7127, 42.2282, 2.6265, 37.7347
30.6300, 9.28e-05, 6294.8313, 42.1977, 2.6266, 37.6926
30.6350, 8.68e-05, 6294.9496, 42.1672, 2.6267, 37.6503
30.6400, 8.86e-05, 6295.0678, 42.1367, 2.6268, 37.6079
30.6450, 0.0001057, 6295.1857, 42.1063, 2.6269, 37.5655
30.6500, 8.83e-05, 6295.3033, 42.0759, 2.6271, 37.5231
30.6550, 8.87e-05, 6295.4208, 42.0456, 2.6272, 37.4805
30.6600, 0.0001187, 6295.5380, 42.0153, 2.6273, 37.4379
30.6650, 0.0001169, 6295.6549, 41.9850, 2.6274, 37.3952
30.6700, 9.68e-05, 6295.7717, 41.9548, 2.6276, 37.3525
30.6750, 9.08e-05, 6295.8882, 41.9246, 2.6277, 37.3096
30.6800, 0.0001291, 6296.0044, 41.8944, 2.6278, 37.2667
30.6850, 0.0001264, 6296.1205, 41.8643, 2.6279, 37.2238
30.6900, 0.0001226, 6296.2363, 41.8342, 2.6281, 37.1807
30.6950, 0.0001493, 6296.3518, 41.8042, 2.6282, 37.1376
30.7000, 0.0001286, 6296.4672, 41.7742, 2.6283, 37.0944
30.7050, 8.49e-05, 6296.5822, 41.7442, 2.6285, 37.0512
30.7100, 5.69e-05, 6296.6971, 41.7143, 2.6286, 37.0078
30.7150, 5.09e-05, 6296.8117, 41.6844, 2.6287, 36.9644
30.7200, 5.13e-05, 6296.9261, 41.6546, 2.6288, 36.9210
30.7250, 4.89e-05, 6297.0403, 41.6248, 2.6290, 36.8774
30.7300, 5e-05, 6297.1542, 41.5950, 2.6291, 36.8338
30.7350, 4.9e-05, 6297.2679, 41.5653, 2.6293, 36.7902
30.7400, 6.25e-05, 6297.3814, 41.5356, 2.6294, 36.7464
30.7450, 5.1e-05, 6297.4946, 41.5059, 2.6295, 36.7026
30.7500, 4.94e-05, 6297.6076, 41.4763, 2.6297, 36.6587
30.7550, 4.87e-05, 6297.7204, 41.4468, 2.6298, 36.6148
30.7600, 5.07e-05, 6297.8329, 41.4172, 2.6299, 36.5707
30.7650, 5.79e-05, 6297.9452, 41.3877, 2.6301, 36.5266
30.7700, 4.85e-05, 6298.0573, 41.3583, 2.6302, 36.4824
30.7750, 6.77e-05, 6298.1691, 41.3289, 2.6304, 36.4382
30.7800, 5.08e-05, 6298.2807, 41.2995, 2.6305, 36.3939
30.7850, 4.93e-05, 6298.3921, 41.2702, 2.6307, 36.3495
30.7900, 4.85e-05, 6298.5032, 41.2409, 2.6308, 36.3051
30.7950, 5.05e-05, 6298.6141, 41.2116, 2.6309, 36.2605
30.8000, 4.88e-05, 6298.7248, 41.1824, 2.6311, 36.2159
30.8050, 4.81e-05, 6298.8352, 41.1532, 2.6312, 36.1713
30.8100, 5.92e-05, 6298.9454, 41.1241, 2.6314, 36.1265
30.8150, 5.22e-05, 6299.0553, 41.0950, 2.6315, 36.0817
30.8200, 4.9e-05, 6299.1651, 41.0659, 2.6317, 36.0369
30.8250, 4.86e-05, 6299.2745, 41.0369, 2.6318, 35.9919
30.8300, 5.05e-05, 6299.3838, 41.0079, 2.6320, 35.9469
30.8350, 4.84e-05, 6299.4928, 40.9790, 2.6321, 35.9018
30.8400, 4.84e-05, 6299.6016, 40.9501, 2.6323, 35.8566
30.8450, 5.86e-05, 6299.7102, 40.9212, 2.6324, 35.8114
30.8500, 5.28e-05, 6299.8185, 40.8924, 2.6326, 35.7661
30.8550, 4.9e-05, 6299.9266, 40.8637, 2.6328, 35.7207
30.8600, 5.22e-05, 6300.0344, 40.8349, 2.6329, 35.6753
30.8650, 4.93e-05, 6300.1421, 40.8062, 2.6331, 35.6298
30.8700, 5.07e-05, 6300.2494, 40.7776, 2.6332, 35.5842
30.8750, 4.87e-05, 6300.3566, 40.7490, 2.6334, 35.5385
30.8800, 5.92e-05, 6300.4635, 40.7204, 2.6336, 35.4928
30.8850, 5.02e-05, 6300.5702, 40.6919, 2.6337, 35.4470
30.8900, 5.08e-05, 6300.6766, 40.6634, 2.6339, 35.4011
30.8950, 4.92e-05, 6300.7828, 40.6350, 2.6340, 35.3552
30.9000, 4.83e-05, 6300.8888, 40.6066, 2.6342, 35.3092
30.9050, 5.08e-05, 6300.9946, 40.5782, 2.6344, 35.2631
30.9100, 4.83e-05, 6301.1001, 40.5499, 2.6345, 35.2169
30.9150, 4.9e-05, 6301.2054, 40.5216, 2.6347, 35.1707
30.9200, 5.09e-05, 6301.3104, 40.4934, 2.6349, 35.1244
30.9250, 5.1e-05, 6301.4152, 40.4652, 2.6350, 35.0780
30.9300, 4.88e-05, 6301.5198, 40.4370, 2.6352, 35.0316
30.9350, 4.85e-05, 6301.6241, 40.4089, 2.6354, 34.9851
30.9400, 5.11e-05, 6301.7282, 40.3808, 2.6356, 34.9385
30.9450, 6.35e-05, 6301.8321, 40.3528, 2.6357, 34.8919
30.9500, 6.16e-05, 6301.9357, 40.3248, 2.6359, 34.8451
30.9550, 5.04e-05, 6302.0391, 40.2969, 2.6361, 34.7983
30.9600, 5.12e-05, 6302.1423, 40.2690, 2.6363, 34.7515
30.9650, 4.89e-05, 6302.2452, 40.2411, 2.6364, 34.7046
30.9700, 4.88e-05, 6302.3479, 40.2133, 2.6366, 34.6575
30.9750, 4.88e-05, 6302.4504, 40.1855, 2.6368, 34.6105
30.9800, 5.08e-05, 6302.5526, 40.1578, 2.6370, 34.5633
30.9850, 5.97e-05, 6302.6546, 40.1301, 2.6372, 34.5161
30.9900, 5.03e-05, 6302.7564, 40.1025, 2.6373, 34.4688
30.9950, 4.88e-05, 6302.8579, 40.0749, 2.6375, 34.4214
31.0000, 5.34e-05, 6302.9592, 40.0473, 2.6377, 34.3740
31.0050, 4.85e-05, 6303.0603, 40.0198, 2.6379, 34.3265
31.0100, 5.4e-05, 6303.1611, 39.9923, 2.6381, 34.2789
31.0150, 5.37e-05, 6303.2617, 39.9649, 2.6383, 34.2313
31.0200, 6.06e-05, 6303.3621, 39.9375, 2.6385, 34.1836
31.0250, 5.02e-05, 6303.4622, 39.9102, 2.6387, 34.1358
31.0300, 0.0001159, 6303.5621, 39.8829, 2.6388, 34.0879
31.0350, 0.0001004, 6303.6617, 39.8556, 2.6390, 34.0400
31.0400, 5.88e-05, 6303.7611, 39.8284, 2.6392, 33.9920
31.0450, 6.71e-05, 6303.8603, 39.8012, 2.6394, 33.9439
31.0500, 5.08e-05, 6303.9593, 39.7741, 2.6396, 33.8958
31.0550, 5.15e-05, 6304.0580, 39.7470, 2.6398, 33.8475
31.0600, 4.93e-05, 6304.1564, 39.7200, 2.6400, 33.7992
31.0650, 4.91e-05, 6304.2547, 39.6930, 2.6402, 33.7509
31.0700, 4.86e-05, 6304.3527, 39.6660, 2.6404, 33.7025
31.0750, 6e-05, 6304.4505, 39.6391, 2.6406, 33.6540
31.0800, 6.19e-05, 6304.5480, 39.6123, 2.6408, 33.6054
31.0850, 4.93e-05, 6304.6453, 39.5855, 2.6410, 33.5567
31.0900, 5.1e-05, 6304.7424, 39.5587, 2.6412, 33.5080
31.0950, 4.91e-05, 6304.8392, 39.5320, 2.6414, 33.4592
31.1000, 5.33e-05, 6304.9358, 39.5053, 2.6416, 33.4104
31.1050, 4.99e-05, 6305.0322, 39.4786, 2.6419, 33.3614
31.1100, 5.14e-05, 6305.1283, 39.4520, 2.6421, 33.3124
31.1150, 5.14e-05, 6305.2242, 39.4255, 2.6423, 33.2633
31.1200, 4.91e-05, 6305.3199, 39.3990, 2.6425, 33.2142
31.1250, 4.89e-05, 6305.4153, 39.3725, 2.6427, 33.1650
31.1300, 5.11e-05, 6305.5105, 39.3461, 2.6429, 33.1157
31.1350, 4.86e-05, 6305.6055, 39.3197, 2.6431, 33.0663
31.1400, 4.86e-05, 6305.7002, 39.2934, 2.6433, 33.0169
31.1450, 7.88e-05, 6305.7947, 39.2671, 2.6436, 32.9674
31.1500, 5.19e-05, 6305.8889, 39.2409, 2.6438, 32.9178
31.1550, 4.89e-05, 6305.9830, 39.2147, 2.6440, 32.8682
31.1600, 4.9e-05, 6306.0767, 39.1886, 2.6442, 32.8184
31.1650, 5.14e-05, 6306.1703, 39.1625, 2.6444, 32.7687
31.1700, 4.93e-05, 6306.2636, 39.1364, 2.6447, 32.7188
31.1750, 4.89e-05, 6306.3567, 39.1104, 2.6449, 32.6689
31.1800, 5.95e-05, 6306.4495, 39.0844, 2.6451, 32.6189
31.1850, 6.08e-05, 6306.5421, 39.0585, 2.6453, 32.5688
31.1900, 4.93e-05, 6306.6345, 39.0327, 2.6456, 32.5186
31.1950, 4.92e-05, 6306.7267, 39.0068, 2.6458, 32.4684
31.2000, 4.84e-05, 6306.8186, 38.9811, 2.6460, 32.4181
31.2050, 5.6e-05, 6306.9102, 38.9553, 2.6463, 32.3677
31.2100, 4.9e-05, 6307.0017, 38.9296, 2.6465, 32.3173
31.2150, 6.18e-05, 6307.0929, 38.9040, 2.6467, 32.2668
31.2200, 5.2e-05, 6307.1838, 38.8784, 2.6470, 32.2162
31.2250, 4.86e-05, 6307.2746, 38.8529, 2.6472, 32.1656
31.2300, 4.92e-05, 6307.3651, 38.8274, 2.6474, 32.1148
31.2350, 4.85e-05, 6307.4553, 38.8019, 2.6477, 32.0640
31.2400, 5.07e-05, 6307.5454, 38.7765, 2.6479, 32.0132
31.2450, 4.89e-05, 6307.6351, 38.7511, 2.6482, 31.9622
31.2500, 5.96e-05, 6307.7247, 38.7258, 2.6484, 31.9112
31.2550, 5e-05, 6307.8140, 38.7006, 2.6486, 31.8601
31.2600, 5.1e-05, 6307.9031, 38.6753, 2.6489, 31.8090
31.2650, 5.29e-05, 6307.9920, 38.6502, 2.6491, 31.7577
31.2700, 4.92e-05, 6308.0806, 38.6250, 2.6494, 31.7064
31.2750, 5.09e-05, 6308.1690, 38.6000, 2.6496, 31.6551
31.2800, 4.86e-05, 6308.2571, 38.5749, 2.6499, 31.6036
31.2850, 5.96e-05, 6308.3450, 38.5500, 2.6501, 31.5521
31.2900, 8.8e-05, 6308.4327, 38.5250, 2.6504, 31.5005
31.2950, 9.75e-05, 6308.5202, 38.5001, 2.6506, 31.4488
31.3000, 8.73e-05, 6308.6074, 38.4753, 2.6509, 31.3971
31.3050, 0.0001288, 6308.6943, 38.4505, 2.6512, 31.3453
31.3100, 6.2e-05, 6308.7811, 38.4257, 2.6514, 31.2934
31.3150, 5.73e-05, 6308.8676, 38.4011, 2.6517, 31.2415
31.3200, 5.44e-05, 6308.9538, 38.3764, 2.6519, 31.1895
31.3250, 5.44e-05, 6309.0399, 38.3518, 2.6522, 31.1374
31.3300, 5.58e-05, 6309.1257, 38.3272, 2.6525, 31.0852
31.3350, 5.61e-05, 6309.2112, 38.3027, 2.6527, 31.0330
31.3400, 4.96e-05, 6309.2966, 38.2783, 2.6530, 30.9806
31.3450, 4.91e-05, 6309.3817, 38.2539, 2.6533, 30.9283
31.3500, 5.06e-05, 6309.4665, 38.2295, 2.6535, 30.8758
31.3550, 4.86e-05, 6309.5512, 38.2052, 2.6538, 30.8233
31.3600, 4.87e-05, 6309.6355, 38.1809, 2.6541, 30.7707
31.3650, 4.99e-05, 6309.7197, 38.1567, 2.6543, 30.7180
31.3700, 5.31e-05, 6309.8036, 38.1326, 2.6546, 30.6653
31.3750, 4.93e-05, 6309.8873, 38.1084, 2.6549, 30.6124
31.3800, 4.87e-05, 6309.9708, 38.0844, 2.6552, 30.5595
31.3850, 4.85e-05, 6310.0540, 38.0604, 2.6554, 30.5066
31.3900, 5.08e-05, 6310.1369, 38.0364, 2.6557, 30.4536
31.3950, 4.82e-05, 6310.2197, 38.0125, 2.6560, 30.4004
31.4000, 4.89e-05, 6310.3022, 37.9886, 2.6563, 30.3473
31.4050, 5.31e-05, 6310.3845, 37.9648, 2.6566, 30.2940
31.4100, 5.26e-05, 6310.4665, 37.9410, 2.6569, 30.2407
31.4150, 4.94e-05, 6310.5483, 37.9173, 2.6571, 30.1873
31.4200, 4.87e-05, 6310.6299, 37.8936, 2.6574, 30.1338
31.4250, 5.1e-05, 6310.7112, 37.8700, 2.6577, 30.0803
31.4300, 4.94e-05, 6310.7923, 37.8464, 2.6580, 30.0267
31.4350, 4.88e-05, 6310.8732, 37.8229, 2.6583, 29.9730
31.4400, 5.07e-05, 6310.9538, 37.7994, 2.6586, 29.9192
31.4450, 5.07e-05, 6311.0342, 37.7760, 2.6589, 29.8654
31.4500, 4.82e-05, 6311.1144, 37.7526, 2.6592, 29.8115
31.4550, 4.85e-05, 6311.1943, 37.7293, 2.6595, 29.7575
31.4600, 4.84e-05, 6311.2740, 37.7060, 2.6598, 29.7034
31.4650, 5.05e-05, 6311.3535, 37.6828, 2.6601, 29.6493
31.4700, 4.8e-05, 6311.4327, 37.6596, 2.6604, 29.5951
31.4750, 6e-05, 6311.5117, 37.6365, 2.6607, 29.5409
31.4800, 5.11e-05, 6311.5904, 37.6134, 2.6610, 29.4865
31.4850, 4.88e-05, 6311.6690, 37.5904, 2.6613, 29.4321
31.4900, 4.85e-05, 6311.7472, 37.5674, 2.6616, 29.3776
31.4950, 4.84e-05, 6311.8253, 37.5445, 2.6619, 29.3230
31.5000, 5.42e-05, 6311.9031, 37.5216, 2.6622, 29.2684
31.5050, 4.88e-05, 6311.9807, 37.4988, 2.6625, 29.2137
31.5100, 6e-05, 6312.0580, 37.4760, 2.6628, 29.1589
31.5150, 4.94e-05, 6312.1351, 37.4533, 2.6631, 29.1041
31.5200, 5.12e-05, 6312.2120, 37.4306, 2.6635, 29.0492
31.5250, 4.88e-05, 6312.2886, 37.4080, 2.6638, 28.9942
31.5300, 4.81e-05, 6312.3650, 37.3854, 2.6641, 28.9391
31.5350, 5.05e-05, 6312.4412, 37.3629, 2.6644, 28.8839
31.5400, 4.89e-05, 6312.5171, 37.3405, 2.6647, 28.8287
31.5450, 6.01e-05, 6312.5928, 37.3181, 2.6650, 28.7734
31.5500, 4.91e-05, 6312.6683, 37.2957, 2.6654, 28.7181
31.5550, 5.05e-05, 6312.7435, 37.2734, 2.6657, 28.6626
31.5600, 4.84e-05, 6312.8185, 37.2511, 2.6660, 28.6071
31.5650, 4.84e-05, 6312.8933, 37.2289, 2.6663, 28.5515
31.5700, 4.86e-05, 6312.9678, 37.2068, 2.6667, 28.4959
31.5750, 5.2e-05, 6313.0421, 37.1847, 2.6670, 28.4402
31.5800, 5.95e-05, 6313.1162, 37.1626, 2.6673, 28.3844
31.5850, 5.33e-05, 6313.1900, 37.1406, 2.6677, 28.3285
31.5900, 5.09e-05, 6313.2636, 37.1187, 2.6680, 28.2725
31.5950, 4.88e-05, 6313.3369, 37.0968, 2.6683, 28.2165
31.6000, 4.86e-05, 6313.4101, 37.0750, 2.6687, 28.1604
31.6050, 4.85e-05, 6313.4829, 37.0532, 2.6690, 28.1043
31.6100, 5.08e-05, 6313.5556, 37.0314, 2.6693, 28.0480
31.6150, 5.94e-05, 6313.6280, 37.0098, 2.6697, 27.9917
31.6200, 4.95e-05, 6313.7002, 36.9881, 2.6700, 27.9353
31.6250, 4.85e-05, 6313.7721, 36.9665, 2.6704, 27.8789
31.6300, 5.04e-05, 6313.8438, 36.9450, 2.6707, 27.8223
31.6350, 4.86e-05, 6313.9153, 36.9235, 2.6711, 27.7657
31.6400, 4.82e-05, 6313.9865, 36.9021, 2.6714, 27.7091
31.6450, 4.8e-05, 6314.0576, 36.8808, 2.6718, 27.6523
31.6500, 6.09e-05, 6314.1283, 36.8595, 2.6721, 27.5955
31.6550, 4.98e-05, 6314.1989, 36.8382, 2.6725, 27.5386
31.6600, 4.85e-05, 6314.2692, 36.8170, 2.6728, 27.4816
31.6650, 5.11e-05, 6314.3392, 36.7958, 2.6732, 27.4246
31.6700, 5.21e-05, 6314.4091, 36.7747, 2.6735, 27.3675
31.6750, 4.85e-05, 6314.4787, 36.7537, 2.6739, 27.3103
31.6800, 4.83e-05, 6314.5480, 36.7327, 2.6743, 27.2530
31.6850, 6.11e-05, 6314.6172, 36.7118, 2.6746, 27.1957
31.6900, 4.95e-05, 6314.6860, 36.6909, 2.6750, 27.1382
31.6950, 4.85e-05, 6314.7547, 36.6700, 2.6753, 27.0808
31.7000, 4.89e-05, 6314.8231, 36.6493, 2.6757, 27.0232
31.7050, 5.08e-05, 6314.8913, 36.6285, 2.6761, 26.9656
31.7100, 4.92e-05, 6314.9593, 36.6079, 2.6764, 26.9079
31.7150, 4.85e-05, 6315.0270, 36.5873, 2.6768, 26.8501
31.7200, 6.08e-05, 6315.0945, 36.5667, 2.6772, 26.7922
31.7250, 5.03e-05, 6315.1617, 36.5462, 2.6775, 26.7343
31.7300, 4.9e-05, 6315.2288, 36.5257, 2.6779, 26.6763
31.7350, 5.57e-05, 6315.2955, 36.5053, 2.6783, 26.6182
31.7400, 5.31e-05, 6315.3621, 36.4850, 2.6787, 26.5601
31.7450, 4.89e-05, 6315.4284, 36.4647, 2.6791, 26.5019
31.7500, 4.91e-05, 6315.4945, 36.4445, 2.6794, 26.4436
31.7550, 6.45e-05, 6315.5603, 36.4243, 2.6798, 26.3852
31.7600, 5.28e-05, 6315.6259, 36.4042, 2.6802, 26.3268
31.7650, 4.9e-05, 6315.6913, 36.3841, 2.6806, 26.2683
31.7700, 4.87e-05, 6315.7565, 36.3641, 2.6810, 26.2097
31.7750, 6.53e-05, 6315.8214, 36.3441, 2.6813, 26.1510
31.7800, 5.1e-05, 6315.8860, 36.3242, 2.6817, 26.0923
31.7850, 4.85e-05, 6315.9505, 36.3044, 2.6821, 26.0335
31.7900, 6.23e-05, 6316.0147, 36.2846, 2.6825, 25.9746
31.7950, 5.11e-05, 6316.0787, 36.2648, 2.6829, 25.9156
31.8000, 4.88e-05, 6316.1424, 36.2452, 2.6833, 25.8566
31.8050, 4.85e-05, 6316.2059, 36.2255, 2.6837, 25.7975
31.8100, 4.88e-05, 6316.2692, 36.2060, 2.6841, 25.7383
31.8150, 5.15e-05, 6316.3322, 36.1864, 2.6845, 25.6791
31.8200, 4.87e-05, 6316.3950, 36.1670, 2.6849, 25.6198
31.8250, 6.02e-05, 6316.4576, 36.1476, 2.6853, 25.5604
31.8300, 4.92e-05, 6316.5199, 36.1282, 2.6857, 25.5009
31.8350, 5.11e-05, 6316.5820, 36.1089, 2.6861, 25.4413
31.8400, 5.8e-05, 6316.6438, 36.0897, 2.6865, 25.3817
31.8450, 4.92e-05, 6316.7055, 36.0705, 2.6869, 25.3220
31.8500, 5.06e-05, 6316.7669, 36.0514, 2.6873, 25.2623
31.8550, 4.88e-05, 6316.8280, 36.0323, 2.6877, 25.2024
31.8600, 6.91e-05, 6316.8890, 36.0133, 2.6881, 25.1425
31.8650, 4.91e-05, 6316.9496, 35.9943, 2.6885, 25.0825
31.8700, 5.11e-05, 6317.0101, 35.9754, 2.6889, 25.0225
31.8750, 4.85e-05, 6317.0703, 35.9566, 2.6894, 24.9623
31.8800, 4.87e-05, 6317.1303, 35.9378, 2.6898, 24.9021
31.8850, 4.82e-05, 6317.1901, 35.9191, 2.6902, 24.8418
31.8900, 5.09e-05, 6317.2496, 35.9004, 2.6906, 24.7815
31.8950, 6.14e-05, 6317.3089, 35.8818, 2.6910, 24.7211
31.9000, 4.93e-05, 6317.3679, 35.8632, 2.6914, 24.6605
31.9050, 5.1e-05, 6317.4267, 35.8447, 2.6919, 24.6000
31.9100, 4.91e-05, 6317.4853, 35.8263, 2.6923, 24.5393
31.9150, 4.83e-05, 6317.5437, 35.8079, 2.6927, 24.4786
31.9200, 4.88e-05, 6317.6018, 35.7896, 2.6931, 24.4178
31.9250, 5.18e-05, 6317.6597, 35.7713, 2.6936, 24.3569
31.9300, 6.06e-05, 6317.7173, 35.7531, 2.6940, 24.2960
31.9350, 5.32e-05, 6317.7747, 35.7349, 2.6944, 24.2350
31.9400, 4.95e-05, 6317.8319, 35.7168, 2.6949, 24.1739
31.9450, 6.09e-05, 6317.8889, 35.6987, 2.6953, 24.1127
31.9500, 4.91e-05, 6317.9456, 35.6808, 2.6957, 24.0514
31.9550, 4.88e-05, 6318.0021, 35.6628, 2.6961, 23.9901
31.9600, 6.2e-05, 6318.0583, 35.6450, 2.6966, 23.9287
31.9650, 5.27e-05, 6318.1143, 35.6271, 2.6970, 23.8673
31.9700, 4.91e-05, 6318.1701, 35.6094, 2.6975, 23.8057
31.9750, 4.88e-05, 6318.2256, 35.5917, 2.6979, 23.7441
31.9800, 5.09e-05, 6318.2810, 35.5740, 2.6983, 23.6824
31.9850, 4.88e-05, 6318.3360, 35.5565, 2.6988, 23.6207
31.9900, 4.89e-05, 6318.3909, 35.5389, 2.6992, 23.5588
31.9950, 5.93e-05, 6318.4455, 35.5215, 2.6997, 23.4969
32.0000, 5.59e-05, 6318.4999, 35.5041, 2.7001, 23.4349
32.0050, 5.46e-05, 6318.5540, 35.4867, 2.7006, 23.3729
32.0100, 4.94e-05, 6318.6079, 35.4694, 2.7010, 23.3108
32.0150, 4.88e-05, 6318.6616, 35.4522, 2.7015, 23.2486
32.0200, 5.11e-05, 6318.7150, 35.4350, 2.7019, 23.1863
32.0250, 4.9e-05, 6318.7682, 35.4179, 2.7024, 23.1239
32.0300, 5.99e-05, 6318.8212, 35.4008, 2.7028, 23.0615
32.0350, 5.22e-05, 6318.8739, 35.3838, 2.7033, 22.9990
32.0400, 4.93e-05, 6318.9264, 35.3669, 2.7037, 22.9364
32.0450, 4.88e-05, 6318.9787, 35.3500, 2.7042, 22.8738
32.0500, 4.88e-05, 6319.0307, 35.3332, 2.7046, 22.8111
32.0550, 5.06e-05, 6319.0826, 35.3164, 2.7051, 22.7483
32.0600, 4.88e-05, 6319.1341, 35.2997, 2.7056, 22.6854
32.0650, 5.94e-05, 6319.1855, 35.2831, 2.7060, 22.6224
32.0700, 5.04e-05, 6319.2366, 35.2665, 2.7065, 22.5594
32.0750, 5.07e-05, 6319.2874, 35.2500, 2.7069, 22.4963
32.0800, 4.85e-05, 6319.3381, 35.2335, 2.7074, 22.4332
32.0850, 5.17e-05, 6319.3885, 35.2171, 2.7079, 22.3699
32.0900, 4.93e-05, 6319.4386, 35.2007, 2.7083, 22.3066
32.0950, 5.1e-05, 6319.4886, 35.1844, 2.7088, 22.2432
32.1000, 6.44e-05, 6319.5383, 35.1682, 2.7093, 22.1798
32.1050, 5.19e-05, 6319.5878, 35.1520, 2.7097, 22.1162
32.1100, 5.12e-05, 6319.6370, 35.1359, 2.7102, 22.0526
32.1150, 4.87e-05, 6319.6860, 35.1199, 2.7107, 21.9889
32.1200, 4.85e-05, 6319.7348, 35.1039, 2.7112, 21.9252
32.1250, 4.85e-05, 6319.7833, 35.0880, 2.7116, 21.8614
32.1300, 5.12e-05, 6319.8316, 35.0721, 2.7121, 21.7974
32.1350, 5.91e-05, 6319.8797, 35.0563, 2.7126, 21.7335
32.1400, 5.01e-05, 6319.9275, 35.0405, 2.7131, 21.6694
32.1450, 4.85e-05, 6319.9751, 35.0248, 2.7135, 21.6053
32.1500, 5.01e-05, 6320.0225, 35.0092, 2.7140, 21.5411
32.1550, 4.88e-05, 6320.0696, 34.9936, 2.7145, 21.4768
32.1600, 4.88e-05, 6320.1165, 34.9781, 2.7150, 21.4125
32.1650, 5.06e-05, 6320.1632, 34.9627, 2.7155, 21.3480
32.1700, 6.4e-05, 6320.2096, 34.9473, 2.7160, 21.2835
32.1750, 5.3e-05, 6320.2558, 34.9320, 2.7164, 21.2190
32.1800, 4.92e-05, 6320.3018, 34.9167, 2.7169, 21.1543
32.1850, 5.05e-05, 6320.3476, 34.9015, 2.7174, 21.0896
32.1900, 4.86e-05, 6320.3931, 34.8864, 2.7179, 21.0248
32.1950, 4.81e-05, 6320.4383, 34.8713, 2.7184, 20.9599
32.2000, 4.88e-05, 6320.4834, 34.8562, 2.7189, 20.8950
32.2050, 6.19e-05, 6320.5282, 34.8413, 2.7194, 20.8300
32.2100, 5.03e-05, 6320.5728, 34.8264, 2.7199, 20.7649
32.2150, 4.88e-05, 6320.6171, 34.8115, 2.7203, 20.6997
32.2200, 4.9e-05, 6320.6612, 34.7968, 2.7208, 20.6345
32.2250, 5.16e-05, 6320.7051, 34.7820, 2.7213, 20.5692
32.2300, 4.86e-05, 6320.7487, 34.7674, 2.7218, 20.5038
32.2350, 4.85e-05, 6320.7921, 34.7528, 2.7223, 20.4383
32.2400, 7.24e-05, 6320.8353, 34.7383, 2.7228, 20.3728
32.2450, 5.02e-05, 6320.8783, 34.7238, 2.7233, 20.3072
32.2500, 4.87e-05, 6320.9210, 34.7094, 2.7238, 20.2415
32.2550, 5.18e-05, 6320.9634, 34.6950, 2.7243, 20.1758
32.2600, 5.09e-05, 6321.0057, 34.6807, 2.7248, 20.1099
32.2650, 4.9e-05, 6321.0477, 34.6665, 2.7253, 20.0440
32.2700, 4.84e-05, 6321.0895, 34.6523, 2.7258, 19.9781
32.2750, 5.86e-05, 6321.1310, 34.6382, 2.7263, 19.9120
32.2800, 5.23e-05, 6321.1723, 34.6242, 2.7268, 19.8459
32.2850, 4.88e-05, 6321.2134, 34.6102, 2.7273, 19.7797
32.2900, 4.88e-05, 6321.2543, 34.5963, 2.7278, 19.7134
32.2950, 5.07e-05, 6321.2949, 34.5825, 2.7283, 19.6471
32.3000, 4.89e-05, 6321.3353, 34.5687, 2.7288, 19.5807
32.3050, 4.87e-05, 6321.3754, 34.5549, 2.7293, 19.5142
32.3100, 6.83e-05, 6321.4154, 34.5413, 2.7298, 19.4476
32.3150, 5.87e-05, 6321.4550, 34.5277, 2.7304, 19.3810
32.3200, 5.42e-05, 6321.4945, 34.5141, 2.7309, 19.3143
32.3250, 5.41e-05, 6321.5337, 34.5006, 2.7314, 19.2475
32.3300, 5.4e-05, 6321.5727, 34.4872, 2.7319, 19.1806
32.3350, 5.61e-05, 6321.6115, 34.4739, 2.7324, 19.1137
32.3400, 0.0001195, 6321.6500, 34.4606, 2.7329, 19.0467
32.3450, 6.06e-05, 6321.6883, 34.4473, 2.7334, 18.9796
32.3500, 5.65e-05, 6321.7263, 34.4342, 2.7339, 18.9125
32.3550, 5.45e-05, 6321.7642, 34.4211, 2.7344, 18.8452
32.3600, 5.42e-05, 6321.8018, 34.4080, 2.7349, 18.7779
32.3650, 5.42e-05, 6321.8391, 34.3950, 2.7355, 18.7106
32.3700, 5.6e-05, 6321.8763, 34.3821, 2.7360, 18.6431
32.3750, 5.37e-05, 6321.9132, 34.3693, 2.7365, 18.5756
32.3800, 5.39e-05, 6321.9498, 34.3565, 2.7370, 18.5080
32.3850, 5.41e-05, 6321.9863, 34.3437, 2.7375, 18.4403
32.3900, 5.6e-05, 6322.0225, 34.3311, 2.7380, 18.3726
32.3950, 5.41e-05, 6322.0584, 34.3185, 2.7385, 18.3048
32.4000, 5.42e-05, 6322.0942, 34.3059, 2.7391, 18.2369
32.4050, 5.4e-05, 6322.1297, 34.2935, 2.7396, 18.1689
32.4100, 6.05e-05, 6322.1650, 34.2810, 2.7401, 18.1009
32.4150, 4.97e-05, 6322.2000, 34.2687, 2.7406, 18.0328
32.4200, 5.72e-05, 6322.2348, 34.2564, 2.7411, 17.9646
32.4250, 5.25e-05, 6322.2694, 34.2442, 2.7416, 17.8963
32.4300, 4.9e-05, 6322.3037, 34.2320, 2.7422, 17.8280
32.4350, 4.9e-05, 6322.3378, 34.2199, 2.7427, 17.7596
32.4400, 4.87e-05, 6322.3717, 34.2079, 2.7432, 17.6911
32.4450, 5.06e-05, 6322.4054, 34.1959, 2.7437, 17.6226
32.4500, 4.89e-05, 6322.4388, 34.1840, 2.7442, 17.5540
32.4550, 4.86e-05, 6322.4720, 34.1722, 2.7448, 17.4853
32.4600, 4.87e-05, 6322.5049, 34.1604, 2.7453, 17.4165
32.4650, 5.08e-05, 6322.5377, 34.1487, 2.7458, 17.3477
32.4700, 4.88e-05, 6322.5702, 34.1370, 2.7463, 17.2788
32.4750, 4.87e-05, 6322.6024, 34.1255, 2.7468, 17.2098
32.4800, 5.07e-05, 6322.6344, 34.1139, 2.7474, 17.1407
32.4850, 4.91e-05, 6322.6662, 34.1025, 2.7479, 17.0716
32.4900, 4.86e-05, 6322.6978, 34.0911, 2.7484, 17.0024
32.4950, 4.88e-05, 6322.7291, 34.0797, 2.7489, 16.9331
32.5000, 5.54e-05, 6322.7602, 34.0685, 2.7494, 16.8638
32.5050, 4.94e-05, 6322.7911, 34.0573, 2.7500, 16.7943
32.5100, 4.83e-05, 6322.8217, 34.0461, 2.7505, 16.7249
32.5150, 4.83e-05, 6322.8522, 34.0351, 2.7510, 16.6553
32.5200, 5.1e-05, 6322.8823, 34.0241, 2.7515, 16.5856
32.5250, 4.87e-05, 6322.9123, 34.0131, 2.7521, 16.5159
32.5300, 4.87e-05, 6322.9420, 34.0022, 2.7526, 16.4462
32.5350, 4.85e-05, 6322.9715, 33.9914, 2.7531, 16.3763
32.5400, 5.14e-05, 6323.0007, 33.9807, 2.7536, 16.3064
32.5450, 5.18e-05, 6323.0297, 33.9700, 2.7541, 16.2364
32.5500, 4.92e-05, 6323.0585, 33.9594, 2.7547, 16.1663
32.5550, 5.83e-05, 6323.0871, 33.9488, 2.7552, 16.0961
32.5600, 4.91e-05, 6323.1154, 33.9383, 2.7557, 16.0259
32.5650, 4.89e-05, 6323.1435, 33.9279, 2.7562, 15.9556
32.5700, 4.87e-05, 6323.1714, 33.9175, 2.7567, 15.8853
32.5750, 6.25e-05, 6323.1990, 33.9072, 2.7573, 15.8148
32.5800, 5.06e-05, 6323.2264, 33.8970, 2.7578, 15.7443
32.5850, 5.03e-05, 6323.2536, 33.8868, 2.7583, 15.6737
32.5900, 4.9e-05, 6323.2805, 33.8767, 2.7588, 15.6031
32.5950, 5.13e-05, 6323.3072, 33.8667, 2.7593, 15.5324
32.6000, 4.88e-05, 6323.3337, 33.8567, 2.7599, 15.4616
32.6050, 4.85e-05, 6323.3599, 33.8468, 2.7604, 15.3907
32.6100, 6.13e-05, 6323.3859, 33.8370, 2.7609, 15.3198
32.6150, 5.03e-05, 6323.4117, 33.8272, 2.7614, 15.2487
32.6200, 4.9e-05, 6323.4373, 33.8175, 2.7619, 15.1777
32.6250, 4.88e-05, 6323.4626, 33.8078, 2.7625, 15.1065
32.6300, 5.03e-05, 6323.4877, 33.7983, 2.7630, 15.0353
32.6350, 4.88e-05, 6323.5125, 33.7887, 2.7635, 14.9640
32.6400, 4.89e-05, 6323.5372, 33.7793, 2.7640, 14.8926
32.6450, 6.36e-05, 6323.5616, 33.7699, 2.7645, 14.8212
32.6500, 5.54e-05, 6323.5857, 33.7606, 2.7650, 14.7496
32.6550, 5.21e-05, 6323.6097, 33.7513, 2.7656, 14.6781
32.6600, 5.44e-05, 6323.6334, 33.7421, 2.7661, 14.6064
32.6650, 0.0001217, 6323.6568, 33.7330, 2.7666, 14.5347
32.6700, 0.0001153, 6323.6801, 33.7240, 2.7671, 14.4629
32.6750, 0.0001207, 6323.7031, 33.7150, 2.7676, 14.3910
32.6800, 6.83e-05, 6323.7259, 33.7060, 2.7681, 14.3191
32.6850, 5.89e-05, 6323.7484, 33.6972, 2.7686, 14.2470
32.6900, 7.22e-05, 6323.7707, 33.6884, 2.7691, 14.1750
32.6950, 5.37e-05, 6323.7928, 33.6796, 2.7697, 14.1028
32.7000, 5.18e-05, 6323.8147, 33.6710, 2.7702, 14.0306
32.7050, 5.3e-05, 6323.8363, 33.6624, 2.7707, 13.9583
32.7100, 5.11e-05, 6323.8577, 33.6539, 2.7712, 13.8859
32.7150, 5.05e-05, 6323.8789, 33.6454, 2.7717, 13.8135
32.7200, 5.06e-05, 6323.8998, 33.6370, 2.7722, 13.7410
32.7250, 6.67e-05, 6323.9205, 33.6287, 2.7727, 13.6684
32.7300, 5.47e-05, 6323.9410, 33.6204, 2.7732, 13.5957
32.7350, 4.95e-05, 6323.9613, 33.6122, 2.7737, 13.5230
32.7400, 5.27e-05, 6323.9813, 33.6040, 2.7742, 13.4502
32.7450, 5.16e-05, 6324.0011, 33.5960, 2.7747, 13.3773
32.7500, 5.98e-05, 6324.0206, 33.5880, 2.7752, 13.3044
32.7550, 6.83e-05, 6324.0399, 33.5800, 2.7757, 13.2314
32.7600, 5.41e-05, 6324.0590, 33.5722, 2.7762, 13.1583
32.7650, 5.15e-05, 6324.0779, 33.5644, 2.7767, 13.0852
32.7700, 5.08e-05, 6324.0965, 33.5566, 2.7772, 13.0120
32.7750, 5.14e-05, 6324.1149, 33.5489, 2.7777, 12.9387
32.7800, 5.24e-05, 6324.1331, 33.5413, 2.7782, 12.8653
32.7850, 5.1e-05, 6324.1511, 33.5338, 2.7787, 12.7919
32.7900, 6.15e-05, 6324.1688, 33.5263, 2.7792, 12.7184
32.7950, 5.47e-05, 6324.1862, 33.5189, 2.7797, 12.6448
32.8000, 5.54e-05, 6324.2035, 33.5116, 2.7802, 12.5712
32.8050, 7.99e-05, 6324.2205, 33.5043, 2.7807, 12.4975
32.8100, 4.96e-05, 6324.2373, 33.4971, 2.7812, 12.4237
32.8150, 7.96e-05, 6324.2539, 33.4899, 2.7816, 12.3499
32.8200, 6.42e-05, 6324.2702, 33.4829, 2.7821, 12.2760
32.8250, 5e-05, 6324.2863, 33.4759, 2.7826, 12.2020
32.8300, 5.16e-05, 6324.3022, 33.4689, 2.7831, 12.1279
32.8350, 5.23e-05, 6324.3178, 33.4620, 2.7836, 12.0538
32.8400, 5.06e-05, 6324.3333, 33.4552, 2.7841, 11.9796
32.8450, 4.99e-05, 6324.3484, 33.4485, 2.7845, 11.9054
32.8500, 6.26e-05, 6324.3634, 33.4418, 2.7850, 11.8310
32.8550, 5.41e-05, 6324.3781, 33.4352, 2.7855, 11.7566
32.8600, 4.96e-05, 6324.3926, 33.4287, 2.7860, 11.6822
32.8650, 5.1e-05, 6324.4069, 33.4222, 2.7864, 11.6076
32.8700, 5.09e-05, 6324.4209, 33.4158, 2.7869, 11.5330
32.8750, 4.86e-05, 6324.4347, 33.4094, 2.7874, 11.4583
32.8800, 5.27e-05, 6324.4483, 33.4031, 2.7879, 11.3836
32.8850, 5.99e-05, 6324.4617, 33.3969, 2.7883, 11.3088
32.8900, 5.28e-05, 6324.4748, 33.3908, 2.7888, 11.2339
32.8950, 5.67e-05, 6324.4877, 33.3847, 2.7893, 11.1590
32.9000, 5.13e-05, 6324.5003, 33.3787, 2.7897, 11.0840
32.9050, 4.94e-05, 6324.5128, 33.3728, 2.7902, 11.0089
32.9100, 5.15e-05, 6324.5250, 33.3669, 2.7906, 10.9337
32.9150, 4.91e-05, 6324.5369, 33.3611, 2.7911, 10.8585
32.9200, 6.03e-05, 6324.5487, 33.3553, 2.7916, 10.7832
32.9250, 5.4e-05, 6324.5602, 33.3497, 2.7920, 10.7079
32.9300, 4.92e-05, 6324.5715, 33.3441, 2.7925, 10.6324
32.9350, 4.85e-05, 6324.5825, 33.3385, 2.7929, 10.5570
32.9400, 4.83e-05, 6324.5934, 33.3330, 2.7934, 10.4814
32.9450, 5.09e-05, 6324.6040, 33.3276, 2.7938, 10.4058
32.9500, 4.84e-05, 6324.6143, 33.3223, 2.7943, 10.3301
32.9550, 5.92e-05, 6324.6245, 33.3170, 2.7947, 10.2543
32.9600, 5e-05, 6324.6344, 33.3118, 2.7951, 10.1785
32.9650, 6.41e-05, 6324.6441, 33.3067, 2.7956, 10.1026
32.9700, 5.17e-05, 6324.6535, 33.3016, 2.7960, 10.0266
32.9750, 4.91e-05, 6324.6627, 33.2966, 2.7965, 9.9506
32.9800, 4.87e-05, 6324.6717, 33.2917, 2.7969, 9.8745
32.9850, 5.06e-05, 6324.6805, 33.2868, 2.7973, 9.7984
32.9900, 6.66e-05, 6324.6890, 33.2820, 2.7978, 9.7221
32.9950, 5.02e-05, 6324.6974, 33.2773, 2.7982, 9.6458
33.0000, 5.09e-05, 6324.7054, 33.2726, 2.7986, 9.5695
33.0050, 4.87e-05, 6324.7133, 33.2680, 2.7990, 9.4931
33.0100, 4.86e-05, 6324.7209, 33.2634, 2.7995, 9.4166
33.0150, 5.07e-05, 6324.7283, 33.2590, 2.7999, 9.3400
33.0200, 5.35e-05, 6324.7355, 33.2546, 2.8003, 9.2634
33.0250, 6.2e-05, 6324.7424, 33.2502, 2.8007, 9.1867
33.0300, 4.97e-05, 6324.7491, 33.2460, 2.8011, 9.1099
33.0350, 4.87e-05, 6324.7556, 33.2418, 2.8015, 9.0331
33.0400, 5.09e-05, 6324.7618, 33.2377, 2.8020, 8.9562
33.0450, 5.24e-05, 6324.7679, 33.2336, 2.8024, 8.8793
33.0500, 4.93e-05, 6324.7736, 33.2296, 2.8028, 8.8023
33.0550, 5.05e-05, 6324.7792, 33.2257, 2.8032, 8.7252
33.0600, 6.09e-05, 6324.7845, 33.2218, 2.8036, 8.6480
33.0650, 4.96e-05, 6324.7897, 33.2180, 2.8040, 8.5708
33.0700, 4.97e-05, 6324.7945, 33.2143, 2.8044, 8.4935
33.0750, 5.1e-05, 6324.7992, 33.2106, 2.8047, 8.4162
33.0800, 4.85e-05, 6324.8036, 33.2070, 2.8051, 8.3388
33.0850, 4.83e-05, 6324.8078, 33.2035, 2.8055, 8.2613
33.0900, 4.86e-05, 6324.8118, 33.2000, 2.8059, 8.1838
33.0950, 6.26e-05, 6324.8155, 33.1966, 2.8063, 8.1062
33.1000, 4.95e-05, 6324.8190, 33.1933, 2.8067, 8.0285
33.1050, 4.9e-05, 6324.8223, 33.1901, 2.8070, 7.9508
33.1100, 6.55e-05, 6324.8254, 33.1869, 2.8074, 7.8730
33.1150, 5.56e-05, 6324.8282, 33.1838, 2.8078, 7.7952
33.1200, 4.86e-05, 6324.8308, 33.1807, 2.8082, 7.7172
33.1250, 5.84e-05, 6324.8331, 33.1777, 2.8085, 7.6393
33.1300, 6.01e-05, 6324.8353, 33.1748, 2.8089, 7.5612
33.1350, 4.94e-05, 6324.8372, 33.1719, 2.8093, 7.4831
33.1400, 4.9e-05, 6324.8389, 33.1692, 2.8096, 7.4049
33.1450, 4.85e-05, 6324.8403, 33.1664, 2.8100, 7.3267
33.1500, 5.05e-05, 6324.8416, 33.1638, 2.8103, 7.2484
33.1550, 4.86e-05, 6324.8426, 33.1612, 2.8107, 7.1701
33.1600, 6.01e-05, 6324.8433, 33.1587, 2.8110, 7.0916
33.1650, 5.07e-05, 6324.8439, 33.1562, 2.8114, 7.0132
33.1700, 5.17e-05, 6324.8442, 33.1538, 2.8117, 6.9346
33.1750, 4.91e-05, 6324.8443, 33.1515, 2.8120, 6.8560
33.1800, 4.88e-05, 6324.8442, 33.1493, 2.8124, 6.7773
33.1850, 5.06e-05, 6324.8438, 33.1471, 2.8127, 6.6986
33.1900, 4.88e-05, 6324.8432, 33.1450, 2.8130, 6.6198
33.1950, 5.9e-05, 6324.8424, 33.1430, 2.8134, 6.5410
33.2000, 5.07e-05, 6324.8413, 33.1410, 2.8137, 6.4620
33.2050, 5.05e-05, 6324.8401, 33.1391, 2.8140, 6.3831
33.2100, 4.85e-05, 6324.8386, 33.1372, 2.8143, 6.3040
33.2150, 5.23e-05, 6324.8368, 33.1354, 2.8146, 6.2249
33.2200, 4.94e-05, 6324.8349, 33.1337, 2.8149, 6.1458
33.2250, 5.1e-05, 6324.8327, 33.1321, 2.8153, 6.0666
33.2300, 5.87e-05, 6324.8303, 33.1305, 2.8156, 5.9873
33.2350, 5.13e-05, 6324.8276, 33.1290, 2.8159, 5.9079
33.2400, 5.2e-05, 6324.8248, 33.1276, 2.8162, 5.8285
33.2450, 4.89e-05, 6324.8217, 33.1262, 2.8165, 5.7491
33.2500, 4.84e-05, 6324.8184, 33.1249, 2.8167, 5.6696
33.2550, 4.85e-05, 6324.8148, 33.1237, 2.8170, 5.5900
33.2600, 5.34e-05, 6324.8110, 33.1225, 2.8173, 5.5103
33.2650, 6.26e-05, 6324.8070, 33.1214, 2.8176, 5.4306
33.2700, 5.27e-05, 6324.8028, 33.1203, 2.8179, 5.3509
33.2750, 5.21e-05, 6324.7983, 33.1194, 2.8182, 5.2711
33.2800, 5.49e-05, 6324.7937, 33.1185, 2.8184, 5.1912
33.2850, 5.1e-05, 6324.7887, 33.1176, 2.8187, 5.1113
33.2900, 5.11e-05, 6324.7836, 33.1169, 2.8190, 5.0313
33.2950, 5.1e-05, 6324.7782, 33.1162, 2.8192, 4.9512
33.3000, 7.44e-05, 6324.7726, 33.1155, 2.8195, 4.8711
33.3050, 5.13e-05, 6324.7668, 33.1150, 2.8197, 4.7909
33.3100, 5.12e-05, 6324.7608, 33.1145, 2.8200, 4.7107
33.3150, 5.45e-05, 6324.7545, 33.1140, 2.8202, 4.6304
33.3200, 5.01e-05, 6324.7480, 33.1137, 2.8205, 4.5501
33.3250, 5.25e-05, 6324.7413, 33.1134, 2.8207, 4.4697
33.3300, 5.12e-05, 6324.7343, 33.1131, 2.8210, 4.3892
33.3350, 6.48e-05, 6324.7271, 33.1130, 2.8212, 4.3087
33.3400, 5.08e-05, 6324.7197, 33.1129, 2.8214, 4.2282
33.3450, 4.82e-05, 6324.7121, 33.1129, 2.8216, 4.1475
33.3500, 4.95e-05, 6324.7042, 33.1129, 2.8219, 4.0669
33.3550, 5.4e-05, 6324.6962, 33.1130, 2.8221, 3.9861
33.3600, 5.01e-05, 6324.6878, 33.1132, 2.8223, 3.9053
33.3650, 5.16e-05, 6324.6793, 33.1134, 2.8225, 3.8245
33.3700, 5.57e-05, 6324.6705, 33.1137, 2.8227, 3.7436
33.3750, 5.05e-05, 6324.6615, 33.1141, 2.8229, 3.6626
33.3800, 5.51e-05, 6324.6523, 33.1145, 2.8231, 3.5816
33.3850, 5.16e-05, 6324.6429, 33.1150, 2.8233, 3.5005
33.3900, 7.58e-05, 6324.6332, 33.1156, 2.8235, 3.4194
33.3950, 5.95e-05, 6324.6233, 33.1162, 2.8237, 3.3382
33.4000, 5.45e-05, 6324.6132, 33.1170, 2.8239, 3.2570
33.4050, 5.46e-05, 6324.6028, 33.1177, 2.8241, 3.1757
33.4100, 6.44e-05, 6324.5922, 33.1186, 2.8242, 3.0944
33.4150, 5.06e-05, 6324.5814, 33.1195, 2.8244, 3.0130
33.4200, 5.11e-05, 6324.5704, 33.1205, 2.8246, 2.9315
33.4250, 5.28e-05, 6324.5591, 33.1215, 2.8248, 2.8500
33.4300, 6.85e-05, 6324.5477, 33.1226, 2.8249, 2.7685
33.4350, 5.2e-05, 6324.5360, 33.1238, 2.8251, 2.6868
33.4400, 5.02e-05, 6324.5240, 33.1250, 2.8252, 2.6052
33.4450, 5.31e-05, 6324.5119, 33.1263, 2.8254, 2.5235
33.4500, 5.03e-05, 6324.4995, 33.1277, 2.8255, 2.4417
33.4550, 5.56e-05, 6324.4869, 33.1291, 2.8257, 2.3599
33.4600, 6.33e-05, 6324.4740, 33.1306, 2.8258, 2.2780
33.4650, 5.39e-05, 6324.4609, 33.1322, 2.8259, 2.1961
33.4700, 5.13e-05, 6324.4477, 33.1339, 2.8261, 2.1141
33.4750, 4.94e-05, 6324.4341, 33.1356, 2.8262, 2.0321
33.4800, 5.05e-05, 6324.4204, 33.1373, 2.8263, 1.9500
33.4850, 5.31e-05, 6324.4064, 33.1392, 2.8264, 1.8679
33.4900, 5.18e-05, 6324.3922, 33.1411, 2.8265, 1.7857
33.4950, 6.06e-05, 6324.3778, 33.1431, 2.8267, 1.7035
33.5000, 5.48e-05, 6324.3632, 33.1451, 2.8268, 1.6212
33.5050, 5.12e-05, 6324.3483, 33.1472, 2.8269, 1.5388
33.5100, 4.91e-05, 6324.3332, 33.1494, 2.8270, 1.4565
33.5150, 5.01e-05, 6324.3179, 33.1516, 2.8270, 1.3740
33.5200, 5.16e-05, 6324.3023, 33.1539, 2.8271, 1.2916
33.5250, 4.81e-05, 6324.2865, 33.1563, 2.8272, 1.2090
33.5300, 5.88e-05, 6324.2705, 33.1587, 2.8273, 1.1264
33.5350, 5.5e-05, 6324.2543, 33.1612, 2.8274, 1.0438
33.5400, 5.32e-05, 6324.2379, 33.1638, 2.8274, 0.9611
33.5450, 4.91e-05, 6324.2212, 33.1664, 2.8275, 0.8784
33.5500, 4.83e-05, 6324.2043, 33.1691, 2.8276, 0.7956
33.5550, 4.88e-05, 6324.1872, 33.1719, 2.8276, 0.7128
33.5600, 5.04e-05, 6324.1698, 33.1747, 2.8277, 0.6300
33.5650, 6.27e-05, 6324.1522, 33.1776, 2.8277, 0.5470
33.5700, 5.25e-05, 6324.1344, 33.1806, 2.8278, 0.4641
33.5750, 5.29e-05, 6324.1164, 33.1836, 2.8278, 0.3811
33.5800, 5.1e-05, 6324.0981, 33.1867, 2.8279, 0.2980
33.5850, 5.14e-05, 6324.0797, 33.1899, 2.8279, 0.2149
33.5900, 4.84e-05, 6324.0610, 33.1931, 2.8279, 0.1318
33.5950, 5.22e-05, 6324.0420, 33.1964, 2.8280, 0.0486
33.6000, 6.4e-05, 6324.0229, 33.1998, 2.8280, -0.0347
33.6050, 5.15e-05, 6324.0035, 33.2032, 2.8280, -0.1180
33.6100, 5.1e-05, 6323.9839, 33.2067, 2.8280, -0.2013
33.6150, 5.37e-05, 6323.9641, 33.2103, 2.8280, -0.2847
33.6200, 9.73e-05, 6323.9440, 33.2139, 2.8280, -0.3681
33.6250, 0.000145, 6323.9237, 33.2176, 2.8280, -0.4515
33.6300, 0.0001639, 6323.9032, 33.2213, 2.8280, -0.5351
33.6350, 9.41e-05, 6323.8825, 33.2251, 2.8280, -0.6186
33.6400, 9.61e-05, 6323.8615, 33.2290, 2.8280, -0.7022
33.6450, 0.0001269, 6323.8403, 33.2330, 2.8280, -0.7858
33.6500, 0.0001139, 6323.8189, 33.2370, 2.8279, -0.8695
33.6550, 0.0001722, 6323.7973, 33.2411, 2.8279, -0.9532
33.6600, 0.0001477, 6323.7755, 33.2452, 2.8279, -1.0370
33.6650, 7.55e-05, 6323.7534, 33.2494, 2.8278, -1.1208
33.6700, 0.0001019, 6323.7311, 33.2537, 2.8278, -1.2047
33.6750, 0.0001257, 6323.7085, 33.2581, 2.8277, -1.2886
33.6800, 0.0001058, 6323.6858, 33.2625, 2.8277, -1.3725
33.6850, 0.0001014, 6323.6628, 33.2669, 2.8276, -1.4565
33.6900, 0.0001345, 6323.6396, 33.2715, 2.8276, -1.5405
33.6950, 9.71e-05, 6323.6162, 33.2761, 2.8275, -1.6245
33.7000, 0.0001006, 6323.5925, 33.2808, 2.8274, -1.7086
33.7050, 9.53e-05, 6323.5687, 33.2855, 2.8274, -1.7928
33.7100, 0.0001103, 6323.5446, 33.2903, 2.8273, -1.8770
33.7150, 9.2e-05, 6323.5202, 33.2952, 2.8272, -1.9612
33.7200, 9.59e-05, 6323.4957, 33.3001, 2.8271, -2.0454
33.7250, 9.47e-05, 6323.4709, 33.3051, 2.8270, -2.1297
33.7300, 9.26e-05, 6323.4459, 33.3101, 2.8269, -2.2140
33.7350, 0.0001076, 6323.4207, 33.3153, 2.8268, -2.2984
33.7400, 9.64e-05, 6323.3952, 33.3205, 2.8267, -2.3828
33.7450, 0.0001082, 6323.3696, 33.3257, 2.8266, -2.4673
33.7500, 9.01e-05, 6323.3437, 33.3310, 2.8265, -2.5518
33.7550, 9.49e-05, 6323.3175, 33.3364, 2.8264, -2.6363
33.7600, 9.44e-05, 6323.2912, 33.3419, 2.8263, -2.7208
33.7650, 0.0001063, 6323.2646, 33.3474, 2.8262, -2.8054
33.7700, 9.1e-05, 6323.2378, 33.3529, 2.8260, -2.8901
33.7750, 9.42e-05, 6323.2108, 33.3586, 2.8259, -2.9747
33.7800, 0.0001152, 6323.1836, 33.3643, 2.8258, -3.0594
33.7850, 0.0001073, 6323.1561, 33.3701, 2.8256, -3.1442
33.7900, 8.9e-05, 6323.1284, 33.3759, 2.8255, -3.2289
33.7950, 9.51e-05, 6323.1005, 33.3818, 2.8253, -3.3137
33.8000, 9.24e-05, 6323.0724, 33.3877, 2.8252, -3.3986
33.8050, 0.0001067, 6323.0440, 33.3938, 2.8250, -3.4835
33.8100, 9.05e-05, 6323.0154, 33.3999, 2.8248, -3.5684
33.8150, 9.05e-05, 6322.9866, 33.4060, 2.8247, -3.6533
33.8200, 9.07e-05, 6322.9576, 33.4122, 2.8245, -3.7383
33.8250, 0.0001109, 6322.9283, 33.4185, 2.8243, -3.8233
33.8300, 9.53e-05, 6322.8988, 33.4249, 2.8241, -3.9083
33.8350, 9.39e-05, 6322.8691, 33.4313, 2.8239, -3.9934
33.8400, 0.0001057, 6322.8392, 33.4377, 2.8237, -4.0785
33.8450, 9.2e-05, 6322.8091, 33.4443, 2.8235, -4.1637
33.8500, 9.52e-05, 6322.7787, 33.4509, 2.8233, -4.2488
33.8550, 9.38e-05, 6322.7481, 33.4575, 2.8231, -4.3340
33.8600, 0.0001049, 6322.7173, 33.4643, 2.8229, -4.4193
33.8650, 9.17e-05, 6322.6862, 33.4711, 2.8227, -4.5045
33.8700, 0.0001082, 6322.6549, 33.4779, 2.8225, -4.5898
33.8750, 9.35e-05, 6322.6234, 33.4848, 2.8223, -4.6751
33.8800, 0.0001065, 6322.5917, 33.4918, 2.8220, -4.7605
33.8850, 9.03e-05, 6322.5598, 33.4989, 2.8218, -4.8458
33.8900, 9.59e-05, 6322.5276, 33.5060, 2.8216, -4.9313
33.8950, 8.82e-05, 6322.4952, 33.5131, 2.8213, -5.0167
33.9000, 0.0001062, 6322.4626, 33.5204, 2.8211, -5.1021
33.9050, 9.51e-05, 6322.4298, 33.5277, 2.8208, -5.1876
33.9100, 9.38e-05, 6322.3967, 33.5350, 2.8206, -5.2732
33.9150, 0.0001231, 6322.3634, 33.5425, 2.8203, -5.3587
33.9200, 9.25e-05, 6322.3299, 33.5499, 2.8201, -5.4443
33.9250, 8.92e-05, 6322.2962, 33.5575, 2.8198, -5.5299
33.9300, 9.31e-05, 6322.2623, 33.5651, 2.8195, -5.6155
33.9350, 0.0001037, 6322.2281, 33.5728, 2.8192, -5.7011
33.9400, 9.2e-05, 6322.1937, 33.5805, 2.8190, -5.7868
33.9450, 9.68e-05, 6322.1591, 33.5883, 2.8187, -5.8725
33.9500, 9.02e-05, 6322.1242, 33.5962, 2.8184, -5.9582
33.9550, 0.0001057, 6322.0891, 33.6041, 2.8181, -6.0440
33.9600, 0.0001076, 6322.0539, 33.6121, 2.8178, -6.1297
33.9650, 9.67e-05, 6322.0183, 33.6202, 2.8175, -6.2155
33.9700, 8.96e-05, 6321.9826, 33.6283, 2.8172, -6.3013
33.9750, 0.0001057, 6321.9466, 33.6364, 2.8169, -6.3872
33.9800, 9.58e-05, 6321.9105, 33.6447, 2.8166, -6.4730
33.9850, 9.34e-05, 6321.8740, 33.6530, 2.8163, -6.5589
33.9900, 9.04e-05, 6321.8374, 33.6614, 2.8159, -6.6448
33.9950, 0.0001062, 6321.8006, 33.6698, 2.8156, -6.7307
34.0000, 9.54e-05, 6321.7635, 33.6783, 2.8153, -6.8167
34.0050, 0.0001097, 6321.7262, 33.6868, 2.8149, -6.9026
34.0100, 9.06e-05, 6321.6887, 33.6954, 2.8146, -6.9886
34.0150, 9.36e-05, 6321.6509, 33.7041, 2.8143, -7.0746
34.0200, 9.78e-05, 6321.6130, 33.7128, 2.8139, -7.1607
34.0250, 9.06e-05, 6321.5748, 33.7216, 2.8136, -7.2467
34.0300, 0.0001, 6321.5364, 33.7305, 2.8132, -7.3328
34.0350, 8.87e-05, 6321.4977, 33.7394, 2.8129, -7.4188
34.0400, 0.0001, 6321.4589, 33.7484, 2.8125, -7.5049
34.0450, 9.19e-05, 6321.4198, 33.7574, 2.8121, -7.5910
34.0500, 0.0001268, 6321.3805, 33.7665, 2.8118, -7.6772
34.0550, 9.86e-05, 6321.3409, 33.7757, 2.8114, -7.7633
34.0600, 9.46e-05, 6321.3012, 33.7849, 2.8110, -7.8495
34.0650, 8.58e-05, 6321.2612, 33.7942, 2.8106, -7.9357
34.0700, 0.0001155, 6321.2210, 33.8036, 2.8103, -8.0219
34.0750, 9.85e-05, 6321.1806, 33.8130, 2.8099, -8.1081
34.0800, 9.13e-05, 6321.1400, 33.8225, 2.8095, -8.1943
34.0850, 0.0001096, 6321.0991, 33.8320, 2.8091, -8.2805
34.0900, 9.36e-05, 6321.0580, 33.8416, 2.8087, -8.3668
34.0950, 0.0001193, 6321.0167, 33.8513, 2.8083, -8.4530
34.1000, 9.22e-05, 6320.9752, 33.8610, 2.8079, -8.5393
34.1050, 0.0001137, 6320.9334, 33.8707, 2.8074, -8.6256
34.1100, 9.06e-05, 6320.8915, 33.8806, 2.8070, -8.7119
34.1150, 9.44e-05, 6320.8493, 33.8905, 2.8066, -8.7982
34.1200, 8.9e-05, 6320.8068, 33.9004, 2.8062, -8.8845
34.1250, 0.000109, 6320.7642, 33.9105, 2.8058, -8.9709
34.1300, 0.0001014, 6320.7213, 33.9205, 2.8053, -9.0572
34.1350, 0.0001146, 6320.6783, 33.9307, 2.8049, -9.1436
34.1400, 0.0001074, 6320.6349, 33.9409, 2.8045, -9.2299
34.1450, 0.0001007, 6320.5914, 33.9512, 2.8040, -9.3163
34.1500, 9.64e-05, 6320.5477, 33.9615, 2.8036, -9.4027
34.1550, 9.22e-05, 6320.5037, 33.9719, 2.8031, -9.4891
34.1600, 0.0001147, 6320.4595, 33.9823, 2.8027, -9.5755
34.1650, 0.0001035, 6320.4151, 33.9928, 2.8022, -9.6619
34.1700, 0.0001, 6320.3704, 34.0034, 2.8018, -9.7483
34.1750, 9.3e-05, 6320.3256, 34.0140, 2.8013, -9.8347
34.1800, 0.0001009, 6320.2805, 34.0247, 2.8008, -9.9212
34.1850, 9.4e-05, 6320.2352, 34.0354, 2.8004, -10.0076
34.1900, 9.61e-05, 6320.1896, 34.0462, 2.7999, -10.0940
34.1950, 0.0001098, 6320.1439, 34.0571, 2.7994, -10.1805
34.2000, 9.81e-05, 6320.0979, 34.0680, 2.7989, -10.2669
34.2050, 9.39e-05, 6320.0517, 34.0790, 2.7985, -10.3534
34.2100, 8.77e-05, 6320.0053, 34.0900, 2.7980, -10.4398
34.2150, 0.0001091, 6319.9587, 34.1011, 2.7975, -10.5263
34.2200, 0.0001163, 6319.9118, 34.1123, 2.7970, -10.6127
34.2250, 9.06e-05, 6319.8647, 34.1235, 2.7965, -10.6992
34.2300, 8.74e-05, 6319.8174, 34.1348, 2.7960, -10.7857
34.2350, 0.0001101, 6319.7699, 34.1461, 2.7955, -10.8721
34.2400, 0.0006387, 6319.7221, 34.1575, 2.7950, -10.9586
34.2450, 9.72e-05, 6319.6742, 34.1690, 2.7945, -11.0451
34.2500, 9.15e-05, 6319.6260, 34.1805, 2.7940, -11.1315
34.2550, 9.13e-05, 6319.5776, 34.1921, 2.7935, -11.2180
34.2600, 0.0005089, 6319.5289, 34.2037, 2.7930, -11.3045
34.2650, 9.14e-05, 6319.4801, 34.2154, 2.7924, -11.3909
34.2700, 0.0001834, 6319.4310, 34.2271, 2.7919, -11.4774
34.2750, 9.74e-05, 6319.3817, 34.2389, 2.7914, -11.5639
34.2800, 0.0001019, 6319.3322, 34.2508, 2.7909, -11.6503
34.2850, 9.43e-05, 6319.2824, 34.2627, 2.7903, -11.7368
34.2900, 9.56e-05, 6319.2325, 34.2747, 2.7898, -11.8232
34.2950, 9.57e-05, 6319.1823, 34.2868, 2.7893, -11.9097
34.3000, 9.95e-05, 6319.1319, 34.2989, 2.7887, -11.9961
34.3050, 9.55e-05, 6319.0812, 34.3110, 2.7882, -12.0826
34.3100, 0.0001013, 6319.0304, 34.3232, 2.7876, -12.1690
34.3150, 9.7e-05, 6318.9793, 34.3355, 2.7871, -12.2554
34.3200, 9.62e-05, 6318.9280, 34.3478, 2.7865, -12.3418
34.3250, 9.5e-05, 6318.8765, 34.3602, 2.7860, -12.4282
34.3300, 8.86e-05, 6318.8248, 34.3727, 2.7854, -12.5147
34.3350, 6.11e-05, 6318.7728, 34.3852, 2.7849, -12.6011
34.3400, 5.48e-05, 6318.7206, 34.3978, 2.7843, -12.6874
34.3450, 5.39e-05, 6318.6682, 34.4104, 2.7837, -12.7738
34.3500, 5.39e-05, 6318.6156, 34.4231, 2.7832, -12.8602
34.3550, 5.56e-05, 6318.5627, 34.4358, 2.7826, -12.9466
34.3600, 5.37e-05, 6318.5097, 34.4486, 2.7820, -13.0329
34.3650, 5.36e-05, 6318.4564, 34.4614, 2.7815, -13.1193
34.3700, 5.34e-05, 6318.4029, 34.4743, 2.7809, -13.2056
34.3750, 5.32e-05, 6318.3491, 34.4873, 2.7803, -13.2919
34.3800, 4.88e-05, 6318.2952, 34.5003, 2.7797, -13.3782
34.3850, 4.9e-05, 6318.2410, 34.5134, 2.7792, -13.4645
34.3900, 5.03e-05, 6318.1866, 34.5266, 2.7786, -13.5508
34.3950, 4.88e-05, 6318.1320, 34.5397, 2.7780, -13.6371
34.4000, 4.86e-05, 6318.0772, 34.5530, 2.7774, -13.7233
34.4050, 4.81e-05, 6318.0221, 34.5663, 2.7768, -13.8096
34.4100, 5.03e-05, 6317.9668, 34.5797, 2.7762, -13.8958
34.4150, 4.9e-05, 6317.9113, 34.5931, 2.7756, -13.9820
34.4200, 4.84e-05, 6317.8556, 34.6066, 2.7750, -14.0682
34.4250, 4.8e-05, 6317.7997, 34.6201, 2.7744, -14.1544
34.4300, 5.02e-05, 6317.7435, 34.6337, 2.7738, -14.2405
34.4350, 4.81e-05, 6317.6871, 34.6473, 2.7732, -14.3267
34.4400, 4.78e-05, 6317.6305, 34.6610, 2.7726, -14.4128
34.4450, 4.82e-05, 6317.5737, 34.6748, 2.7720, -14.4989
34.4500, 5.01e-05, 6317.5167, 34.6886, 2.7714, -14.5850
34.4550, 4.79e-05, 6317.4594, 34.7025, 2.7708, -14.6711
34.4600, 5.58e-05, 6317.4019, 34.7164, 2.7702, -14.7571
34.4650, 6.69e-05, 6317.3442, 34.7304, 2.7695, -14.8431
34.4700, 4.92e-05, 6317.2863, 34.7444, 2.7689, -14.9291
34.4750, 4.84e-05, 6317.2281, 34.7585, 2.7683, -15.0151
34.4800, 4.86e-05, 6317.1697, 34.7727, 2.7677, -15.1011
34.4850, 5.1e-05, 6317.1111, 34.7869, 2.7671, -15.1870
34.4900, 4.81e-05, 6317.0523, 34.8011, 2.7664, -15.2729
34.4950, 4.76e-05, 6316.9933, 34.8155, 2.7658, -15.3588
34.5000, 6.04e-05, 6316.9340, 34.8298, 2.7652, -15.4447
34.5050, 5.15e-05, 6316.8745, 34.8443, 2.7645, -15.5305
34.5100, 4.82e-05, 6316.8149, 34.8587, 2.7639, -15.6164
34.5150, 4.8e-05, 6316.7549, 34.8733, 2.7633, -15.7022
34.5200, 5e-05, 6316.6948, 34.8879, 2.7626, -15.7879
34.5250, 4.82e-05, 6316.6344, 34.9025, 2.7620, -15.8737
34.5300, 4.79e-05, 6316.5739, 34.9172, 2.7614, -15.9594
34.5350, 5.91e-05, 6316.5131, 34.9320, 2.7607, -16.0451
34.5400, 5.14e-05, 6316.4520, 34.9468, 2.7601, -16.1307
34.5450, 5.54e-05, 6316.3908, 34.9616, 2.7595, -16.2164
34.5500, 4.94e-05, 6316.3293, 34.9766, 2.7588, -16.3020
34.5550, 4.83e-05, 6316.2676, 34.9915, 2.7582, -16.3875
34.5600, 5.09e-05, 6316.2057, 35.0066, 2.7575, -16.4731
34.5650, 4.8e-05, 6316.1436, 35.0217, 2.7569, -16.5586
34.5700, 5.89e-05, 6316.0813, 35.0368, 2.7562, -16.6441
34.5750, 5.19e-05, 6316.0187, 35.0520, 2.7556, -16.7295
34.5800, 4.97e-05, 6315.9559, 35.0672, 2.7549, -16.8149
34.5850, 4.83e-05, 6315.8929, 35.0825, 2.7543, -16.9003
34.5900, 4.83e-05, 6315.8297, 35.0979, 2.7536, -16.9857
34.5950, 5.03e-05, 6315.7662, 35.1133, 2.7530, -17.0710
34.6000, 4.81e-05, 6315.7026, 35.1288, 2.7523, -17.1563
34.6050, 5.89e-05, 6315.6387, 35.1443, 2.7516, -17.2415
34.6100, 5.77e-05, 6315.5746, 35.1598, 2.7510, -17.3267
34.6150, 5.26e-05, 6315.5102, 35.1755, 2.7503, -17.4119
34.6200, 4.9e-05, 6315.4457, 35.1911, 2.7497, -17.4970
34.6250, 4.88e-05, 6315.3809, 35.2069, 2.7490, -17.5821
34.6300, 5.68e-05, 6315.3159, 35.2227, 2.7483, -17.6672
34.6350, 5.23e-05, 6315.2507, 35.2385, 2.7477, -17.7522
34.6400, 5.94e-05, 6315.1853, 35.2544, 2.7470, -17.8372
34.6450, 4.99e-05, 6315.1196, 35.2703, 2.7464, -17.9222
34.6500, 5.07e-05, 6315.0537, 35.2863, 2.7457, -18.0071
34.6550, 7.07e-05, 6314.9876, 35.3024, 2.7450, -18.0919
34.6600, 6e-05, 6314.9213, 35.3185, 2.7444, -18.1767
34.6650, 5.08e-05, 6314.8548, 35.3346, 2.7437, -18.2615
34.6700, 6.43e-05, 6314.7880, 35.3508, 2.7430, -18.3463
34.6750, 5.08e-05, 6314.7211, 35.3671, 2.7424, -18.4310
34.6800, 4.9e-05, 6314.6539, 35.3834, 2.7417, -18.5156
34.6850, 4.9e-05, 6314.5864, 35.3998, 2.7410, -18.6002
34.6900, 5.05e-05, 6314.5188, 35.4162, 2.7403, -18.6848
34.6950, 4.88e-05, 6314.4510, 35.4326, 2.7397, -18.7693
34.7000, 4.82e-05, 6314.3829, 35.4492, 2.7390, -18.8538
34.7050, 6.12e-05, 6314.3146, 35.4657, 2.7383, -18.9382
34.7100, 5.76e-05, 6314.2461, 35.4824, 2.7377, -19.0226
34.7150, 5e-05, 6314.1773, 35.4990, 2.7370, -19.1070
34.7200, 4.92e-05, 6314.1084, 35.5158, 2.7363, -19.1913
34.7250, 5.06e-05, 6314.0392, 35.5326, 2.7356, -19.2755
34.7300, 4.84e-05, 6313.9698, 35.5494, 2.7350, -19.3597
34.7350, 4.78e-05, 6313.9002, 35.5663, 2.7343, -19.4439
34.7400, 6.72e-05, 6313.8303, 35.5832, 2.7336, -19.5280
34.7450, 5.27e-05, 6313.7603, 35.6002, 2.7329, -19.6120
34.7500, 4.81e-05, 6313.6900, 35.6172, 2.7323, -19.6960
34.7550, 4.85e-05, 6313.6195, 35.6343, 2.7316, -19.7799
34.7600, 4.82e-05, 6313.5488, 35.6515, 2.7309, -19.8638
34.7650, 5.05e-05, 6313.4778, 35.6687, 2.7302, -19.9477
34.7700, 4.83e-05, 6313.4067, 35.6859, 2.7295, -20.0315
34.7750, 5.9e-05, 6313.3353, 35.7032, 2.7289, -20.1152
34.7800, 5.33e-05, 6313.2637, 35.7205, 2.7282, -20.1989
34.7850, 4.86e-05, 6313.1919, 35.7379, 2.7275, -20.2825
34.7900, 4.86e-05, 6313.1198, 35.7554, 2.7268, -20.3661
34.7950, 5.63e-05, 6313.0476, 35.7729, 2.7262, -20.4496
34.8000, 5.24e-05, 6312.9751, 35.7904, 2.7255, -20.5330
34.8050, 4.88e-05, 6312.9024, 35.8080, 2.7248, -20.6164
34.8100, 5.96e-05, 6312.8295, 35.8257, 2.7241, -20.6998
34.8150, 5.01e-05, 6312.7564, 35.8434, 2.7234, -20.7831
34.8200, 5.11e-05, 6312.6830, 35.8611, 2.7228, -20.8663
34.8250, 4.86e-05, 6312.6094, 35.8789, 2.7221, -20.9495
34.8300, 4.9e-05, 6312.5356, 35.8968, 2.7214, -21.0326
34.8350, 5.04e-05, 6312.4616, 35.9147, 2.7207, -21.1156
34.8400, 4.82e-05, 6312.3874, 35.9326, 2.7200, -21.1986
34.8450, 5.89e-05, 6312.3129, 35.9506, 2.7194, -21.2815
34.8500, 5.01e-05, 6312.2382, 35.9687, 2.7187, -21.3644
34.8550, 5.57e-05, 6312.1633, 35.9868, 2.7180, -21.4472
34.8600, 4.95e-05, 6312.0882, 36.0049, 2.7173, -21.5299
34.8650, 4.93e-05, 6312.0129, 36.0231, 2.7166, -21.6126
34.8700, 4.84e-05, 6311.9373, 36.0414, 2.7160, -21.6952
34.8750, 5.9e-05, 6311.8615, 36.0597, 2.7153, -21.7778
34.8800, 6.26e-05, 6311.7855, 36.0780, 2.7146, -21.8603
34.8850, 4.91e-05, 6311.7093, 36.0964, 2.7139, -21.9427
34.8900, 5.05e-05, 6311.6329, 36.1149, 2.7132, -22.0250
34.8950, 4.96e-05, 6311.5562, 36.1334, 2.7126, -22.1073
34.9000, 4.8e-05, 6311.4793, 36.1519, 2.7119, -22.1895
34.9050, 4.83e-05, 6311.4023, 36.1705, 2.7112, -22.2717
34.9100, 5.08e-05, 6311.3249, 36.1891, 2.7105, -22.3537
34.9150, 5.99e-05, 6311.2474, 36.2078, 2.7099, -22.4357
34.9200, 4.92e-05, 6311.1696, 36.2266, 2.7092, -22.5177
34.9250, 4.87e-05, 6311.0917, 36.2454, 2.7085, -22.5995
34.9300, 5.04e-05, 6311.0135, 36.2642, 2.7078, -22.6813
34.9350, 4.83e-05, 6310.9351, 36.2831, 2.7071, -22.7631
34.9400, 4.84e-05, 6310.8564, 36.3020, 2.7065, -22.8447
34.9450, 4.81e-05, 6310.7776, 36.3210, 2.7058, -22.9263
34.9500, 6.12e-05, 6310.6985, 36.3400, 2.7051, -23.0078
34.9550, 4.83e-05, 6310.6192, 36.3591, 2.7044, -23.0892
34.9600, 5.6e-05, 6310.5397, 36.3782, 2.7038, -23.1706
34.9650, 5.2e-05, 6310.4600, 36.3974, 2.7031, -23.2519
34.9700, 4.89e-05, 6310.3800, 36.4166, 2.7024, -23.3331
34.9750, 4.84e-05, 6310.2998, 36.4359, 2.7017, -23.4142
34.9800, 4.81e-05, 6310.2194, 36.4552, 2.7011, -23.4953
34.9850, 6.19e-05, 6310.1388, 36.4746, 2.7004, -23.5763
34.9900, 4.81e-05, 6310.0580, 36.4940, 2.6997, -23.6572
34.9950, 4.82e-05, 6309.9770, 36.5134, 2.6991, -23.7380
35.0000, 4.78e-05, 6309.8957, 36.5329, 2.6984, -23.8187
35.0050, 5.41e-05, 6309.8142, 36.5525, 2.6977, -23.8994
35.0100, 4.8e-05, 6309.7325, 36.5721, 2.6970, -23.9800
35.0150, 4.81e-05, 6309.6506, 36.5917, 2.6964, -24.0605
35.0200, 6.1e-05, 6309.5684, 36.6114, 2.6957, -24.1409
35.0250, 4.93e-05, 6309.4860, 36.6312, 2.6950, -24.2213
35.0300, 4.85e-05, 6309.4034, 36.6510, 2.6944, -24.3015
35.0350, 4.83e-05, 6309.3206, 36.6708, 2.6937, -24.3817
35.0400, 5.05e-05, 6309.2376, 36.6907, 2.6930, -24.4618
35.0450, 5.57e-05, 6309.1544, 36.7106, 2.6924, -24.5418
35.0500, 4.98e-05, 6309.0709, 36.7306, 2.6917, -24.6217
35.0550, 5.98e-05, 6308.9872, 36.7506, 2.6910, -24.7016
35.0600, 5.12e-05, 6308.9033, 36.7707, 2.6904, -24.7813
35.0650, 4.85e-05, 6308.8192, 36.7908, 2.6897, -24.8610
35.0700, 4.91e-05, 6308.7348, 36.8109, 2.6890, -24.9406
35.0750, 4.83e-05, 6308.6503, 36.8311, 2.6884, -25.0201
35.0800, 5.05e-05, 6308.5655, 36.8514, 2.6877, -25.0995
35.0850, 4.83e-05, 6308.4805, 36.8717, 2.6870, -25.1788
35.0900, 5.83e-05, 6308.3953, 36.8920, 2.6864, -25.2580
35.0950, 5.15e-05, 6308.3098, 36.9124, 2.6857, -25.3372
35.1000, 4.83e-05, 6308.2242, 36.9329, 2.6850, -25.4162
35.1050, 4.83e-05, 6308.1383, 36.9533, 2.6844, -25.4952
35.1100, 4.85e-05, 6308.0522, 36.9739, 2.6837, -25.5741
35.1150, 5.03e-05, 6307.9659, 36.9944, 2.6831, -25.6528
35.1200, 4.81e-05, 6307.8793, 37.0150, 2.6824, -25.7315
35.1250, 5.84e-05, 6307.7926, 37.0357, 2.6817, -25.8101
35.1300, 5.43e-05, 6307.7056, 37.0564, 2.6811, -25.8886
35.1350, 5.7e-05, 6307.6184, 37.0772, 2.6804, -25.9670
35.1400, 4.86e-05, 6307.5310, 37.0980, 2.6798, -26.0453
35.1450, 4.83e-05, 6307.4433, 37.1188, 2.6791, -26.1235
35.1500, 5.02e-05, 6307.3555, 37.1397, 2.6784, -26.2017
35.1550, 4.86e-05, 6307.2674, 37.1606, 2.6778, -26.2797
35.1600, 5.95e-05, 6307.1791, 37.1816, 2.6771, -26.3576
35.1650, 4.98e-05, 6307.0906, 37.2026, 2.6765, -26.4354
35.1700, 5.05e-05, 6307.0019, 37.2237, 2.6758, -26.5132
35.1750, 4.87e-05, 6306.9129, 37.2448, 2.6752, -26.5908
35.1800, 4.87e-05, 6306.8238, 37.2659, 2.6745, -26.6683
35.1850, 4.85e-05, 6306.7344, 37.2871, 2.6739, -26.7458
35.1900, 5.08e-05, 6306.6448, 37.3084, 2.6732, -26.8231
35.1950, 6.01e-05, 6306.5549, 37.3297, 2.6725, -26.9003
35.2000, 4.95e-05, 6306.4649, 37.3510, 2.6719, -26.9775
35.2050, 4.85e-05, 6306.3746, 37.3724, 2.6712, -27.0545
35.2100, 5e-05, 6306.2841, 37.3938, 2.6706, -27.1314
35.2150, 4.81e-05, 6306.1934, 37.4152, 2.6699, -27.2083
35.2200, 5.67e-05, 6306.1025, 37.4368, 2.6693, -27.2850
35.2250, 5.07e-05, 6306.0113, 37.4583, 2.6686, -27.3616
35.2300, 5.88e-05, 6305.9200, 37.4799, 2.6680, -27.4381
35.2350, 4.96e-05, 6305.8284, 37.5015, 2.6673, -27.5145
35.2400, 4.82e-05, 6305.7366, 37.5232, 2.6667, -27.5908
35.2450, 5.01e-05, 6305.6446, 37.5449, 2.6660, -27.6670
35.2500, 4.82e-05, 6305.5523, 37.5667, 2.6654, -27.7431
35.2550, 4.81e-05, 6305.4599, 37.5885, 2.6647, -27.8191
35.2600, 4.83e-05, 6305.3672, 37.6103, 2.6641, -27.8950
35.2650, 6.1e-05, 6305.2743, 37.6322, 2.6634, -27.9708
35.2700, 4.94e-05, 6305.1812, 37.6542, 2.6628, -28.0464
35.2750, 4.87e-05, 6305.0878, 37.6762, 2.6621, -28.1220
35.2800, 5.07e-05, 6304.9943, 37.6982, 2.6615, -28.1974
35.2850, 4.88e-05, 6304.9005, 37.7202, 2.6609, -28.2728
35.2900, 4.83e-05, 6304.8065, 37.7423, 2.6602, -28.3480
35.2950, 4.88e-05, 6304.7123, 37.7645, 2.6596, -28.4231
35.3000, 6.05e-05, 6304.6179, 37.7867, 2.6589, -28.4981
35.3050, 5.84e-05, 6304.5232, 37.8089, 2.6583, -28.5730
35.3100, 4.89e-05, 6304.4283, 37.8312, 2.6576, -28.6477
35.3150, 4.83e-05, 6304.3332, 37.8535, 2.6570, -28.7224
35.3200, 5e-05, 6304.2379, 37.8759, 2.6563, -28.7970
35.3250, 4.9e-05, 6304.1424, 37.8983, 2.6557, -28.8714
35.3300, 4.9e-05, 6304.0466, 37.9207, 2.6550, -28.9457
35.3350, 6.13e-05, 6303.9507, 37.9432, 2.6544, -29.0199
35.3400, 5.06e-05, 6303.8545, 37.9657, 2.6538, -29.0940
35.3450, 5.59e-05, 6303.7581, 37.9883, 2.6531, -29.1680
35.3500, 5.06e-05, 6303.6615, 38.0109, 2.6525, -29.2418
35.3550, 5.04e-05, 6303.5646, 38.0336, 2.6518, -29.3155
35.3600, 4.87e-05, 6303.4675, 38.0562, 2.6512, -29.3892
35.3650, 4.87e-05, 6303.3703, 38.0790, 2.6505, -29.4627
35.3700, 5.89e-05, 6303.2728, 38.1018, 2.6499, -29.5360
35.3750, 5.2e-05, 6303.1750, 38.1246, 2.6493, -29.6093
35.3800, 4.85e-05, 6303.0771, 38.1474, 2.6486, -29.6824
35.3850, 4.83e-05, 6302.9789, 38.1703, 2.6480, -29.7554
35.3900, 5.7e-05, 6302.8806, 38.1933, 2.6473, -29.8283
35.3950, 5.33e-05, 6302.7820, 38.2162, 2.6467, -29.9011
35.4000, 4.84e-05, 6302.6831, 38.2393, 2.6460, -29.9738
35.4050, 6.05e-05, 6302.5841, 38.2623, 2.6454, -30.0463
35.4100, 5.19e-05, 6302.4849, 38.2854, 2.6448, -30.1187
35.4150, 4.88e-05, 6302.3854, 38.3086, 2.6441, -30.1910
35.4200, 4.83e-05, 6302.2857, 38.3317, 2.6435, -30.2631
35.4250, 4.87e-05, 6302.1858, 38.3550, 2.6428, -30.3352
35.4300, 5.1e-05, 6302.0856, 38.3782, 2.6422, -30.4071
35.4350, 4.85e-05, 6301.9853, 38.4015, 2.6415, -30.4789
35.4400, 5.85e-05, 6301.8847, 38.4249, 2.6409, -30.5505
35.4450, 4.95e-05, 6301.7839, 38.4482, 2.6403, -30.6221
35.4500, 5.06e-05, 6301.6829, 38.4717, 2.6396, -30.6935
35.4550, 4.86e-05, 6301.5817, 38.4951, 2.6390, -30.7647
35.4600, 4.84e-05, 6301.4802, 38.5186, 2.6383, -30.8359
35.4650, 5.81e-05, 6301.3786, 38.5422, 2.6377, -30.9069
35.4700, 4.99e-05, 6301.2767, 38.5657, 2.6370, -30.9778
35.4750, 0.0001146, 6301.1746, 38.5893, 2.6364, -31.0486
35.4800, 0.0001031, 6301.0723, 38.6130, 2.6358, -31.1192
35.4850, 0.0001003, 6300.9697, 38.6367, 2.6351, -31.1897
35.4900, 9.42e-05, 6300.8670, 38.6604, 2.6345, -31.2601
35.4950, 9.66e-05, 6300.7640, 38.6842, 2.6338, -31.3303
35.5000, 9.52e-05, 6300.6608, 38.7080, 2.6332, -31.4004
35.5050, 9.91e-05, 6300.5574, 38.7319, 2.6325, -31.4704
35.5100, 9.56e-05, 6300.4537, 38.7558, 2.6319, -31.5402
35.5150, 0.000127, 6300.3499, 38.7797, 2.6312, -31.6099
35.5200, 0.0001025, 6300.2458, 38.8037, 2.6306, -31.6795
35.5250, 9.33e-05, 6300.1415, 38.8277, 2.6299, -31.7490
35.5300, 0.000109, 6300.0370, 38.8517, 2.6293, -31.8183
35.5350, 8.91e-05, 6299.9323, 38.8758, 2.6286, -31.8874
35.5400, 9.07e-05, 6299.8273, 38.8999, 2.6280, -31.9565
35.5450, 8.8e-05, 6299.7221, 38.9241, 2.6273, -32.0254
35.5500, 0.0001009, 6299.6167, 38.9483, 2.6267, -32.0941
35.5550, 8.58e-05, 6299.5111, 38.9725, 2.6260, -32.1628
35.5600, 9.13e-05, 6299.4053, 38.9968, 2.6254, -32.2313
35.5650, 8.6e-05, 6299.2993, 39.0211, 2.6247, -32.2996
35.5700, 9.08e-05, 6299.1930, 39.0454, 2.6241, -32.3678
35.5750, 8.33e-05, 6299.0865, 39.0698, 2.6234, -32.4359
35.5800, 8.57e-05, 6298.9798, 39.0943, 2.6228, -32.5038
35.5850, 8.49e-05, 6298.8729, 39.1187, 2.6221, -32.5716
35.5900, 8.64e-05, 6298.7657, 39.1432, 2.6215, -32.6393
35.5950, 9.25e-05, 6298.6584, 39.1677, 2.6208, -32.7068
35.6000, 8.33e-05, 6298.5508, 39.1923, 2.6202, -32.7742
35.6050, 8.95e-05, 6298.4430, 39.2169, 2.6195, -32.8414
35.6100, 9.59e-05, 6298.3350, 39.2415, 2.6189, -32.9085
35.6150, 9.49e-05, 6298.2268, 39.2662, 2.6182, -32.9754
35.6200, 9.31e-05, 6298.1183, 39.2909, 2.6176, -33.0422
35.6250, 0.0001078, 6298.0096, 39.3156, 2.6169, -33.1089
35.6300, 9.35e-05, 6297.9007, 39.3404, 2.6163, -33.1754
35.6350, 9.5e-05, 6297.7916, 39.3652, 2.6156, -33.2418
35.6400, 9.21e-05, 6297.6823, 39.3900, 2.6150, -33.3080
35.6450, 0.0001088, 6297.5727, 39.4149, 2.6143, -33.3741
35.6500, 9.32e-05, 6297.4630, 39.4398, 2.6137, -33.4401
35.6550, 0.0001076, 6297.3530, 39.4647, 2.6130, -33.5058
35.6600, 9.51e-05, 6297.2428, 39.4897, 2.6124, -33.5715
35.6650, 9.47e-05, 6297.1324, 39.5147, 2.6117, -33.6370
35.6700, 9.49e-05, 6297.0217, 39.5397, 2.6111, -33.7023
35.6750, 9.23e-05, 6296.9109, 39.5647, 2.6105, -33.7675
35.6800, 0.0001076, 6296.7998, 39.5898, 2.6098, -33.8326
35.6850, 9.35e-05, 6296.6885, 39.6149, 2.6092, -33.8975
35.6900, 9.5e-05, 6296.5770, 39.6401, 2.6086, -33.9623
35.6950, 9.73e-05, 6296.4652, 39.6653, 2.6080, -34.0269
35.7000, 0.0001069, 6296.3533, 39.6905, 2.6073, -34.0913
35.7050, 9.38e-05, 6296.2411, 39.7157, 2.6067, -34.1556
35.7100, 9.46e-05, 6296.1287, 39.7410, 2.6061, -34.2198
35.7150, 9.35e-05, 6296.0161, 39.7663, 2.6055, -34.2838
35.7200, 0.0001089, 6295.9033, 39.7917, 2.6049, -34.3476
35.7250, 9.38e-05, 6295.7902, 39.8170, 2.6043, -34.4113
35.7300, 9.29e-05, 6295.6770, 39.8424, 2.6037, -34.4749
35.7350, 0.000107, 6295.5635, 39.8679, 2.6031, -34.5382
35.7400, 9.83e-05, 6295.4498, 39.8933, 2.6026, -34.6015
35.7450, 9.52e-05, 6295.3359, 39.9188, 2.6020, -34.6646
35.7500, 9.24e-05, 6295.2217, 39.9444, 2.6014, -34.7275
35.7550, 0.0001068, 6295.1074, 39.9699, 2.6009, -34.7903
35.7600, 9.4e-05, 6294.9928, 39.9955, 2.6003, -34.8529
35.7650, 9.54e-05, 6294.8780, 40.0211, 2.5997, -34.9153
35.7700, 9.23e-05, 6294.7630, 40.0468, 2.5992, -34.9776
35.7750, 0.0001068, 6294.6477, 40.0725, 2.5986, -35.0398
35.7800, 9.26e-05, 6294.5323, 40.0982, 2.5981, -35.1018
35.7850, 0.0001024, 6294.4166, 40.1239, 2.5976, -35.1636
35.7900, 9.41e-05, 6294.3007, 40.1497, 2.5970, -35.2253
35.7950, 9.53e-05, 6294.1846, 40.1755, 2.5965, -35.2868
35.8000, 9.58e-05, 6294.0683, 40.2013, 2.5960, -35.3482
35.8050, 9.37e-05, 6293.9518, 40.2272, 2.5955, -35.4094
35.8100, 0.0001081, 6293.8350, 40.2531, 2.5950, -35.4704
35.8150, 9.36e-05, 6293.7180, 40.2790, 2.5945, -35.5313
35.8200, 9.5e-05, 6293.6008, 40.3049, 2.5940, -35.5920
35.8250, 9.31e-05, 6293.4834, 40.3309, 2.5935, -35.6525
35.8300, 0.0001112, 6293.3658, 40.3569, 2.5930, -35.7129
35.8350, 9.4e-05, 6293.2480, 40.3830, 2.5926, -35.7732
35.8400, 9.55e-05, 6293.1299, 40.4091, 2.5921, -35.8333
35.8450, 9.52e-05, 6293.0116, 40.4352, 2.5916, -35.8932
35.8500, 0.0001079, 6292.8931, 40.4613, 2.5912, -35.9529
35.8550, 9.51e-05, 6292.7744, 40.4875, 2.5907, -36.0125
35.8600, 9.25e-05, 6292.6554, 40.5136, 2.5903, -36.0719
35.8650, 0.0001071, 6292.5363, 40.5399, 2.5899, -36.1312
35.8700, 9.41e-05, 6292.4169, 40.5661, 2.5894, -36.1903
35.8750, 9.94e-05, 6292.2973, 40.5924, 2.5890, -36.2493
35.8800, 9.31e-05, 6292.1775, 40.6187, 2.5886, -36.3080
35.8850, 0.0001099, 6292.0575, 40.6450, 2.5882, -36.3666
35.8900, 9.3e-05, 6291.9372, 40.6714, 2.5878, -36.4251
35.8950, 9.44e-05, 6291.8168, 40.6978, 2.5874, -36.4834
35.9000, 9.27e-05, 6291.6961, 40.7242, 2.5870, -36.5415
35.9050, 0.0001068, 6291.5752, 40.7507, 2.5866, -36.5994
35.9100, 0.0001114, 6291.4541, 40.7772, 2.5862, -36.6572
35.9150, 9.28e-05, 6291.3327, 40.8037, 2.5858, -36.7148
35.9200, 0.0001091, 6291.2112, 40.8302, 2.5855, -36.7723
35.9250, 9.39e-05, 6291.0894, 40.8568, 2.5851, -36.8296
35.9300, 9.48e-05, 6290.9674, 40.8834, 2.5847, -36.8867
35.9350, 9.27e-05, 6290.8452, 40.9100, 2.5844, -36.9436
35.9400, 0.0001079, 6290.7228, 40.9367, 2.5840, -37.0004
35.9450, 8.89e-05, 6290.6001, 40.9633, 2.5837, -37.0570
35.9500, 9.17e-05, 6290.4773, 40.9900, 2.5833, -37.1135
35.9550, 8.17e-05, 6290.3542, 41.0168, 2.5830, -37.1698
35.9600, 9.77e-05, 6290.2309, 41.0435, 2.5827, -37.2259
35.9650, 9.09e-05, 6290.1074, 41.0703, 2.5824, -37.2818
35.9700, 0.0001006, 6289.9837, 41.0972, 2.5821, -37.3376
35.9750, 7.87e-05, 6289.8597, 41.1240, 2.5817, -37.3932
35.9800, 9.08e-05, 6289.7356, 41.1509, 2.5814, -37.4487
35.9850, 8.12e-05, 6289.6112, 41.1778, 2.5811, -37.5039
35.9900, 7.9e-05, 6289.4866, 41.2047, 2.5808, -37.5590
35.9950, 7.67e-05, 6289.3618, 41.2317, 2.5805, -37.6140
36.0000, 7.57e-05, 6289.2367, 41.2587, 2.5803, -37.6687
36.0050, 9.28e-05, 6289.1115, 41.2857, 2.5800, -37.7233
36.0100, 7.93e-05, 6288.9860, 41.3127, 2.5797, -37.7777
36.0150, 7.67e-05, 6288.8603, 41.3398, 2.5794, -37.8320
36.0200, 8.15e-05, 6288.7344, 41.3669, 2.5792, -37.8861
36.0250, 9.27e-05, 6288.6083, 41.3940, 2.5789, -37.9400
36.0300, 7.9e-05, 6288.4820, 41.4212, 2.5786, -37.9937
36.0350, 7.83e-05, 6288.3554, 41.4484, 2.5784, -38.0473
36.0400, 8.18e-05, 6288.2286, 41.4756, 2.5781, -38.1007
36.0450, 8.5e-05, 6288.1016, 41.5028, 2.5779, -38.1539
36.0500, 8.17e-05, 6287.9744, 41.5301, 2.5776, -38.2070
36.0550, 8.77e-05, 6287.8470, 41.5574, 2.5774, -38.2598
36.0600, 8.72e-05, 6287.7194, 41.5847, 2.5772, -38.3125
36.0650, 8.42e-05, 6287.5915, 41.6120, 2.5769, -38.3651
36.0700, 0.0001042, 6287.4634, 41.6394, 2.5767, -38.4174
36.0750, 8.42e-05, 6287.3351, 41.6668, 2.5765, -38.4696
36.0800, 8.6e-05, 6287.2066, 41.6942, 2.5762, -38.5217
36.0850, 8.27e-05, 6287.0779, 41.7217, 2.5760, -38.5735
36.0900, 9.81e-05, 6286.9490, 41.7491, 2.5758, -38.6252
36.0950, 8.46e-05, 6286.8198, 41.7766, 2.5756, -38.6767
36.1000, 8.91e-05, 6286.6904, 41.8042, 2.5754, -38.7280
36.1050, 8.43e-05, 6286.5608, 41.8317, 2.5752, -38.7792
36.1100, 9.75e-05, 6286.4310, 41.8593, 2.5749, -38.8302
36.1150, 8.54e-05, 6286.3010, 41.8869, 2.5747, -38.8810
36.1200, 8.54e-05, 6286.1708, 41.9145, 2.5745, -38.9316
36.1250, 8.49e-05, 6286.0403, 41.9422, 2.5743, -38.9821
36.1300, 9.87e-05, 6285.9096, 41.9699, 2.5741, -39.0324
36.1350, 8.76e-05, 6285.7787, 41.9976, 2.5739, -39.0825
36.1400, 8.45e-05, 6285.6476, 42.0253, 2.5737, -39.1324
36.1450, 8.45e-05, 6285.5163, 42.0531, 2.5735, -39.1822
36.1500, 9.83e-05, 6285.3848, 42.0809, 2.5733, -39.2318
36.1550, 8.72e-05, 6285.2530, 42.1087, 2.5731, -39.2812
36.1600, 8.45e-05, 6285.1210, 42.1365, 2.5730, -39.3305
36.1650, 8.33e-05, 6284.9888, 42.1644, 2.5728, -39.3795
36.1700, 0.0001403, 6284.8564, 42.1923, 2.5726, -39.4284
36.1750, 9.79e-05, 6284.7238, 42.2202, 2.5724, -39.4772
36.1800, 8.88e-05, 6284.5909, 42.2482, 2.5722, -39.5257
36.1850, 9.06e-05, 6284.4579, 42.2761, 2.5720, -39.5741
36.1900, 0.0001058, 6284.3246, 42.3041, 2.5718, -39.6223
36.1950, 8.81e-05, 6284.1911, 42.3321, 2.5716, -39.6703
36.2000, 8.73e-05, 6284.0574, 42.3602, 2.5714, -39.7182
36.2050, 9.13e-05, 6283.9235, 42.3883, 2.5712, -39.7659
36.2100, 0.0001049, 6283.7894, 42.4164, 2.5711, -39.8134
36.2150, 9.29e-05, 6283.6550, 42.4445, 2.5709, -39.8607
36.2200, 9.46e-05, 6283.5204, 42.4726, 2.5707, -39.9079
36.2250, 0.0001117, 6283.3856, 42.5008, 2.5705, -39.9549
36.2300, 9.47e-05, 6283.2506, 42.5290, 2.5703, -40.0017
36.2350, 9.45e-05, 6283.1154, 42.5572, 2.5701, -40.0483
36.2400, 9.4e-05, 6282.9800, 42.5855, 2.5699, -40.0948
36.2450, 0.0001058, 6282.8443, 42.6137, 2.5697, -40.1411
36.2500, 9.35e-05, 6282.7085, 42.6420, 2.5695, -40.1872
36.2550, 9.3e-05, 6282.5724, 42.6703, 2.5693, -40.2331
36.2600, 9.65e-05, 6282.4361, 42.6987, 2.5691, -40.2789
36.2650, 0.0001099, 6282.2996, 42.7270, 2.5689, -40.3245
36.2700, 9.33e-05, 6282.1628, 42.7554, 2.5687, -40.3699
36.2750, 9.25e-05, 6282.0259, 42.7839, 2.5685, -40.4152
36.2800, 9.23e-05, 6281.8887, 42.8123, 2.5683, -40.4602
36.2850, 0.0001091, 6281.7513, 42.8408, 2.5681, -40.5051
36.2900, 9.81e-05, 6281.6138, 42.8693, 2.5679, -40.5499
36.2950, 9.28e-05, 6281.4759, 42.8978, 2.5677, -40.5944
36.3000, 0.0001179, 6281.3379, 42.9263, 2.5675, -40.6388
36.3050, 9.35e-05, 6281.1997, 42.9549, 2.5673, -40.6830
36.3100, 9.22e-05, 6281.0612, 42.9835, 2.5671, -40.7270
36.3150, 9.16e-05, 6280.9225, 43.0121, 2.5669, -40.7709
36.3200, 0.0001107, 6280.7837, 43.0407, 2.5666, -40.8146
36.3250, 9.35e-05, 6280.6446, 43.0694, 2.5664, -40.8581
36.3300, 9.26e-05, 6280.5052, 43.0981, 2.5662, -40.9015
36.3350, 9.23e-05, 6280.3657, 43.1268, 2.5660, -40.9446
36.3400, 9.63e-05, 6280.2260, 43.1555, 2.5657, -40.9876
36.3450, 9.82e-05, 6280.0860, 43.1842, 2.5655, -41.0304
36.3500, 9.3e-05, 6279.9458, 43.2130, 2.5653, -41.0731
36.3550, 0.0001086, 6279.8054, 43.2418, 2.5650, -41.1156
36.3600, 9.25e-05, 6279.6648, 43.2707, 2.5648, -41.1579
36.3650, 9.58e-05, 6279.5240, 43.2995, 2.5645, -41.2000
36.3700, 9.19e-05, 6279.3829, 43.3284, 2.5643, -41.2420
36.3750, 0.0001083, 6279.2417, 43.3573, 2.5640, -41.2838
36.3800, 9.23e-05, 6279.1002, 43.3862, 2.5638, -41.3254
36.3850, 9.31e-05, 6278.9585, 43.4151, 2.5635, -41.3668
36.3900, 9.71e-05, 6278.8166, 43.4441, 2.5633, -41.4081
36.3950, 0.0001079, 6278.6745, 43.4731, 2.5630, -41.4492
36.4000, 8.91e-05, 6278.5322, 43.5021, 2.5627, -41.4902
36.4050, 9.54e-05, 6278.3896, 43.5311, 2.5625, -41.5309
36.4100, 0.0001083, 6278.2469, 43.5602, 2.5622, -41.5715
36.4150, 9.48e-05, 6278.1039, 43.5893, 2.5619, -41.6119
36.4200, 9.18e-05, 6277.9607, 43.6184, 2.5616, -41.6522
36.4250, 9.28e-05, 6277.8173, 43.6475, 2.5613, -41.6923
36.4300, 0.0001102, 6277.6737, 43.6767, 2.5610, -41.7322
36.4350, 0.0001012, 6277.5299, 43.7059, 2.5607, -41.7719
36.4400, 9.39e-05, 6277.3858, 43.7351, 2.5604, -41.8115
36.4450, 9.31e-05, 6277.2416, 43.7643, 2.5601, -41.8509
36.4500, 0.0001087, 6277.0971, 43.7935, 2.5598, -41.8901
36.4550, 9.31e-05, 6276.9524, 43.8228, 2.5595, -41.9292
36.4600, 9.33e-05, 6276.8075, 43.8521, 2.5592, -41.9681
36.4650, 9.23e-05, 6276.6624, 43.8814, 2.5589, -42.0068
36.4700, 0.0001096, 6276.5170, 43.9107, 2.5585, -42.0454
36.4750, 9.42e-05, 6276.3715, 43.9401, 2.5582, -42.0838
36.4800, 9.77e-05, 6276.2257, 43.9695, 2.5579, -42.1220
36.4850, 0.00011, 6276.0797, 43.9989, 2.5575, -42.1601
36.4900, 9.41e-05, 6275.9335, 44.0283, 2.5572, -42.1980
36.4950, 9.29e-05, 6275.7871, 44.0577, 2.5568, -42.2357
36.5000, 9.49e-05, 6275.6405, 44.0872, 2.5565, -42.2733
36.5050, 0.0001096, 6275.4937, 44.1167, 2.5561, -42.3106
36.5100, 9.43e-05, 6275.3466, 44.1462, 2.5558, -42.3479
36.5150, 9.32e-05, 6275.1994, 44.1757, 2.5554, -42.3849
36.5200, 9.26e-05, 6275.0519, 44.2053, 2.5550, -42.4218
36.5250, 0.0001149, 6274.9042, 44.2349, 2.5546, -42.4586
36.5300, 9.27e-05, 6274.7563, 44.2645, 2.5543, -42.4951
36.5350, 9.28e-05, 6274.6082, 44.2941, 2.5539, -42.5315
36.5400, 0.0001076, 6274.4599, 44.3237, 2.5535, -42.5677
36.5450, 9.61e-05, 6274.3113, 44.3534, 2.5531, -42.6038
36.5500, 0.0001089, 6274.1626, 44.3831, 2.5527, -42.6397
36.5550, 9.34e-05, 6274.0136, 44.4128, 2.5523, -42.6755
36.5600, 0.0001097, 6273.8644, 44.4425, 2.5519, -42.7110
36.5650, 8.97e-05, 6273.7150, 44.4723, 2.5515, -42.7464
36.5700, 8.8e-05, 6273.5654, 44.5021, 2.5510, -42.7817
36.5750, 5.72e-05, 6273.4156, 44.5319, 2.5506, -42.8168
36.5800, 6.67e-05, 6273.2655, 44.5617, 2.5502, -42.8517
36.5850, 6.48e-05, 6273.1153, 44.5915, 2.5498, -42.8865
36.5900, 5.95e-05, 6272.9648, 44.6214, 2.5493, -42.9211
36.5950, 4.95e-05, 6272.8141, 44.6513, 2.5489, -42.9555
36.6000, 5.15e-05, 6272.6632, 44.6812, 2.5484, -42.9898
36.6050, 4.91e-05, 6272.5121, 44.7111, 2.5480, -43.0239
36.6100, 4.87e-05, 6272.3608, 44.7411, 2.5475, -43.0579
36.6150, 6.15e-05, 6272.2093, 44.7710, 2.5471, -43.0917
36.6200, 5.07e-05, 6272.0575, 44.8010, 2.5466, -43.1253
36.6250, 4.85e-05, 6271.9056, 44.8310, 2.5462, -43.1588
36.6300, 4.87e-05, 6271.7534, 44.8611, 2.5457, -43.1921
36.6350, 5.17e-05, 6271.6010, 44.8911, 2.5452, -43.2253
36.6400, 4.93e-05, 6271.4484, 44.9212, 2.5447, -43.2583
36.6450, 4.87e-05, 6271.2956, 44.9513, 2.5442, -43.2912
36.6500, 6.01e-05, 6271.1426, 44.9814, 2.5437, -43.3239
36.6550, 5.29e-05, 6270.9894, 45.0116, 2.5433, -43.3564
36.6600, 4.92e-05, 6270.8359, 45.0417, 2.5428, -43.3888
36.6650, 4.89e-05, 6270.6823, 45.0719, 2.5423, -43.4210
36.6700, 5.15e-05, 6270.5284, 45.1021, 2.5418, -43.4531
36.6750, 4.9e-05, 6270.3743, 45.1323, 2.5412, -43.4850
36.6800, 4.85e-05, 6270.2200, 45.1626, 2.5407, -43.5167
36.6850, 5.92e-05, 6270.0655, 45.1928, 2.5402, -43.5483
36.6900, 5.24e-05, 6269.9108, 45.2231, 2.5397, -43.5798
36.6950, 4.95e-05, 6269.7558, 45.2534, 2.5392, -43.6111
36.7000, 4.91e-05, 6269.6007, 45.2837, 2.5386, -43.6422
36.7050, 4.86e-05, 6269.4453, 45.3141, 2.5381, -43.6732
36.7100, 5.9e-05, 6269.2898, 45.3445, 2.5376, -43.7041
36.7150, 5.07e-05, 6269.1340, 45.3748, 2.5370, -43.7347
36.7200, 6.06e-05, 6268.9780, 45.4053, 2.5365, -43.7653
36.7250, 5.07e-05, 6268.8218, 45.4357, 2.5359, -43.7957
36.7300, 6.95e-05, 6268.6654, 45.4661, 2.5354, -43.8259
36.7350, 7.15e-05, 6268.5087, 45.4966, 2.5348, -43.8560
36.7400, 5.16e-05, 6268.3519, 45.5271, 2.5343, -43.8859
36.7450, 5.18e-05, 6268.1949, 45.5576, 2.5337, -43.9157
36.7500, 6.18e-05, 6268.0376, 45.5881, 2.5332, -43.9453
36.7550, 5.11e-05, 6267.8801, 45.6187, 2.5326, -43.9748
36.7600, 4.87e-05, 6267.7224, 45.6492, 2.5320, -44.0042
36.7650, 5.11e-05, 6267.5645, 45.6798, 2.5315, -44.0333
36.7700, 4.89e-05, 6267.4064, 45.7104, 2.5309, -44.0624
36.7750, 4.87e-05, 6267.2481, 45.7411, 2.5303, -44.0913
36.7800, 4.87e-05, 6267.0896, 45.7717, 2.5297, -44.1200
36.7850, 6.22e-05, 6266.9308, 45.8024, 2.5291, -44.1486
36.7900, 5.07e-05, 6266.7719, 45.8331, 2.5286, -44.1771
36.7950, 4.9e-05, 6266.6127, 45.8638, 2.5280, -44.2054
36.8000, 5.07e-05, 6266.4533, 45.8945, 2.5274, -44.2336
36.8050, 4.9e-05, 6266.2937, 45.9253, 2.5268, -44.2616
36.8100, 5.28e-05, 6266.1339, 45.9560, 2.5262, -44.2895
36.8150, 4.99e-05, 6265.9739, 45.9868, 2.5256, -44.3173
36.8200, 6.17e-05, 6265.8137, 46.0176, 2.5250, -44.3449
36.8250, 5.07e-05, 6265.6533, 46.0485, 2.5244, -44.3723
36.8300, 4.91e-05, 6265.4926, 46.0793, 2.5238, -44.3996
36.8350, 4.91e-05, 6265.3318, 46.1102, 2.5232, -44.4268
36.8400, 5.21e-05, 6265.1707, 46.1410, 2.5226, -44.4539
36.8450, 4.89e-05, 6265.0094, 46.1720, 2.5220, -44.4808
36.8500, 4.88e-05, 6264.8479, 46.2029, 2.5214, -44.5075
36.8550, 6.01e-05, 6264.6862, 46.2338, 2.5208, -44.5341
36.8600, 5.23e-05, 6264.5243, 46.2648, 2.5202, -44.5606
36.8650, 4.92e-05, 6264.3622, 46.2958, 2.5195, -44.5870
36.8700, 4.92e-05, 6264.1999, 46.3268, 2.5189, -44.6132
36.8750, 5.09e-05, 6264.0374, 46.3578, 2.5183, -44.6393
36.8800, 4.92e-05, 6263.8746, 46.3888, 2.5177, -44.6652
36.8850, 4.88e-05, 6263.7117, 46.4199, 2.5171, -44.6910
36.8900, 5.99e-05, 6263.5485, 46.4509, 2.5165, -44.7167
36.8950, 5.54e-05, 6263.3851, 46.4820, 2.5158, -44.7422
36.9000, 4.96e-05, 6263.2215, 46.5132, 2.5152, -44.7676
36.9050, 4.89e-05, 6263.0577, 46.5443, 2.5146, -44.7929
36.9100, 4.89e-05, 6262.8937, 46.5754, 2.5140, -44.8180
36.9150, 5.09e-05, 6262.7295, 46.6066, 2.5134, -44.8430
36.9200, 5.04e-05, 6262.5651, 46.6378, 2.5127, -44.8679
36.9250, 5.94e-05, 6262.4005, 46.6690, 2.5121, -44.8927
36.9300, 5.31e-05, 6262.2356, 46.7002, 2.5115, -44.9173
36.9350, 5.06e-05, 6262.0706, 46.7315, 2.5109, -44.9418
36.9400, 5.29e-05, 6261.9053, 46.7627, 2.5102, -44.9661
36.9450, 5.19e-05, 6261.7398, 46.7940, 2.5096, -44.9904
36.9500, 5.33e-05, 6261.5741, 46.8253, 2.5090, -45.0145
36.9550, 5.19e-05, 6261.4082, 46.8566, 2.5084, -45.0384
36.9600, 6.46e-05, 6261.2421, 46.8880, 2.5078, -45.0623
36.9650, 5.4e-05, 6261.0758, 46.9193, 2.5071, -45.0860
36.9700, 5.39e-05, 6260.9093, 46.9507, 2.5065, -45.1096
36.9750, 5.26e-05, 6260.7426, 46.9821, 2.5059, -45.1331
36.9800, 5.23e-05, 6260.5757, 47.0135, 2.5053, -45.1564
36.9850, 5.19e-05, 6260.4085, 47.0449, 2.5046, -45.1797
36.9900, 5.36e-05, 6260.2412, 47.0764, 2.5040, -45.2028
36.9950, 5.37e-05, 6260.0736, 47.1078, 2.5034, -45.2258
37.0000, 5.33e-05, 6259.9058, 47.1393, 2.5028, -45.2486
37.0050, 5.85e-05, 6259.7379, 47.1708, 2.5022, -45.2714
37.0100, 5.34e-05, 6259.5697, 47.2023, 2.5016, -45.2940
37.0150, 5.22e-05, 6259.4013, 47.2339, 2.5010, -45.3165
37.0200, 5.33e-05, 6259.2327, 47.2654, 2.5003, -45.3389
37.0250, 6.74e-05, 6259.0639, 47.2970, 2.4997, -45.3611
37.0300, 5.09e-05, 6258.8948, 47.3286, 2.4991, -45.3833
37.0350, 5e-05, 6258.7256, 47.3602, 2.4985, -45.4053
37.0400, 5.04e-05, 6258.5562, 47.3918, 2.4979, -45.4272
37.0450, 5.32e-05, 6258.3865, 47.4235, 2.4973, -45.4490
37.0500, 5.15e-05, 6258.2167, 47.4551, 2.4967, -45.4707
37.0550, 5.4e-05, 6258.0466, 47.4868, 2.4961, -45.4923
37.0600, 5.54e-05, 6257.8764, 47.5185, 2.4955, -45.5138
37.0650, 5.13e-05, 6257.7059, 47.5502, 2.4949, -45.5351
37.0700, 5.18e-05, 6257.5352, 47.5819, 2.4943, -45.5563
37.0750, 5.21e-05, 6257.3643, 47.6137, 2.4937, -45.5775
37.0800, 5.3e-05, 6257.1932, 47.6454, 2.4931, -45.5985
37.0850, 5.01e-05, 6257.0219, 47.6772, 2.4926, -45.6194
37.0900, 6.31e-05, 6256.8504, 47.7090, 2.4920, -45.6402
37.0950, 5.2e-05, 6256.6787, 47.7408, 2.4914, -45.6609
37.1000, 5.22e-05, 6256.5068, 47.7726, 2.4908, -45.6814
37.1050, 5.14e-05, 6256.3347, 47.8045, 2.4902, -45.7019
37.1100, 4.94e-05, 6256.1623, 47.8364, 2.4897, -45.7223
37.1150, 6.05e-05, 6255.9898, 47.8682, 2.4891, -45.7425
37.1200, 4.98e-05, 6255.8170, 47.9001, 2.4885, -45.7627
37.1250, 6.19e-05, 6255.6441, 47.9321, 2.4879, -45.7827
37.1300, 5.17e-05, 6255.4709, 47.9640, 2.4874, -45.8026
37.1350, 6.21e-05, 6255.2976, 47.9959, 2.4868, -45.8225
37.1400, 8.38e-05, 6255.1240, 48.0279, 2.4863, -45.8422
37.1450, 6.19e-05, 6254.9502, 48.0599, 2.4857, -45.8618
37.1500, 7.4e-05, 6254.7762, 48.0919, 2.4852, -45.8814
37.1550, 5.91e-05, 6254.6020, 48.1239, 2.4846, -45.9008
37.1600, 0.0002144, 6254.4276, 48.1559, 2.4841, -45.9201
37.1650, 5.33e-05, 6254.2530, 48.1880, 2.4835, -45.9394
37.1700, 6.54e-05, 6254.0782, 48.2200, 2.4830, -45.9585
37.1750, 5.4e-05, 6253.9032, 48.2521, 2.4825, -45.9775
37.1800, 4.97e-05, 6253.7280, 48.2842, 2.4819, -45.9965
37.1850, 4.93e-05, 6253.5525, 48.3163, 2.4814, -46.0153
37.1900, 5.81e-05, 6253.3769, 48.3485, 2.4809, -46.0341
37.1950, 5.21e-05, 6253.2011, 48.3806, 2.4804, -46.0527
37.2000, 5.06e-05, 6253.0250, 48.4128, 2.4798, -46.0713
37.2050, 6.25e-05, 6252.8488, 48.4449, 2.4793, -46.0898
37.2100, 5.17e-05, 6252.6723, 48.4771, 2.4788, -46.1081
37.2150, 4.97e-05, 6252.4957, 48.5093, 2.4783, -46.1264
37.2200, 5.16e-05, 6252.3188, 48.5415, 2.4778, -46.1446
37.2250, 5.21e-05, 6252.1417, 48.5737, 2.4773, -46.1627
37.2300, 5.12e-05, 6251.9645, 48.6060, 2.4768, -46.1807
37.2350, 6.14e-05, 6251.7870, 48.6382, 2.4763, -46.1986
37.2400, 5.29e-05, 6251.6093, 48.6705, 2.4759, -46.2165
37.2450, 5.13e-05, 6251.4314, 48.7027, 2.4754, -46.2342
37.2500, 5.09e-05, 6251.2533, 48.7350, 2.4749, -46.2518
37.2550, 5.25e-05, 6251.0750, 48.7673, 2.4745, -46.2694
37.2600, 5.11e-05, 6250.8965, 48.7996, 2.4740, -46.2869
37.2650, 5.27e-05, 6250.7178, 48.8319, 2.4736, -46.3043
37.2700, 6.28e-05, 6250.5389, 48.8642, 2.4732, -46.3216
37.2750, 5.7e-05, 6250.3598, 48.8965, 2.4727, -46.3388
37.2800, 5.16e-05, 6250.1805, 48.9288, 2.4723, -46.3560
37.2850, 5.34e-05, 6250.0010, 48.9612, 2.4719, -46.3730
37.2900, 5.25e-05, 6249.8213, 48.9935, 2.4715, -46.3900
37.2950, 5.1e-05, 6249.6414, 49.0259, 2.4711, -46.4069
37.3000, 5.02e-05, 6249.4612, 49.0582, 2.4707, -46.4237
37.3050, 6.64e-05, 6249.2809, 49.0906, 2.4704, -46.4404
37.3100, 5.15e-05, 6249.1004, 49.1230, 2.4700, -46.4571
37.3150, 5.07e-05, 6248.9197, 49.1554, 2.4697, -46.4736
37.3200, 5.42e-05, 6248.7387, 49.1878, 2.4693, -46.4901
37.3250, 5.18e-05, 6248.5576, 49.2202, 2.4690, -46.5065
37.3300, 5.21e-05, 6248.3762, 49.2527, 2.4687, -46.5229
37.3350, 6.17e-05, 6248.1947, 49.2851, 2.4684, -46.5391
37.3400, 5.36e-05, 6248.0130, 49.3176, 2.4681, -46.5553
37.3450, 5.11e-05, 6247.8310, 49.3500, 2.4678, -46.5714
37.3500, 5.3e-05, 6247.6489, 49.3825, 2.4675, -46.5875
37.3550, 5.5e-05, 6247.4665, 49.4150, 2.4673, -46.6034
37.3600, 5.43e-05, 6247.2840, 49.4474, 2.4670, -46.6193
37.3650, 5.2e-05, 6247.1012, 49.4799, 2.4668, -46.6351
37.3700, 6.37e-05, 6246.9183, 49.5124, 2.4666, -46.6508
37.3750, 5.29e-05, 6246.7351, 49.5449, 2.4663, -46.6665
37.3800, 5.27e-05, 6246.5518, 49.5775, 2.4661, -46.6821
37.3850, 5.09e-05, 6246.3682, 49.6100, 2.4660, -46.6976
37.3900, 5.2e-05, 6246.1844, 49.6425, 2.4658, -46.7131
37.3950, 5.51e-05, 6246.0005, 49.6751, 2.4656, -46.7285
37.4000, 4.91e-05, 6245.8163, 49.7076, 2.4655, -46.7438
37.4050, 6.94e-05, 6245.6320, 49.7402, 2.4653, -46.7590
37.4100, 5.1e-05, 6245.4474, 49.7727, 2.4652, -46.7742
37.4150, 5.16e-05, 6245.2627, 49.8053, 2.4651, -46.7893
37.4200, 4.96e-05, 6245.0777, 49.8379, 2.4650, -46.8044
37.4250, 4.92e-05, 6244.8925, 49.8705, 2.4649, -46.8194
37.4300, 4.91e-05, 6244.7072, 49.9031, 2.4649, -46.8343
37.4350, 6.54e-05, 6244.5216, 49.9357, 2.4648, -46.8491
37.4400, 5.15e-05, 6244.3359, 49.9683, 2.4648, -46.8639
37.4450, 0.0001174, 6244.1499, 50.0010, 2.4648, -46.8787
37.4500, 0.0003231, 6243.9638, 50.0336, 2.4647, -46.8933
37.4550, 6.51e-05, 6243.7774, 50.0662, 2.4647, -46.9079
37.4600, 5.63e-05, 6243.5909, 50.0989, 2.4648, -46.9225
37.4650, 5.48e-05, 6243.4041, 50.1315, 2.4648, -46.9370
37.4700, 5.68e-05, 6243.2172, 50.1642, 2.4648, -46.9514
37.4750, 6.56e-05, 6243.0300, 50.1969, 2.4649, -46.9658
37.4800, 5.55e-05, 6242.8427, 50.2295, 2.4649, -46.9801
37.4850, 5.03e-05, 6242.6551, 50.2622, 2.4650, -46.9943
37.4900, 5.93e-05, 6242.4674, 50.2949, 2.4651, -47.0085
37.4950, 5.05e-05, 6242.2794, 50.3276, 2.4652, -47.0227
37.5000, 5.14e-05, 6242.0913, 50.3603, 2.4653, -47.0368
37.5050, 5.1e-05, 6241.9030, 50.3930, 2.4655, -47.0508
37.5100, 6.22e-05, 6241.7144, 50.4258, 2.4656, -47.0648
37.5150, 4.95e-05, 6241.5257, 50.4585, 2.4658, -47.0787
37.5200, 4.89e-05, 6241.3368, 50.4912, 2.4660, -47.0926
37.5250, 5.12e-05, 6241.1476, 50.5240, 2.4661, -47.1064
37.5300, 4.94e-05, 6240.9583, 50.5567, 2.4663, -47.1202
37.5350, 4.95e-05, 6240.7688, 50.5895, 2.4666, -47.1339
37.5400, 4.9e-05, 6240.5791, 50.6222, 2.4668, -47.1475
37.5450, 6.3e-05, 6240.3892, 50.6550, 2.4670, -47.1612
37.5500, 4.99e-05, 6240.1991, 50.6878, 2.4673, -47.1747
37.5550, 4.95e-05, 6240.0088, 50.7205, 2.4675, -47.1883
37.5600, 5.12e-05, 6239.8183, 50.7533, 2.4678, -47.2017
37.5650, 5.3e-05, 6239.6276, 50.7861, 2.4681, -47.2152
37.5700, 4.99e-05, 6239.4367, 50.8189, 2.4684, -47.2285
37.5750, 4.95e-05, 6239.2456, 50.8517, 2.4687, -47.2419
37.5800, 6.3e-05, 6239.0543, 50.8845, 2.4690, -47.2552
37.5850, 4.96e-05, 6238.8628, 50.9173, 2.4693, -47.2684
37.5900, 4.92e-05, 6238.6712, 50.9502, 2.4697, -47.2816
37.5950, 4.88e-05, 6238.4793, 50.9830, 2.4700, -47.2948
37.6000, 5.12e-05, 6238.2872, 51.0158, 2.4704, -47.3079
37.6050, 4.9e-05, 6238.0950, 51.0487, 2.4708, -47.3210
37.6100, 4.92e-05, 6237.9025, 51.0815, 2.4711, -47.3340
37.6150, 6.12e-05, 6237.7099, 51.1144, 2.4715, -47.3470
37.6200, 5.17e-05, 6237.5171, 51.1472, 2.4719, -47.3600
37.6250, 4.95e-05, 6237.3240, 51.1801, 2.4724, -47.3729
37.6300, 4.93e-05, 6237.1308, 51.2130, 2.4728, -47.3858
37.6350, 5.09e-05, 6236.9374, 51.2458, 2.4732, -47.3986
37.6400, 5e-05, 6236.7438, 51.2787, 2.4737, -47.4114
37.6450, 0.0002324, 6236.5500, 51.3116, 2.4741, -47.4242
37.6500, 5.72e-05, 6236.3560, 51.3445, 2.4746, -47.4369
37.6550, 5.69e-05, 6236.1618, 51.3774, 2.4751, -47.4496
37.6600, 5.44e-05, 6235.9674, 51.4103, 2.4755, -47.4623
37.6650, 5.44e-05, 6235.7728, 51.4432, 2.4760, -47.4749
37.6700, 6.42e-05, 6235.5780, 51.4761, 2.4765, -47.4875
37.6750, 5.34e-05, 6235.3831, 51.5090, 2.4770, -47.5001
37.6800, 4.96e-05, 6235.1879, 51.5419, 2.4776, -47.5126
37.6850, 4.97e-05, 6234.9926, 51.5749, 2.4781, -47.5251
37.6900, 0.0002241, 6234.7970, 51.6078, 2.4786, -47.5376
37.6950, 5.27e-05, 6234.6013, 51.6407, 2.4792, -47.5500
37.7000, 4.94e-05, 6234.4054, 51.6737, 2.4797, -47.5624
37.7050, 5e-05, 6234.2093, 51.7066, 2.4803, -47.5748
37.7100, 5.11e-05, 6234.0130, 51.7396, 2.4808, -47.5871
37.7150, 4.92e-05, 6233.8165, 51.7725, 2.4814, -47.5995
37.7200, 4.88e-05, 6233.6198, 51.8055, 2.4820, -47.6117
37.7250, 6.7e-05, 6233.4229, 51.8384, 2.4826, -47.6240
37.7300, 5.26e-05, 6233.2258, 51.8714, 2.4831, -47.6363
37.7350, 4.97e-05, 6233.0286, 51.9044, 2.4837, -47.6485
37.7400, 4.9e-05, 6232.8311, 51.9373, 2.4843, -47.6607
37.7450, 4.88e-05, 6232.6335, 51.9703, 2.4849, -47.6728
37.7500, 5.12e-05, 6232.4357, 52.0033, 2.4855, -47.6850
37.7550, 4.89e-05, 6232.2376, 52.0363, 2.4862, -47.6971
37.7600, 6.07e-05, 6232.0394, 52.0693, 2.4868, -47.7092
37.7650, 5.19e-05, 6231.8410, 52.1023, 2.4874, -47.7213
37.7700, 4.89e-05, 6231.6424, 52.1353, 2.4880, -47.7333
37.7750, 4.89e-05, 6231.4437, 52.1683, 2.4887, -47.7453
37.7800, 4.91e-05, 6231.2447, 52.2013, 2.4893, -47.7573
37.7850, 5.83e-05, 6231.0456, 52.2343, 2.4900, -47.7693
37.7900, 4.9e-05, 6230.8462, 52.2673, 2.4906, -47.7813
37.7950, 6.11e-05, 6230.6467, 52.3004, 2.4912, -47.7932
37.8000, 0.0001988, 6230.4470, 52.3334, 2.4919, -47.8052
37.8050, 5.29e-05, 6230.2471, 52.3664, 2.4926, -47.8171
37.8100, 4.93e-05, 6230.0470, 52.3994, 2.4932, -47.8290
37.8150, 4.96e-05, 6229.8467, 52.4325, 2.4939, -47.8409
37.8200, 5.07e-05, 6229.6462, 52.4655, 2.4945, -47.8527
37.8250, 6.06e-05, 6229.4456, 52.4986, 2.4952, -47.8646
37.8300, 5.18e-05, 6229.2447, 52.5316, 2.4959, -47.8764
37.8350, 4.9e-05, 6229.0437, 52.5646, 2.4965, -47.8882
37.8400, 5.3e-05, 6228.8425, 52.5977, 2.4972, -47.9000
37.8450, 4.93e-05, 6228.6411, 52.6308, 2.4979, -47.9118
37.8500, 4.88e-05, 6228.4395, 52.6638, 2.4986, -47.9236
37.8550, 5.27e-05, 6228.2377, 52.6969, 2.4992, -47.9353
37.8600, 6.26e-05, 6228.0358, 52.7299, 2.4999, -47.9471
37.8650, 5.2e-05, 6227.8336, 52.7630, 2.5006, -47.9588
37.8700, 4.93e-05, 6227.6313, 52.7961, 2.5013, -47.9705
37.8750, 4.89e-05, 6227.4288, 52.8292, 2.5019, -47.9822
37.8800, 5.25e-05, 6227.2261, 52.8622, 2.5026, -47.9939
37.8850, 4.9e-05, 6227.0232, 52.8953, 2.5033, -48.0056
37.8900, 4.89e-05, 6226.8201, 52.9284, 2.5040, -48.0173
37.8950, 6.25e-05, 6226.6169, 52.9615, 2.5046, -48.0290
37.9000, 5.1e-05, 6226.4134, 52.9946, 2.5053, -48.0406
37.9050, 4.89e-05, 6226.2098, 53.0277, 2.5060, -48.0523
37.9100, 4.97e-05, 6226.0060, 53.0608, 2.5067, -48.0639
37.9150, 5.11e-05, 6225.8020, 53.0939, 2.5074, -48.0755
37.9200, 4.92e-05, 6225.5978, 53.1270, 2.5080, -48.0872
37.9250, 5.04e-05, 6225.3935, 53.1601, 2.5087, -48.0988
37.9300, 6.01e-05, 6225.1889, 53.1932, 2.5094, -48.1104
37.9350, 5.26e-05, 6224.9842, 53.2263, 2.5100, -48.1220
37.9400, 5.34e-05, 6224.7793, 53.2594, 2.5107, -48.1336
37.9450, 4.91e-05, 6224.5742, 53.2925, 2.5114, -48.1452
37.9500, 5.09e-05, 6224.3689, 53.3256, 2.5120, -48.1568
37.9550, 4.92e-05, 6224.1635, 53.3588, 2.5127, -48.1683
37.9600, 4.87e-05, 6223.9578, 53.3919, 2.5133, -48.1799
37.9650, 5.99e-05, 6223.7520, 53.4250, 2.5140, -48.1915
37.9700, 0.0001571, 6223.5460, 53.4581, 2.5147, -48.2031
37.9750, 0.0003029, 6223.3398, 53.4913, 2.5153, -48.2146
37.9800, 6.49e-05, 6223.1335, 53.5244, 2.5159, -48.2262
37.9850, 6.08e-05, 6222.9269, 53.5575, 2.5166, -48.2377
37.9900, 5.33e-05, 6222.7202, 53.5907, 2.5172, -48.2493
37.9950, 4.96e-05, 6222.5133, 53.6238, 2.5179, -48.2608
38.0000, 4.93e-05, 6222.3062, 53.6569, 2.5185, -48.2724
38.0050, 6.31e-05, 6222.0989, 53.6901, 2.5191, -48.2839
38.0100, 5.03e-05, 6221.8915, 53.7232, 2.5198, -48.2955
38.0150, 5.76e-05, 6221.6838, 53.7564, 2.5204, -48.3070
38.0200, 5.06e-05, 6221.4760, 53.7895, 2.5210, -48.3185
38.0250, 5.14e-05, 6221.2680, 53.8227, 2.5216, -48.3301
38.0300, 4.94e-05, 6221.0599, 53.8558, 2.5222, -48.3416
38.0350, 4.94e-05, 6220.8515, 53.8890, 2.5228, -48.3532
38.0400, 6.22e-05, 6220.6430, 53.9221, 2.5234, -48.3647
38.0450, 5.22e-05, 6220.4343, 53.9553, 2.5240, -48.3762
38.0500, 4.89e-05, 6220.2254, 53.9885, 2.5246, -48.3878
38.0550, 4.94e-05, 6220.0163, 54.0216, 2.5252, -48.3993
38.0600, 4.91e-05, 6219.8071, 54.0548, 2.5258, -48.4108
38.0650, 5.15e-05, 6219.5977, 54.0880, 2.5264, -48.4224
38.0700, 5.24e-05, 6219.3881, 54.1211, 2.5269, -48.4339
38.0750, 6.1e-05, 6219.1783, 54.1543, 2.5275, -48.4455
38.0800, 5.19e-05, 6218.9684, 54.1875, 2.5281, -48.4570
38.0850, 4.91e-05, 6218.7582, 54.2207, 2.5286, -48.4685
38.0900, 4.91e-05, 6218.5479, 54.2538, 2.5292, -48.4801
38.0950, 4.91e-05, 6218.3374, 54.2870, 2.5297, -48.4916
38.1000, 5.12e-05, 6218.1268, 54.3202, 2.5303, -48.5032
38.1050, 4.9e-05, 6217.9159, 54.3534, 2.5308, -48.5147
38.1100, 6.14e-05, 6217.7049, 54.3865, 2.5313, -48.5263
38.1150, 4.88e-05, 6217.4937, 54.4197, 2.5318, -48.5378
38.1200, 5.15e-05, 6217.2824, 54.4529, 2.5324, -48.5494
38.1250, 4.86e-05, 6217.0708, 54.4861, 2.5329, -48.5609
38.1300, 4.88e-05, 6216.8591, 54.5193, 2.5334, -48.5725
38.1350, 5.87e-05, 6216.6472, 54.5525, 2.5339, -48.5841
38.1400, 5.08e-05, 6216.4352, 54.5857, 2.5344, -48.5956
38.1450, 5.16e-05, 6216.2229, 54.6189, 2.5349, -48.6072
38.1500, 4.91e-05, 6216.0105, 54.6521, 2.5353, -48.6188
38.1550, 6.81e-05, 6215.7979, 54.6853, 2.5358, -48.6303
38.1600, 4.97e-05, 6215.5852, 54.7184, 2.5363, -48.6419
38.1650, 0.0001444, 6215.3722, 54.7516, 2.5368, -48.6535
38.1700, 6.16e-05, 6215.1591, 54.7848, 2.5372, -48.6651
38.1750, 5.69e-05, 6214.9458, 54.8180, 2.5377, -48.6767
38.1800, 5.63e-05, 6214.7324, 54.8512, 2.5381, -48.6882
38.1850, 5.46e-05, 6214.5187, 54.8844, 2.5386, -48.6998
38.1900, 5.44e-05, 6214.3049, 54.9177, 2.5390, -48.7114
38.1950, 5.66e-05, 6214.0909, 54.9509, 2.5394, -48.7230
38.2000, 6.29e-05, 6213.8768, 54.9841, 2.5398, -48.7346
38.2050, 5.02e-05, 6213.6625, 55.0173, 2.5403, -48.7462
38.2100, 0.0001621, 6213.4480, 55.0505, 2.5407, -48.7578
38.2150, 6.01e-05, 6213.2333, 55.0837, 2.5411, -48.7694
38.2200, 5.35e-05, 6213.0185, 55.1169, 2.5415, -48.7811
38.2250, 4.98e-05, 6212.8034, 55.1501, 2.5419, -48.7927
38.2300, 5.14e-05, 6212.5883, 55.1833, 2.5422, -48.8043
38.2350, 4.96e-05, 6212.3729, 55.2165, 2.5426, -48.8159
38.2400, 4.97e-05, 6212.1574, 55.2498, 2.5430, -48.8275
38.2450, 4.94e-05, 6211.9417, 55.2830, 2.5433, -48.8392
38.2500, 6.11e-05, 6211.7258, 55.3162, 2.5437, -48.8508
38.2550, 5.14e-05, 6211.5098, 55.3494, 2.5441, -48.8624
38.2600, 4.97e-05, 6211.2936, 55.3826, 2.5444, -48.8741
38.2650, 5.11e-05, 6211.0772, 55.4158, 2.5447, -48.8857
38.2700, 4.96e-05, 6210.8606, 55.4491, 2.5451, -48.8973
38.2750, 4.88e-05, 6210.6439, 55.4823, 2.5454, -48.9090
38.2800, 4.9e-05, 6210.4270, 55.5155, 2.5457, -48.9206
38.2850, 6.57e-05, 6210.2100, 55.5487, 2.5460, -48.9323
38.2900, 0.0001335, 6209.9928, 55.5819, 2.5463, -48.9439
38.2950, 7.77e-05, 6209.7754, 55.6152, 2.5466, -48.9555
38.3000, 7.42e-05, 6209.5578, 55.6484, 2.5469, -48.9672
38.3050, 6.3e-05, 6209.3401, 55.6816, 2.5472, -48.9788
38.3100, 5.08e-05, 6209.1222, 55.7148, 2.5475, -48.9905
38.3150, 4.94e-05, 6208.9041, 55.7481, 2.5478, -49.0021
38.3200, 5.08e-05, 6208.6859, 55.7813, 2.5481, -49.0138
38.3250, 6.35e-05, 6208.4675, 55.8145, 2.5483, -49.0254
38.3300, 5.06e-05, 6208.2489, 55.8478, 2.5486, -49.0371
38.3350, 4.91e-05, 6208.0302, 55.8810, 2.5488, -49.0487
38.3400, 5.12e-05, 6207.8113, 55.9142, 2.5491, -49.0604
38.3450, 4.88e-05, 6207.5922, 55.9474, 2.5493, -49.0720
38.3500, 4.86e-05, 6207.3730, 55.9807, 2.5496, -49.0837
38.3550, 4.85e-05, 6207.1535, 56.0139, 2.5498, -49.0953
38.3600, 6.27e-05, 6206.9340, 56.0471, 2.5500, -49.1070
38.3650, 5.05e-05, 6206.7142, 56.0804, 2.5502, -49.1186
38.3700, 4.97e-05, 6206.4943, 56.1136, 2.5504, -49.1303
38.3750, 4.9e-05, 6206.2743, 56.1468, 2.5507, -49.1419
38.3800, 5.12e-05, 6206.0540, 56.1801, 2.5509, -49.1536
38.3850, 4.9e-05, 6205.8337, 56.2133, 2.5510, -49.1652
38.3900, 4.85e-05, 6205.6131, 56.2465, 2.5512, -49.1768
38.3950, 6.19e-05, 6205.3924, 56.2798, 2.5514, -49.1885
38.4000, 5.05e-05, 6205.1715, 56.3130, 2.5516, -49.2001
38.4050, 4.92e-05, 6204.9504, 56.3462, 2.5518, -49.2117
38.4100, 4.88e-05, 6204.7292, 56.3795, 2.5519, -49.2233
38.4150, 5.07e-05, 6204.5078, 56.4127, 2.5521, -49.2350
38.4200, 4.85e-05, 6204.2863, 56.4459, 2.5523, -49.2466
38.4250, 4.85e-05, 6204.0646, 56.4792, 2.5524, -49.2582
38.4300, 5.91e-05, 6203.8427, 56.5124, 2.5526, -49.2698
38.4350, 5.27e-05, 6203.6207, 56.5457, 2.5527, -49.2814
38.4400, 5.87e-05, 6203.3985, 56.5789, 2.5528, -49.2930
38.4450, 5e-05, 6203.1761, 56.6121, 2.5530, -49.3045
38.4500, 9.44e-05, 6202.9536, 56.6454, 2.5531, -49.3161
38.4550, 0.0001102, 6202.7309, 56.6786, 2.5532, -49.3277
38.4600, 8.07e-05, 6202.5081, 56.7118, 2.5533, -49.3392
38.4650, 6.83e-05, 6202.2851, 56.7451, 2.5534, -49.3508
38.4700, 0.0003783, 6202.0619, 56.7783, 2.5535, -49.3623
38.4750, 0.0001671, 6201.8386, 56.8116, 2.5536, -49.3739
38.4800, 0.0001034, 6201.6151, 56.8448, 2.5537, -49.3854
38.4850, 5.68e-05, 6201.3914, 56.8780, 2.5538, -49.3969
38.4900, 5.26e-05, 6201.1676, 56.9113, 2.5539, -49.4084
38.4950, 5.03e-05, 6200.9436, 56.9445, 2.5540, -49.4199
38.5000, 4.93e-05, 6200.7195, 56.9777, 2.5541, -49.4314
38.5050, 4.89e-05, 6200.4952, 57.0110, 2.5542, -49.4429
38.5100, 5.38e-05, 6200.2708, 57.0442, 2.5542, -49.4544
38.5150, 5.3e-05, 6200.0461, 57.0775, 2.5543, -49.4658
38.5200, 5.02e-05, 6199.8214, 57.1107, 2.5544, -49.4772
38.5250, 5.15e-05, 6199.5964, 57.1439, 2.5544, -49.4887
38.5300, 4.89e-05, 6199.3714, 57.1772, 2.5545, -49.5001
38.5350, 4.91e-05, 6199.1461, 57.2104, 2.5545, -49.5115
38.5400, 4.9e-05, 6198.9207, 57.2436, 2.5546, -49.5229
38.5450, 6.47e-05, 6198.6951, 57.2769, 2.5546, -49.5342
38.5500, 5.18e-05, 6198.4694, 57.3101, 2.5546, -49.5456
38.5550, 4.89e-05, 6198.2435, 57.3434, 2.5547, -49.5569
38.5600, 4.87e-05, 6198.0175, 57.3766, 2.5547, -49.5683
38.5650, 5.07e-05, 6197.7913, 57.4098, 2.5547, -49.5796
38.5700, 4.78e-05, 6197.5649, 57.4431, 2.5548, -49.5909
38.5750, 4.9e-05, 6197.3384, 57.4763, 2.5548, -49.6021
38.5800, 5.11e-05, 6197.1118, 57.5095, 2.5548, -49.6134
38.5850, 5.08e-05, 6196.8849, 57.5428, 2.5548, -49.6246
38.5900, 4.85e-05, 6196.6580, 57.5760, 2.5548, -49.6358
38.5950, 4.85e-05, 6196.4308, 57.6092, 2.5548, -49.6470
38.6000, 5.08e-05, 6196.2035, 57.6425, 2.5548, -49.6582
38.6050, 4.84e-05, 6195.9761, 57.6757, 2.5548, -49.6694
38.6100, 4.85e-05, 6195.7485, 57.7089, 2.5548, -49.6805
38.6150, 4.86e-05, 6195.5207, 57.7422, 2.5548, -49.6916
38.6200, 6.24e-05, 6195.2928, 57.7754, 2.5548, -49.7027
38.6250, 4.93e-05, 6195.0648, 57.8086, 2.5548, -49.7138
38.6300, 5.34e-05, 6194.8365, 57.8419, 2.5548, -49.7248
38.6350, 4.93e-05, 6194.6082, 57.8751, 2.5548, -49.7358
38.6400, 5.1e-05, 6194.3796, 57.9083, 2.5547, -49.7468
38.6450, 4.81e-05, 6194.1510, 57.9415, 2.5547, -49.7578
38.6500, 4.83e-05, 6193.9221, 57.9748, 2.5547, -49.7687
38.6550, 6.33e-05, 6193.6931, 58.0080, 2.5547, -49.7796
38.6600, 4.99e-05, 6193.4640, 58.0412, 2.5546, -49.7905
38.6650, 4.85e-05, 6193.2347, 58.0745, 2.5546, -49.8014
38.6700, 4.84e-05, 6193.0052, 58.1077, 2.5546, -49.8122
38.6750, 5.04e-05, 6192.7756, 58.1409, 2.5545, -49.8230
38.6800, 4.88e-05, 6192.5459, 58.1741, 2.5545, -49.8338
38.6850, 4.89e-05, 6192.3160, 58.2074, 2.5544, -49.8446
38.6900, 6.1e-05, 6192.0859, 58.2406, 2.5544, -49.8553
38.6950, 5.14e-05, 6191.8557, 58.2738, 2.5543, -49.8660
38.7000, 4.88e-05, 6191.6253, 58.3070, 2.5543, -49.8766
38.7050, 4.87e-05, 6191.3948, 58.3402, 2.5542, -49.8873
38.7100, 6.04e-05, 6191.1641, 58.3735, 2.5542, -49.8978
38.7150, 5.55e-05, 6190.9333, 58.4067, 2.5541, -49.9084
38.7200, 4.99e-05, 6190.7024, 58.4399, 2.5541, -49.9189
38.7250, 6.43e-05, 6190.4712, 58.4731, 2.5540, -49.9294
38.7300, 5.16e-05, 6190.2400, 58.5063, 2.5539, -49.9399
38.7350, 4.85e-05, 6190.0086, 58.5395, 2.5539, -49.9503
38.7400, 4.9e-05, 6189.7770, 58.5728, 2.5538, -49.9607
38.7450, 4.87e-05, 6189.5453, 58.6060, 2.5537, -49.9710
38.7500, 5.1e-05, 6189.3134, 58.6392, 2.5537, -49.9813
38.7550, 5.94e-05, 6189.0814, 58.6724, 2.5536, -49.9916
38.7600, 5.02e-05, 6188.8492, 58.7056, 2.5535, -50.0018
38.7650, 4.85e-05, 6188.6169, 58.7388, 2.5534, -50.0120
38.7700, 5.09e-05, 6188.3844, 58.7720, 2.5534, -50.0222
38.7750, 4.84e-05, 6188.1518, 58.8052, 2.5533, -50.0323
38.7800, 4.83e-05, 6187.9191, 58.8384, 2.5532, -50.0424
38.7850, 5.07e-05, 6187.6862, 58.8716, 2.5531, -50.0524
38.7900, 5.86e-05, 6187.4531, 58.9048, 2.5530, -50.0624
38.7950, 5.06e-05, 6187.2199, 58.9380, 2.5529, -50.0723
38.8000, 5.22e-05, 6186.9866, 58.9712, 2.5529, -50.0822
38.8050, 5.18e-05, 6186.7531, 59.0044, 2.5528, -50.0921
38.8100, 4.92e-05, 6186.5194, 59.0376, 2.5527, -50.1019
38.8150, 4.89e-05, 6186.2856, 59.0708, 2.5526, -50.1117
38.8200, 4.85e-05, 6186.0517, 59.1040, 2.5525, -50.1214
38.8250, 6.1e-05, 6185.8176, 59.1372, 2.5524, -50.1311
38.8300, 5.08e-05, 6185.5834, 59.1704, 2.5523, -50.1407
38.8350, 6.79e-05, 6185.3490, 59.2036, 2.5522, -50.1503
38.8400, 5.32e-05, 6185.1145, 59.2368, 2.5521, -50.1598
38.8450, 4.87e-05, 6184.8798, 59.2700, 2.5520, -50.1693
38.8500, 6.42e-05, 6184.6450, 59.3032, 2.5519, -50.1787
38.8550, 5.44e-05, 6184.4101, 59.3364, 2.5518, -50.1881
38.8600, 6.58e-05, 6184.1750, 59.3696, 2.5517, -50.1974
38.8650, 4.97e-05, 6183.9397, 59.4027, 2.5516, -50.2067
38.8700, 4.87e-05, 6183.7043, 59.4359, 2.5515, -50.2159
38.8750, 4.89e-05, 6183.4688, 59.4691, 2.5514, -50.2251
38.8800, 5.37e-05, 6183.2331, 59.5023, 2.5513, -50.2342
38.8850, 4.91e-05, 6182.9973, 59.5355, 2.5512, -50.2432
38.8900, 4.82e-05, 6182.7613, 59.5686, 2.5511, -50.2523
38.8950, 6.3e-05, 6182.5252, 59.6018, 2.5510, -50.2612
38.9000, 4.9e-05, 6182.2890, 59.6350, 2.5509, -50.2701
38.9050, 4.86e-05, 6182.0526, 59.6681, 2.5508, -50.2789
38.9100, 4.88e-05, 6181.8161, 59.7013, 2.5507, -50.2877
38.9150, 5.1e-05, 6181.5794, 59.7345, 2.5506, -50.2964
38.9200, 4.87e-05, 6181.3426, 59.7676, 2.5504, -50.3051
38.9250, 4.94e-05, 6181.1056, 59.8008, 2.5503, -50.3137
38.9300, 6.13e-05, 6180.8685, 59.8340, 2.5502, -50.3223
38.9350, 5.14e-05, 6180.6313, 59.8671, 2.5501, -50.3307
38.9400, 4.87e-05, 6180.3939, 59.9003, 2.5500, -50.3392
38.9450, 4.86e-05, 6180.1564, 59.9334, 2.5499, -50.3475
38.9500, 4.86e-05, 6179.9187, 59.9666, 2.5498, -50.3558
38.9550, 5.12e-05, 6179.6809, 59.9997, 2.5497, -50.3641
38.9600, 4.81e-05, 6179.4429, 60.0329, 2.5495, -50.3722
38.9650, 6.03e-05, 6179.2049, 60.0660, 2.5494, -50.3803
38.9700, 5.25e-05, 6178.9666, 60.0992, 2.5493, -50.3884
38.9750, 4.91e-05, 6178.7283, 60.1323, 2.5492, -50.3964
38.9800, 4.88e-05, 6178.4898, 60.1655, 2.5491, -50.4043
38.9850, 4.88e-05, 6178.2511, 60.1986, 2.5490, -50.4121
38.9900, 5.03e-05, 6178.0123, 60.2317, 2.5489, -50.4199
38.9950, 4.88e-05, 6177.7734, 60.2649, 2.5487, -50.4276
39.0000, 6.06e-05, 6177.5344, 60.2980, 2.5486, -50.4352
39.0050, 4.9e-05, 6177.2952, 60.3311, 2.5485, -50.4428
39.0100, 5.09e-05, 6177.0558, 60.3642, 2.5484, -50.4503
39.0150, 4.85e-05, 6176.8164, 60.3974, 2.5483, -50.4577
39.0200, 4.83e-05, 6176.5767, 60.4305, 2.5481, -50.4651
39.0250, 6.14e-05, 6176.3370, 60.4636, 2.5480, -50.4724
39.0300, 4.85e-05, 6176.0971, 60.4967, 2.5479, -50.4796
39.0350, 6.03e-05, 6175.8571, 60.5298, 2.5478, -50.4867
39.0400, 4.89e-05, 6175.6169, 60.5630, 2.5477, -50.4938
39.0450, 5.54e-05, 6175.3766, 60.5961, 2.5475, -50.5008
39.0500, 5.25e-05, 6175.1362, 60.6292, 2.5474, -50.5077
39.0550, 7.62e-05, 6174.8956, 60.6623, 2.5473, -50.5145
39.0600, 5.23e-05, 6174.6549, 60.6954, 2.5472, -50.5213
39.0650, 9.76e-05, 6174.4141, 60.7285, 2.5471, -50.5280
39.0700, 9.12e-05, 6174.1731, 60.7616, 2.5469, -50.5346
39.0750, 7.78e-05, 6173.9320, 60.7947, 2.5468, -50.5411
39.0800, 5.22e-05, 6173.6908, 60.8277, 2.5467, -50.5476
39.0850, 5.23e-05, 6173.4494, 60.8608, 2.5466, -50.5540
39.0900, 6.52e-05, 6173.2079, 60.8939, 2.5465, -50.5603
39.0950, 4.97e-05, 6172.9662, 60.9270, 2.5463, -50.5665
39.1000, 5.1e-05, 6172.7244, 60.9601, 2.5462, -50.5726
39.1050, 4.89e-05, 6172.4825, 60.9931, 2.5461, -50.5787
39.1100, 4.9e-05, 6172.2405, 61.0262, 2.5460, -50.5847
39.1150, 4.91e-05, 6171.9983, 61.0593, 2.5458, -50.5906
39.1200, 5.52e-05, 6171.7560, 61.0924, 2.5457, -50.5964
39.1250, 6.08e-05, 6171.5135, 61.1254, 2.5456, -50.6021
39.1300, 4.91e-05, 6171.2710, 61.1585, 2.5455, -50.6077
39.1350, 4.89e-05, 6171.0282, 61.1915, 2.5454, -50.6133
39.1400, 5.15e-05, 6170.7854, 61.2246, 2.5452, -50.6188
39.1450, 4.88e-05, 6170.5424, 61.2576, 2.5451, -50.6242
39.1500, 4.87e-05, 6170.2993, 61.2907, 2.5450, -50.6295
39.1550, 6.69e-05, 6170.0561, 61.3237, 2.5449, -50.6347
39.1600, 5.13e-05, 6169.8127, 61.3568, 2.5447, -50.6398
39.1650, 4.92e-05, 6169.5692, 61.3898, 2.5446, -50.6449
39.1700, 4.85e-05, 6169.3256, 61.4228, 2.5445, -50.6498
39.1750, 5.06e-05, 6169.0818, 61.4559, 2.5444, -50.6547
39.1800, 4.91e-05, 6168.8379, 61.4889, 2.5443, -50.6595
39.1850, 4.93e-05, 6168.5939, 61.5219, 2.5441, -50.6641
39.1900, 5.84e-05, 6168.3497, 61.5549, 2.5440, -50.6687
39.1950, 5.27e-05, 6168.1054, 61.5879, 2.5439, -50.6733
39.2000, 4.89e-05, 6167.8610, 61.6209, 2.5438, -50.6777
39.2050, 5.04e-05, 6167.6165, 61.6540, 2.5436, -50.6820
39.2100, 5.05e-05, 6167.3718, 61.6870, 2.5435, -50.6862
39.2150, 4.87e-05, 6167.1270, 61.7200, 2.5434, -50.6904
39.2200, 4.83e-05, 6166.8821, 61.7530, 2.5433, -50.6944
39.2250, 4.83e-05, 6166.6370, 61.7859, 2.5431, -50.6984
39.2300, 5.28e-05, 6166.3918, 61.8189, 2.5430, -50.7022
39.2350, 4.9e-05, 6166.1465, 61.8519, 2.5429, -50.7060
39.2400, 4.86e-05, 6165.9011, 61.8849, 2.5428, -50.7097
39.2450, 4.86e-05, 6165.6555, 61.9179, 2.5427, -50.7133
39.2500, 5.1e-05, 6165.4098, 61.9508, 2.5425, -50.7167
39.2550, 4.89e-05, 6165.1640, 61.9838, 2.5424, -50.7201
39.2600, 4.9e-05, 6164.9181, 62.0168, 2.5423, -50.7234
39.2650, 5.13e-05, 6164.6720, 62.0497, 2.5422, -50.7266
39.2700, 5.11e-05, 6164.4258, 62.0827, 2.5420, -50.7297
39.2750, 4.89e-05, 6164.1795, 62.1156, 2.5419, -50.7327
39.2800, 4.85e-05, 6163.9330, 62.1486, 2.5418, -50.7356
39.2850, 5.15e-05, 6163.6864, 62.1815, 2.5417, -50.7384
39.2900, 5.31e-05, 6163.4397, 62.2145, 2.5416, -50.7411
39.2950, 4.88e-05, 6163.1929, 62.2474, 2.5414, -50.7437
39.3000, 5.08e-05, 6162.9460, 62.2803, 2.5413, -50.7462
39.3050, 5.08e-05, 6162.6989, 62.3132, 2.5412, -50.7486
39.3100, 4.87e-05, 6162.4517, 62.3462, 2.5411, -50.7509
39.3150, 5.03e-05, 6162.2044, 62.3791, 2.5409, -50.7531
39.3200, 4.85e-05, 6161.9569, 62.4120, 2.5408, -50.7552
39.3250, 5.16e-05, 6161.7093, 62.4449, 2.5407, -50.7572
39.3300, 4.88e-05, 6161.4616, 62.4778, 2.5406, -50.7591
39.3350, 5.16e-05, 6161.2138, 62.5107, 2.5405, -50.7609
39.3400, 5.06e-05, 6160.9659, 62.5436, 2.5403, -50.7626
39.3450, 4.87e-05, 6160.7178, 62.5764, 2.5402, -50.7642
39.3500, 4.95e-05, 6160.4696, 62.6093, 2.5401, -50.7657
39.3550, 4.86e-05, 6160.2213, 62.6422, 2.5400, -50.7670
39.3600, 5.03e-05, 6159.9729, 62.6751, 2.5398, -50.7683
39.3650, 4.86e-05, 6159.7243, 62.7079, 2.5397, -50.7695
39.3700, 6.02e-05, 6159.4757, 62.7408, 2.5396, -50.7706
39.3750, 5.32e-05, 6159.2269, 62.7736, 2.5395, -50.7715
39.3800, 5.36e-05, 6158.9780, 62.8065, 2.5394, -50.7724
39.3850, 5.09e-05, 6158.7289, 62.8393, 2.5392, -50.7731
39.3900, 4.88e-05, 6158.4798, 62.8722, 2.5391, -50.7738
39.3950, 4.84e-05, 6158.2305, 62.9050, 2.5390, -50.7743
39.4000, 6.08e-05, 6157.9811, 62.9378, 2.5389, -50.7747
39.4050, 5.08e-05, 6157.7316, 62.9706, 2.5388, -50.7751
39.4100, 4.88e-05, 6157.4819, 63.0035, 2.5386, -50.7753
39.4150, 5.08e-05, 6157.2322, 63.0363, 2.5385, -50.7754
39.4200, 4.9e-05, 6156.9823, 63.0691, 2.5384, -50.7754
39.4250, 4.85e-05, 6156.7323, 63.1019, 2.5383, -50.7753
39.4300, 4.89e-05, 6156.4822, 63.1347, 2.5382, -50.7751
39.4350, 5.08e-05, 6156.2320, 63.1674, 2.5380, -50.7747
39.4400, 5.07e-05, 6155.9816, 63.2002, 2.5379, -50.7743
39.4450, 4.88e-05, 6155.7312, 63.2330, 2.5378, -50.7738
39.4500, 4.92e-05, 6155.4806, 63.2658, 2.5377, -50.7731
39.4550, 5.05e-05, 6155.2299, 63.2985, 2.5376, -50.7724
39.4600, 5.31e-05, 6154.9791, 63.3313, 2.5375, -50.7715
39.4650, 4.89e-05, 6154.7281, 63.3640, 2.5373, -50.7705
39.4700, 5.09e-05, 6154.4771, 63.3968, 2.5372, -50.7694
39.4750, 5.16e-05, 6154.2259, 63.4295, 2.5371, -50.7682
39.4800, 4.87e-05, 6153.9746, 63.4623, 2.5370, -50.7669
39.4850, 4.85e-05, 6153.7232, 63.4950, 2.5369, -50.7655
39.4900, 5.08e-05, 6153.4717, 63.5277, 2.5367, -50.7640
39.4950, 4.87e-05, 6153.2201, 63.5604, 2.5366, -50.7623
39.5000, 4.84e-05, 6152.9683, 63.5931, 2.5365, -50.7606
39.5050, 4.84e-05, 6152.7165, 63.6258, 2.5364, -50.7587
39.5100, 0.0001531, 6152.4645, 63.6585, 2.5363, -50.7567
39.5150, 0.0001798, 6152.2124, 63.6912, 2.5362, -50.7546
39.5200, 0.0001695, 6151.9602, 63.7239, 2.5361, -50.7524
39.5250, 7.16e-05, 6151.7079, 63.7565, 2.5359, -50.7501
39.5300, 6.01e-05, 6151.4555, 63.7892, 2.5358, -50.7477
39.5350, 5.61e-05, 6151.2029, 63.8219, 2.5357, -50.7451
39.5400, 5.52e-05, 6150.9503, 63.8545, 2.5356, -50.7425
39.5450, 5.69e-05, 6150.6975, 63.8872, 2.5355, -50.7397
39.5500, 5.49e-05, 6150.4446, 63.9198, 2.5354, -50.7368
39.5550, 5.49e-05, 6150.1916, 63.9524, 2.5353, -50.7339
39.5600, 5.48e-05, 6149.9385, 63.9850, 2.5351, -50.7308
39.5650, 5.69e-05, 6149.6853, 64.0177, 2.5350, -50.7275
39.5700, 5.48e-05, 6149.4320, 64.0503, 2.5349, -50.7242
39.5750, 5.45e-05, 6149.1785, 64.0829, 2.5348, -50.7208
39.5800, 5.54e-05, 6148.9250, 64.1155, 2.5347, -50.7172
39.5850, 0.0001562, 6148.6713, 64.1481, 2.5346, -50.7135
39.5900, 0.0002809, 6148.4175, 64.1806, 2.5345, -50.7097
39.5950, 7.09e-05, 6148.1636, 64.2132, 2.5344, -50.7059
39.6000, 6.03e-05, 6147.9097, 64.2458, 2.5343, -50.7018
39.6050, 5.3e-05, 6147.6555, 64.2783, 2.5342, -50.6977
39.6100, 5.16e-05, 6147.4013, 64.3109, 2.5340, -50.6935
39.6150, 4.95e-05, 6147.1470, 64.3434, 2.5339, -50.6891
39.6200, 5.12e-05, 6146.8926, 64.3759, 2.5338, -50.6846
39.6250, 4.96e-05, 6146.6380, 64.4085, 2.5337, -50.6801
39.6300, 4.93e-05, 6146.3834, 64.4410, 2.5336, -50.6754
39.6350, 4.92e-05, 6146.1286, 64.4735, 2.5335, -50.6706
39.6400, 5.76e-05, 6145.8738, 64.5060, 2.5334, -50.6656
39.6450, 4.95e-05, 6145.6188, 64.5385, 2.5333, -50.6606
39.6500, 4.88e-05, 6145.3637, 64.5710, 2.5332, -50.6554
39.6550, 5.27e-05, 6145.1085, 64.6034, 2.5331, -50.6502
39.6600, 4.98e-05, 6144.8532, 64.6359, 2.5330, -50.6448
39.6650, 4.93e-05, 6144.5978, 64.6684, 2.5329, -50.6393
39.6700, 4.89e-05, 6144.3423, 64.7008, 2.5328, -50.6337
39.6750, 5.12e-05, 6144.0867, 64.7333, 2.5327, -50.6280
39.6800, 4.87e-05, 6143.8310, 64.7657, 2.5326, -50.6221
39.6850, 4.88e-05, 6143.5752, 64.7981, 2.5325, -50.6162
39.6900, 4.9e-05, 6143.3193, 64.8305, 2.5324, -50.6101
39.6950, 5.13e-05, 6143.0632, 64.8629, 2.5323, -50.6039
39.7000, 4.95e-05, 6142.8071, 64.8953, 2.5322, -50.5976
39.7050, 4.87e-05, 6142.5508, 64.9277, 2.5321, -50.5912
39.7100, 4.92e-05, 6142.2945, 64.9601, 2.5320, -50.5847
39.7150, 5.08e-05, 6142.0380, 64.9925, 2.5319, -50.5781
39.7200, 4.88e-05, 6141.7815, 65.0248, 2.5318, -50.5713
39.7250, 4.91e-05, 6141.5248, 65.0572, 2.5317, -50.5644
39.7300, 9.84e-05, 6141.2681, 65.0895, 2.5316, -50.5575
39.7350, 5.63e-05, 6141.0112, 65.1219, 2.5315, -50.5504
39.7400, 5.06e-05, 6140.7542, 65.1542, 2.5315, -50.5432
39.7450, 4.91e-05, 6140.4972, 65.1865, 2.5314, -50.5358
39.7500, 5.13e-05, 6140.2400, 65.2188, 2.5313, -50.5284
39.7550, 4.92e-05, 6139.9827, 65.2511, 2.5312, -50.5209
39.7600, 4.94e-05, 6139.7253, 65.2833, 2.5311, -50.5132
39.7650, 5.2e-05, 6139.4679, 65.3156, 2.5310, -50.5054
39.7700, 5.29e-05, 6139.2103, 65.3479, 2.5309, -50.4975
39.7750, 4.91e-05, 6138.9526, 65.3801, 2.5309, -50.4895
39.7800, 4.92e-05, 6138.6948, 65.4123, 2.5308, -50.4814
39.7850, 5.14e-05, 6138.4370, 65.4446, 2.5307, -50.4732
39.7900, 4.89e-05, 6138.1790, 65.4768, 2.5306, -50.4649
39.7950, 0.0002519, 6137.9209, 65.5090, 2.5306, -50.4564
39.8000, 5.85e-05, 6137.6627, 65.5412, 2.5305, -50.4478
39.8050, 5.71e-05, 6137.4044, 65.5734, 2.5304, -50.4392
39.8100, 5.45e-05, 6137.1461, 65.6055, 2.5304, -50.4304
39.8150, 5.53e-05, 6136.8876, 65.6377, 2.5303, -50.4215
39.8200, 6.4e-05, 6136.6290, 65.6698, 2.5302, -50.4125
39.8250, 5.31e-05, 6136.3704, 65.7020, 2.5302, -50.4033
39.8300, 4.97e-05, 6136.1116, 65.7341, 2.5301, -50.3941
39.8350, 4.92e-05, 6135.8527, 65.7662, 2.5301, -50.3847
39.8400, 0.00014, 6135.5938, 65.7983, 2.5300, -50.3753
39.8450, 0.0001156, 6135.3347, 65.8304, 2.5300, -50.3657
39.8500, 5.06e-05, 6135.0756, 65.8625, 2.5299, -50.3560
39.8550, 5.32e-05, 6134.8163, 65.8946, 2.5299, -50.3462
39.8600, 5.22e-05, 6134.5570, 65.9266, 2.5298, -50.3363
39.8650, 4.91e-05, 6134.2975, 65.9587, 2.5298, -50.3263
39.8700, 5.38e-05, 6134.0380, 65.9907, 2.5298, -50.3162
39.8750, 6.28e-05, 6133.7784, 66.0227, 2.5297, -50.3060
39.8800, 5.36e-05, 6133.5186, 66.0548, 2.5297, -50.2956
39.8850, 5e-05, 6133.2588, 66.0868, 2.5297, -50.2852
39.8900, 4.94e-05, 6132.9989, 66.1188, 2.5296, -50.2746
39.8950, 4.93e-05, 6132.7389, 66.1507, 2.5296, -50.2639
39.9000, 5.14e-05, 6132.4788, 66.1827, 2.5296, -50.2532
39.9050, 4.93e-05, 6132.2186, 66.2147, 2.5295, -50.2423
39.9100, 6.1e-05, 6131.9583, 66.2466, 2.5295, -50.2313
39.9150, 5.29e-05, 6131.6979, 66.2786, 2.5295, -50.2202
39.9200, 4.95e-05, 6131.4374, 66.3105, 2.5295, -50.2090
39.9250, 4.89e-05, 6131.1769, 66.3424, 2.5295, -50.1977
39.9300, 4.9e-05, 6130.9162, 66.3743, 2.5294, -50.1863
39.9350, 5.68e-05, 6130.6555, 66.4062, 2.5294, -50.1747
39.9400, 5.62e-05, 6130.3946, 66.4381, 2.5294, -50.1631
39.9450, 6.21e-05, 6130.1337, 66.4700, 2.5294, -50.1514
39.9500, 5.04e-05, 6129.8727, 66.5019, 2.5294, -50.1395
39.9550, 5.13e-05, 6129.6116, 66.5337, 2.5294, -50.1276
39.9600, 4.94e-05, 6129.3504, 66.5656, 2.5294, -50.1155
39.9650, 4.9e-05, 6129.0891, 66.5974, 2.5294, -50.1034
39.9700, 4.88e-05, 6128.8277, 66.6292, 2.5294, -50.0911
39.9750, 5.1e-05, 6128.5662, 66.6610, 2.5293, -50.0788
39.9800, 6.1e-05, 6128.3047, 66.6928, 2.5293, -50.0663
39.9850, 4.99e-05, 6128.0430, 66.7246, 2.5293, -50.0537
39.9900, 5.14e-05, 6127.7813, 66.7564, 2.5293, -50.0411
39.9950, 4.96e-05, 6127.5195, 66.7881, 2.5293, -50.0283
40.0000, 4.91e-05, 6127.2575, 66.8199, 2.5293, -50.0154
40.0050, 4.92e-05, 6126.9955, 66.8516, 2.5293, -50.0025
40.0100, 5.08e-05, 6126.7335, 66.8834, 2.5293, -49.9894
40.0150, 6.12e-05, 6126.4713, 66.9151, 2.5293, -49.9762
40.0200, 5.33e-05, 6126.2090, 66.9468, 2.5293, -49.9630
40.0250, 4.97e-05, 6125.9467, 66.9785, 2.5293, -49.9496
40.0300, 5.13e-05, 6125.6842, 67.0102, 2.5293, -49.9361
40.0350, 4.9e-05, 6125.4217, 67.0419, 2.5293, -49.9226
40.0400, 4.9e-05, 6125.1591, 67.0735, 2.5293, -49.9089
40.0450, 5.11e-05, 6124.8964, 67.1052, 2.5293, -49.8951
40.0500, 5.2e-05, 6124.6337, 67.1368, 2.5293, -49.8813
40.0550, 4.92e-05, 6124.3708, 67.1684, 2.5293, -49.8673
40.0600, 4.9e-05, 6124.1079, 67.2000, 2.5293, -49.8533
40.0650, 5.12e-05, 6123.8448, 67.2316, 2.5293, -49.8392
40.0700, 4.91e-05, 6123.5817, 67.2632, 2.5293, -49.8249
40.0750, 4.88e-05, 6123.3186, 67.2947, 2.5294, -49.8106
40.0800, 4.9e-05, 6123.0553, 67.3263, 2.5294, -49.7962
40.0850, 5.34e-05, 6122.7919, 67.3578, 2.5294, -49.7816
40.0900, 4.92e-05, 6122.5285, 67.3894, 2.5294, -49.7670
40.0950, 4.92e-05, 6122.2650, 67.4209, 2.5294, -49.7523
40.1000, 4.91e-05, 6122.0014, 67.4524, 2.5294, -49.7375
40.1050, 6.5e-05, 6121.7377, 67.4838, 2.5294, -49.7226
40.1100, 5.09e-05, 6121.4739, 67.5153, 2.5294, -49.7076
40.1150, 6.1e-05, 6121.2101, 67.5468, 2.5294, -49.6926
40.1200, 5.3e-05, 6120.9461, 67.5782, 2.5294, -49.6774
40.1250, 4.96e-05, 6120.6821, 67.6096, 2.5295, -49.6621
40.1300, 4.92e-05, 6120.4181, 67.6411, 2.5295, -49.6468
40.1350, 0.0004112, 6120.1539, 67.6725, 2.5295, -49.6313
40.1400, 8.77e-05, 6119.8897, 67.7038, 2.5295, -49.6158
40.1450, 5.73e-05, 6119.6253, 67.7352, 2.5295, -49.6002
40.1500, 6.43e-05, 6119.3609, 67.7666, 2.5296, -49.5845
40.1550, 6.5e-05, 6119.0965, 67.7979, 2.5296, -49.5687
40.1600, 5.26e-05, 6118.8319, 67.8292, 2.5296, -49.5528
40.1650, 4.94e-05, 6118.5673, 67.8606, 2.5296, -49.5369
40.1700, 4.95e-05, 6118.3026, 67.8919, 2.5297, -49.5208
40.1750, 5.15e-05, 6118.0378, 67.9231, 2.5297, -49.5047
40.1800, 4.94e-05, 6117.7729, 67.9544, 2.5297, -49.4884
40.1850, 4.96e-05, 6117.5080, 67.9857, 2.5298, -49.4721
40.1900, 5.16e-05, 6117.2430, 68.0169, 2.5298, -49.4557
40.1950, 5.14e-05, 6116.9779, 68.0481, 2.5299, -49.4392
40.2000, 5e-05, 6116.7127, 68.0794, 2.5299, -49.4227
40.2050, 4.89e-05, 6116.4475, 68.1106, 2.5299, -49.4060
40.2100, 4.92e-05, 6116.1821, 68.1417, 2.5300, -49.3893
40.2150, 5.12e-05, 6115.9168, 68.1729, 2.5300, -49.3725
40.2200, 4.88e-05, 6115.6513, 68.2041, 2.5301, -49.3556
40.2250, 5.16e-05, 6115.3858, 68.2352, 2.5301, -49.3386
40.2300, 5.14e-05, 6115.1202, 68.2663, 2.5302, -49.3216
40.2350, 5.98e-05, 6114.8545, 68.2974, 2.5302, -49.3044
40.2400, 5e-05, 6114.5887, 68.3285, 2.5303, -49.2872
40.2450, 4.9e-05, 6114.3229, 68.3596, 2.5303, -49.2699
40.2500, 5.97e-05, 6114.0570, 68.3907, 2.5304, -49.2525
40.2550, 6.24e-05, 6113.7910, 68.4217, 2.5305, -49.2351
40.2600, 5.04e-05, 6113.5250, 68.4527, 2.5305, -49.2175
40.2650, 4.93e-05, 6113.2589, 68.4838, 2.5306, -49.1999
40.2700, 5.13e-05, 6112.9927, 68.5148, 2.5307, -49.1823
40.2750, 0.0001939, 6112.7264, 68.5457, 2.5307, -49.1645
40.2800, 5.36e-05, 6112.4601, 68.5767, 2.5308, -49.1467
40.2850, 5e-05, 6112.1937, 68.6077, 2.5309, -49.1287
40.2900, 6.49e-05, 6111.9273, 68.6386, 2.5310, -49.1107
40.2950, 5e-05, 6111.6607, 68.6695, 2.5310, -49.0927
40.3000, 5.33e-05, 6111.3941, 68.7004, 2.5311, -49.0746
40.3050, 5.63e-05, 6111.1275, 68.7313, 2.5312, -49.0563
40.3100, 0.0002348, 6110.8607, 68.7622, 2.5313, -49.0381
40.3150, 6.62e-05, 6110.5939, 68.7931, 2.5314, -49.0197
40.3200, 5.55e-05, 6110.3271, 68.8239, 2.5315, -49.0013
40.3250, 5.76e-05, 6110.0601, 68.8547, 2.5316, -48.9828
40.3300, 5.51e-05, 6109.7931, 68.8855, 2.5317, -48.9642
40.3350, 5.44e-05, 6109.5261, 68.9163, 2.5318, -48.9456
40.3400, 6.63e-05, 6109.2589, 68.9471, 2.5319, -48.9269
40.3450, 5.39e-05, 6108.9917, 68.9779, 2.5320, -48.9081
40.3500, 4.98e-05, 6108.7245, 69.0086, 2.5321, -48.8892
40.3550, 0.0002212, 6108.4572, 69.0393, 2.5322, -48.8703
40.3600, 5.92e-05, 6108.1898, 69.0701, 2.5323, -48.8513
40.3650, 5.28e-05, 6107.9223, 69.1008, 2.5324, -48.8323
40.3700, 5e-05, 6107.6548, 69.1314, 2.5325, -48.8132
40.3750, 4.96e-05, 6107.3872, 69.1621, 2.5326, -48.7940
40.3800, 5.14e-05, 6107.1196, 69.1927, 2.5327, -48.7748
40.3850, 4.93e-05, 6106.8519, 69.2234, 2.5329, -48.7554
40.3900, 4.92e-05, 6106.5841, 69.2540, 2.5330, -48.7361
40.3950, 6.02e-05, 6106.3163, 69.2846, 2.5331, -48.7166
40.4000, 5.34e-05, 6106.0484, 69.3152, 2.5332, -48.6971
40.4050, 4.94e-05, 6105.7804, 69.3457, 2.5334, -48.6776
40.4100, 4.94e-05, 6105.5124, 69.3763, 2.5335, -48.6579
40.4150, 4.92e-05, 6105.2443, 69.4068, 2.5336, -48.6383
40.4200, 5.15e-05, 6104.9762, 69.4373, 2.5338, -48.6185
40.4250, 4.95e-05, 6104.7080, 69.4678, 2.5339, -48.5987
40.4300, 6.02e-05, 6104.4397, 69.4983, 2.5341, -48.5788
40.4350, 6.42e-05, 6104.1714, 69.5288, 2.5342, -48.5589
40.4400, 4.99e-05, 6103.9031, 69.5592, 2.5343, -48.5389
40.4450, 4.92e-05, 6103.6346, 69.5896, 2.5345, -48.5189
40.4500, 4.95e-05, 6103.3661, 69.6200, 2.5346, -48.4988
40.4550, 5.11e-05, 6103.0976, 69.6504, 2.5348, -48.4786
40.4600, 4.94e-05, 6102.8290, 69.6808, 2.5349, -48.4584
40.4650, 6.05e-05, 6102.5603, 69.7112, 2.5351, -48.4381
40.4700, 5.08e-05, 6102.2916, 69.7415, 2.5352, -48.4178
40.4750, 5.16e-05, 6102.0229, 69.7718, 2.5354, -48.3974
40.4800, 4.94e-05, 6101.7540, 69.8021, 2.5356, -48.3770
40.4850, 4.9e-05, 6101.4851, 69.8324, 2.5357, -48.3565
40.4900, 5.06e-05, 6101.2162, 69.8627, 2.5359, -48.3359
40.4950, 4.92e-05, 6100.9472, 69.8929, 2.5361, -48.3153
40.5000, 5.97e-05, 6100.6782, 69.9232, 2.5362, -48.2947
40.5050, 5.07e-05, 6100.4091, 69.9534, 2.5364, -48.2740
40.5100, 5.15e-05, 6100.1399, 69.9836, 2.5366, -48.2532
40.5150, 5.01e-05, 6099.8707, 70.0138, 2.5367, -48.2324
40.5200, 4.98e-05, 6099.6015, 70.0439, 2.5369, -48.2115
40.5250, 4.89e-05, 6099.3321, 70.0741, 2.5371, -48.1906
40.5300, 5.11e-05, 6099.0628, 70.1042, 2.5373, -48.1697
40.5350, 6e-05, 6098.7934, 70.1343, 2.5374, -48.1487
40.5400, 5.06e-05, 6098.5239, 70.1644, 2.5376, -48.1276
40.5450, 5.16e-05, 6098.2544, 70.1945, 2.5378, -48.1065
40.5500, 4.91e-05, 6097.9848, 70.2246, 2.5380, -48.0854
40.5550, 4.9e-05, 6097.7152, 70.2546, 2.5382, -48.0642
40.5600, 4.93e-05, 6097.4455, 70.2846, 2.5384, -48.0430
40.5650, 5.12e-05, 6097.1758, 70.3146, 2.5386, -48.0217
40.5700, 5.94e-05, 6096.9060, 70.3446, 2.5387, -48.0003
40.5750, 5.04e-05, 6096.6362, 70.3746, 2.5389, -47.9790
40.5800, 4.93e-05, 6096.3664, 70.4045, 2.5391, -47.9575
40.5850, 5.13e-05, 6096.0965, 70.4345, 2.5393, -47.9361
40.5900, 5.41e-05, 6095.8265, 70.4644, 2.5395, -47.9146
40.5950, 4.95e-05, 6095.5565, 70.4943, 2.5397, -47.8930
40.6000, 6.26e-05, 6095.2864, 70.5241, 2.5399, -47.8714
40.6050, 5.45e-05, 6095.0164, 70.5540, 2.5401, -47.8498
40.6100, 4.94e-05, 6094.7462, 70.5838, 2.5403, -47.8281
40.6150, 4.95e-05, 6094.4760, 70.6137, 2.5405, -47.8064
40.6200, 5.14e-05, 6094.2058, 70.6435, 2.5407, -47.7847
40.6250, 4.91e-05, 6093.9355, 70.6732, 2.5409, -47.7629
40.6300, 4.93e-05, 6093.6652, 70.7030, 2.5411, -47.7410
40.6350, 5.96e-05, 6093.3948, 70.7327, 2.5413, -47.7192
40.6400, 5.34e-05, 6093.1244, 70.7625, 2.5415, -47.6973
40.6450, 0.0001441, 6092.8539, 70.7922, 2.5417, -47.6753
40.6500, 0.000341, 6092.5834, 70.8219, 2.5419, -47.6533
40.6550, 9.37e-05, 6092.3129, 70.8515, 2.5421, -47.6313
40.6600, 6.15e-05, 6092.0423, 70.8812, 2.5423, -47.6093
40.6650, 6.68e-05, 6091.7717, 70.9108, 2.5426, -47.5872
40.6700, 5.05e-05, 6091.5010, 70.9405, 2.5428, -47.5650
40.6750, 5.11e-05, 6091.2303, 70.9701, 2.5430, -47.5429
40.6800, 4.9e-05, 6090.9596, 70.9996, 2.5432, -47.5207
40.6850, 4.84e-05, 6090.6888, 71.0292, 2.5434, -47.4984
40.6900, 4.92e-05, 6090.4180, 71.0587, 2.5436, -47.4762
40.6950, 5.05e-05, 6090.1471, 71.0883, 2.5438, -47.4539
40.7000, 6.09e-05, 6089.8762, 71.1178, 2.5440, -47.4316
40.7050, 4.9e-05, 6089.6052, 71.1472, 2.5442, -47.4092
40.7100, 4.83e-05, 6089.3343, 71.1767, 2.5444, -47.3868
40.7150, 5.06e-05, 6089.0632, 71.2062, 2.5447, -47.3644
40.7200, 5.23e-05, 6088.7922, 71.2356, 2.5449, -47.3419
40.7250, 6.53e-05, 6088.5211, 71.2650, 2.5451, -47.3194
40.7300, 6.3e-05, 6088.2500, 71.2944, 2.5453, -47.2969
40.7350, 5.31e-05, 6087.9788, 71.3237, 2.5455, -47.2743
40.7400, 4.91e-05, 6087.7076, 71.3531, 2.5457, -47.2518
40.7450, 4.85e-05, 6087.4363, 71.3824, 2.5459, -47.2292
40.7500, 5.07e-05, 6087.1651, 71.4117, 2.5461, -47.2065
40.7550, 4.95e-05, 6086.8938, 71.4410, 2.5464, -47.1839
40.7600, 4.96e-05, 6086.6224, 71.4703, 2.5466, -47.1612
40.7650, 5.96e-05, 6086.3510, 71.4996, 2.5468, -47.1384
40.7700, 5.25e-05, 6086.0796, 71.5288, 2.5470, -47.1157
40.7750, 4.88e-05, 6085.8082, 71.5580, 2.5472, -47.0929
40.7800, 4.83e-05, 6085.5367, 71.5872, 2.5474, -47.0701
40.7850, 4.89e-05, 6085.2652, 71.6164, 2.5476, -47.0473
40.7900, 5.11e-05, 6084.9936, 71.6456, 2.5478, -47.0244
40.7950, 4.87e-05, 6084.7221, 71.6747, 2.5481, -47.0016
40.8000, 5.92e-05, 6084.4505, 71.7038, 2.5483, -46.9787
40.8050, 5.61e-05, 6084.1788, 71.7329, 2.5485, -46.9557
40.8100, 4.96e-05, 6083.9072, 71.7620, 2.5487, -46.9328
40.8150, 4.88e-05, 6083.6355, 71.7911, 2.5489, -46.9098
40.8200, 4.89e-05, 6083.3637, 71.8201, 2.5491, -46.8868
40.8250, 5.12e-05, 6083.0920, 71.8491, 2.5493, -46.8638
40.8300, 4.91e-05, 6082.8202, 71.8781, 2.5495, -46.8407
40.8350, 5.96e-05, 6082.5484, 71.9071, 2.5497, -46.8177
40.8400, 7.01e-05, 6082.2765, 71.9361, 2.5499, -46.7946
40.8450, 6.91e-05, 6082.0047, 71.9650, 2.5501, -46.7715
40.8500, 5.6e-05, 6081.7328, 71.9940, 2.5503, -46.7483
40.8550, 5.9e-05, 6081.4608, 72.0229, 2.5505, -46.7252
40.8600, 9.86e-05, 6081.1889, 72.0517, 2.5507, -46.7020
40.8650, 9.4e-05, 6080.9169, 72.0806, 2.5509, -46.6788
40.8700, 9.41e-05, 6080.6449, 72.1095, 2.5512, -46.6556
40.8750, 0.00232, 6080.3729, 72.1383, 2.5514, -46.6323
40.8800, 0.0001389, 6080.1008, 72.1671, 2.5516, -46.6091
40.8850, 0.0003881, 6079.8288, 72.1959, 2.5518, -46.5858
40.8900, 0.0001071, 6079.5567, 72.2247, 2.5519, -46.5625
40.8950, 9.65e-05, 6079.2845, 72.2534, 2.5521, -46.5392
40.9000, 9.72e-05, 6079.0124, 72.2821, 2.5523, -46.5158
40.9050, 9.35e-05, 6078.7402, 72.3109, 2.5525, -46.4925
40.9100, 9.48e-05, 6078.4680, 72.3395, 2.5527, -46.4691
40.9150, 9.4e-05, 6078.1958, 72.3682, 2.5529, -46.4457
40.9200, 9.46e-05, 6077.9236, 72.3969, 2.5531, -46.4223
40.9250, 9.61e-05, 6077.6513, 72.4255, 2.5533, -46.3989
40.9300, 9.47e-05, 6077.3791, 72.4541, 2.5535, -46.3754
40.9350, 0.0001367, 6077.1068, 72.4827, 2.5537, -46.3520
40.9400, 0.0001125, 6076.8344, 72.5113, 2.5539, -46.3285
40.9450, 9.46e-05, 6076.5621, 72.5398, 2.5541, -46.3050
40.9500, 9.05e-05, 6076.2897, 72.5684, 2.5542, -46.2815
40.9550, 9.79e-05, 6076.0174, 72.5969, 2.5544, -46.2579
40.9600, 9.22e-05, 6075.7450, 72.6254, 2.5546, -46.2344
40.9650, 8.9e-05, 6075.4726, 72.6538, 2.5548, -46.2108
40.9700, 8.91e-05, 6075.2001, 72.6823, 2.5550, -46.1872
40.9750, 9.63e-05, 6074.9277, 72.7107, 2.5551, -46.1636
40.9800, 0.0001107, 6074.6552, 72.7391, 2.5553, -46.1400
40.9850, 9.06e-05, 6074.3827, 72.7675, 2.5555, -46.1164
40.9900, 9.22e-05, 6074.1102, 72.7959, 2.5557, -46.0928
40.9950, 9.32e-05, 6073.8377, 72.8243, 2.5558, -46.0691
41.0000, 8.99e-05, 6073.5652, 72.8526, 2.5560, -46.0454
41.0050, 8.85e-05, 6073.2927, 72.8809, 2.5562, -46.0217
41.0100, 9.18e-05, 6073.0201, 72.9092, 2.5564, -45.9980
41.0150, 9.04e-05, 6072.7475, 72.9375, 2.5565, -45.9743
41.0200, 8.96e-05, 6072.4749, 72.9658, 2.5567, -45.9506
41.0250, 8.91e-05, 6072.2023, 72.9940, 2.5569, -45.9268
41.0300, 0.0001093, 6071.9297, 73.0222, 2.5570, -45.9030
41.0350, 9.66e-05, 6071.6571, 73.0504, 2.5572, -45.8793
41.0400, 8.95e-05, 6071.3845, 73.0786, 2.5573, -45.8555
41.0450, 8.92e-05, 6071.1118, 73.1067, 2.5575, -45.8317
41.0500, 0.0001165, 6070.8392, 73.1349, 2.5576, -45.8078
41.0550, 9.17e-05, 6070.5665, 73.1630, 2.5578, -45.7840
41.0600, 8.74e-05, 6070.2938, 73.1911, 2.5580, -45.7601
41.0650, 9.28e-05, 6070.0211, 73.2192, 2.5581, -45.7363
41.0700, 0.0001282, 6069.7484, 73.2472, 2.5583, -45.7124
41.0750, 8.89e-05, 6069.4757, 73.2753, 2.5584, -45.6885
41.0800, 8.88e-05, 6069.2030, 73.3033, 2.5585, -45.6646
41.0850, 0.0001263, 6068.9303, 73.3313, 2.5587, -45.6407
41.0900, 0.0001004, 6068.6576, 73.3592, 2.5588, -45.6167
41.0950, 9.61e-05, 6068.3848, 73.3872, 2.5590, -45.5928
41.1000, 9.48e-05, 6068.1121, 73.4151, 2.5591, -45.5688
41.1050, 0.0001128, 6067.8393, 73.4430, 2.5593, -45.5449
41.1100, 9.64e-05, 6067.5666, 73.4709, 2.5594, -45.5209
41.1150, 0.0001117, 6067.2938, 73.4988, 2.5595, -45.4969
41.1200, 9.56e-05, 6067.0210, 73.5267, 2.5597, -45.4729
41.1250, 0.0001109, 6066.7483, 73.5545, 2.5598, -45.4488
41.1300, 9.07e-05, 6066.4755, 73.5823, 2.5599, -45.4248
41.1350, 8.89e-05, 6066.2027, 73.6101, 2.5600, -45.4007
41.1400, 9.06e-05, 6065.9299, 73.6379, 2.5602, -45.3767
41.1450, 9.65e-05, 6065.6571, 73.6657, 2.5603, -45.3526
41.1500, 8.88e-05, 6065.3843, 73.6934, 2.5604, -45.3285
41.1550, 9.16e-05, 6065.1115, 73.7211, 2.5605, -45.3044
41.1600, 0.0001283, 6064.8387, 73.7488, 2.5607, -45.2802
41.1650, 9.3e-05, 6064.5659, 73.7765, 2.5608, -45.2561
41.1700, 8.52e-05, 6064.2931, 73.8041, 2.5609, -45.2320
41.1750, 8.87e-05, 6064.0203, 73.8318, 2.5610, -45.2078
41.1800, 0.0001126, 6063.7475, 73.8594, 2.5611, -45.1836
41.1850, 9.05e-05, 6063.4747, 73.8870, 2.5612, -45.1594
41.1900, 8.49e-05, 6063.2019, 73.9146, 2.5613, -45.1352
41.1950, 8.81e-05, 6062.9291, 73.9421, 2.5614, -45.1110
41.2000, 0.0001124, 6062.6563, 73.9697, 2.5615, -45.0868
41.2050, 0.0001091, 6062.3835, 73.9972, 2.5616, -45.0625
41.2100, 9.13e-05, 6062.1107, 74.0247, 2.5617, -45.0382
41.2150, 9.05e-05, 6061.8379, 74.0521, 2.5618, -45.0140
41.2200, 0.0001105, 6061.5651, 74.0796, 2.5619, -44.9897
41.2250, 9.03e-05, 6061.2923, 74.1070, 2.5620, -44.9654
41.2300, 8.92e-05, 6061.0196, 74.1344, 2.5621, -44.9410
41.2350, 9.43e-05, 6060.7468, 74.1618, 2.5622, -44.9167
41.2400, 0.0001115, 6060.4740, 74.1892, 2.5623, -44.8924
41.2450, 9.15e-05, 6060.2012, 74.2166, 2.5624, -44.8680
41.2500, 0.0001127, 6059.9285, 74.2439, 2.5625, -44.8436
41.2550, 0.0001084, 6059.6557, 74.2712, 2.5626, -44.8192
41.2600, 9.51e-05, 6059.3829, 74.2985, 2.5626, -44.7948
41.2650, 9.34e-05, 6059.1102, 74.3258, 2.5627, -44.7704
41.2700, 9.86e-05, 6058.8374, 74.3530, 2.5628, -44.7460
41.2750, 0.0001035, 6058.5647, 74.3803, 2.5629, -44.7215
41.2800, 9.53e-05, 6058.2920, 74.4075, 2.5630, -44.6970
41.2850, 9.24e-05, 6058.0193, 74.4347, 2.5630, -44.6725
41.2900, 9e-05, 6057.7465, 74.4618, 2.5631, -44.6480
41.2950, 0.0001185, 6057.4738, 74.4890, 2.5632, -44.6235
41.3000, 9.03e-05, 6057.2011, 74.5161, 2.5633, -44.5990
41.3050, 9.62e-05, 6056.9285, 74.5432, 2.5633, -44.5744
41.3100, 0.0001183, 6056.6558, 74.5703, 2.5634, -44.5499
41.3150, 9.45e-05, 6056.3831, 74.5974, 2.5634, -44.5253
41.3200, 9.29e-05, 6056.1105, 74.6244, 2.5635, -44.5007
41.3250, 9.46e-05, 6055.8378, 74.6515, 2.5636, -44.4761
41.3300, 0.0001207, 6055.5652, 74.6785, 2.5636, -44.4514
41.3350, 0.0001672, 6055.2926, 74.7055, 2.5637, -44.4268
41.3400, 0.0001003, 6055.0200, 74.7324, 2.5637, -44.4021
41.3450, 0.000115, 6054.7474, 74.7594, 2.5638, -44.3774
41.3500, 9.52e-05, 6054.4748, 74.7863, 2.5639, -44.3527
41.3550, 9.25e-05, 6054.2022, 74.8132, 2.5639, -44.3280
41.3600, 9.24e-05, 6053.9297, 74.8401, 2.5640, -44.3033
41.3650, 0.0001004, 6053.6572, 74.8670, 2.5640, -44.2785
41.3700, 9.22e-05, 6053.3846, 74.8938, 2.5640, -44.2537
41.3750, 0.0001003, 6053.1121, 74.9207, 2.5641, -44.2289
41.3800, 0.0001121, 6052.8396, 74.9475, 2.5641, -44.2041
41.3850, 9.45e-05, 6052.5672, 74.9743, 2.5642, -44.1793
41.3900, 9.38e-05, 6052.2947, 75.0010, 2.5642, -44.1544
41.3950, 9.31e-05, 6052.0223, 75.0278, 2.5643, -44.1296
41.4000, 0.0001171, 6051.7498, 75.0545, 2.5643, -44.1047
41.4050, 9.32e-05, 6051.4774, 75.0812, 2.5643, -44.0798
41.4100, 9.2e-05, 6051.2051, 75.1079, 2.5644, -44.0548
41.4150, 9.35e-05, 6050.9327, 75.1345, 2.5644, -44.0299
41.4200, 0.0001066, 6050.6603, 75.1612, 2.5644, -44.0049
41.4250, 9.34e-05, 6050.3880, 75.1878, 2.5644, -43.9799
41.4300, 9.21e-05, 6050.1157, 75.2144, 2.5645, -43.9549
41.4350, 0.000112, 6049.8434, 75.2410, 2.5645, -43.9299
41.4400, 9.8e-05, 6049.5711, 75.2676, 2.5645, -43.9048
41.4450, 9.42e-05, 6049.2989, 75.2941, 2.5646, -43.8798
41.4500, 9.27e-05, 6049.0267, 75.3206, 2.5646, -43.8547
41.4550, 0.0001178, 6048.7545, 75.3471, 2.5646, -43.8295
41.4600, 9.32e-05, 6048.4823, 75.3736, 2.5646, -43.8044
41.4650, 9.96e-05, 6048.2101, 75.4001, 2.5646, -43.7792
41.4700, 0.0001089, 6047.9380, 75.4265, 2.5646, -43.7541
41.4750, 0.0001, 6047.6659, 75.4529, 2.5647, -43.7289
41.4800, 9.32e-05, 6047.3938, 75.4793, 2.5647, -43.7036
41.4850, 9.28e-05, 6047.1217, 75.5057, 2.5647, -43.6784
41.4900, 0.0001074, 6046.8497, 75.5321, 2.5647, -43.6531
41.4950, 9.85e-05, 6046.5777, 75.5584, 2.5647, -43.6278
41.5000, 9.42e-05, 6046.3057, 75.5847, 2.5647, -43.6025
41.5050, 9.35e-05, 6046.0337, 75.6110, 2.5647, -43.5771
41.5100, 0.0001201, 6045.7618, 75.6373, 2.5647, -43.5517
41.5150, 9.48e-05, 6045.4898, 75.6635, 2.5647, -43.5263
41.5200, 9.21e-05, 6045.2180, 75.6898, 2.5647, -43.5009
41.5250, 0.0001091, 6044.9461, 75.7160, 2.5647, -43.4755
41.5300, 9.88e-05, 6044.6743, 75.7422, 2.5647, -43.4500
41.5350, 9.29e-05, 6044.4025, 75.7684, 2.5647, -43.4245
41.5400, 9.27e-05, 6044.1307, 75.7945, 2.5647, -43.3990
41.5450, 0.0001086, 6043.8590, 75.8206, 2.5647, -43.3734
41.5500, 0.0001074, 6043.5873, 75.8467, 2.5647, -43.3478
41.5550, 9.5e-05, 6043.3156, 75.8728, 2.5647, -43.3222
41.5600, 9.19e-05, 6043.0439, 75.8989, 2.5647, -43.2966
41.5650, 0.0001131, 6042.7723, 75.9250, 2.5647, -43.2709
41.5700, 9.18e-05, 6042.5007, 75.9510, 2.5647, -43.2453
41.5750, 8.99e-05, 6042.2292, 75.9770, 2.5647, -43.2195
41.5800, 0.0001092, 6041.9576, 76.0030, 2.5647, -43.1938
41.5850, 0.0001018, 6041.6861, 76.0289, 2.5647, -43.1680
41.5900, 9.4e-05, 6041.4147, 76.0549, 2.5647, -43.1422
41.5950, 0.0001022, 6041.1432, 76.0808, 2.5647, -43.1164
41.6000, 0.0001067, 6040.8718, 76.1067, 2.5646, -43.0906
41.6050, 9.81e-05, 6040.6005, 76.1326, 2.5646, -43.0647
41.6100, 9.33e-05, 6040.3292, 76.1585, 2.5646, -43.0388
41.6150, 9.23e-05, 6040.0579, 76.1843, 2.5646, -43.0128
41.6200, 0.0001089, 6039.7866, 76.2101, 2.5646, -42.9868
41.6250, 9.95e-05, 6039.5154, 76.2359, 2.5646, -42.9608
41.6300, 9.35e-05, 6039.2442, 76.2617, 2.5645, -42.9348
41.6350, 0.0001078, 6038.9731, 76.2874, 2.5645, -42.9087
41.6400, 0.0001031, 6038.7019, 76.3132, 2.5645, -42.8826
41.6450, 9.24e-05, 6038.4309, 76.3389, 2.5645, -42.8565
41.6500, 9.37e-05, 6038.1598, 76.3646, 2.5645, -42.8304
41.6550, 0.0001096, 6037.8888, 76.3903, 2.5644, -42.8042
41.6600, 0.0001009, 6037.6179, 76.4159, 2.5644, -42.7780
41.6650, 9.16e-05, 6037.3470, 76.4415, 2.5644, -42.7517
41.6700, 8.49e-05, 6037.0761, 76.4671, 2.5644, -42.7254
41.6750, 0.000105, 6036.8052, 76.4927, 2.5643, -42.6991
41.6800, 9.5e-05, 6036.5344, 76.5183, 2.5643, -42.6728
41.6850, 9.71e-05, 6036.2637, 76.5439, 2.5643, -42.6464
41.6900, 9.14e-05, 6035.9929, 76.5694, 2.5643, -42.6200
41.6950, 0.0001086, 6035.7223, 76.5949, 2.5642, -42.5935
41.7000, 9.39e-05, 6035.4516, 76.6204, 2.5642, -42.5670
41.7050, 9.07e-05, 6035.1810, 76.6458, 2.5642, -42.5405
41.7100, 8.97e-05, 6034.9105, 76.6713, 2.5641, -42.5140
41.7150, 9.41e-05, 6034.6400, 76.6967, 2.5641, -42.4874
41.7200, 9.68e-05, 6034.3695, 76.7221, 2.5641, -42.4608
41.7250, 8.96e-05, 6034.0991, 76.7475, 2.5640, -42.4341
41.7300, 0.000109, 6033.8287, 76.7728, 2.5640, -42.4074
41.7350, 9.37e-05, 6033.5584, 76.7981, 2.5640, -42.3807
41.7400, 9.13e-05, 6033.2881, 76.8235, 2.5639, -42.3539
41.7450, 9.06e-05, 6033.0178, 76.8487, 2.5639, -42.3271
41.7500, 0.0001058, 6032.7476, 76.8740, 2.5639, -42.3003
41.7550, 9.8e-05, 6032.4775, 76.8993, 2.5638, -42.2734
41.7600, 9.13e-05, 6032.2074, 76.9245, 2.5638, -42.2465
41.7650, 9.08e-05, 6031.9373, 76.9497, 2.5637, -42.2196
41.7700, 0.0001068, 6031.6673, 76.9749, 2.5637, -42.1926
41.7750, 0.0001003, 6031.3973, 77.0000, 2.5637, -42.1656
41.7800, 9.27e-05, 6031.1274, 77.0252, 2.5636, -42.1385
41.7850, 9.07e-05, 6030.8575, 77.0503, 2.5636, -42.1114
41.7900, 0.0001073, 6030.5877, 77.0754, 2.5636, -42.0843
41.7950, 9.55e-05, 6030.3180, 77.1005, 2.5635, -42.0572
41.8000, 9.15e-05, 6030.0482, 77.1255, 2.5635, -42.0300
41.8050, 0.0001035, 6029.7786, 77.1505, 2.5634, -42.0027
41.8100, 9.47e-05, 6029.5089, 77.1756, 2.5634, -41.9754
41.8150, 9.6e-05, 6029.2394, 77.2005, 2.5633, -41.9481
41.8200, 8.96e-05, 6028.9699, 77.2255, 2.5633, -41.9207
41.8250, 0.000114, 6028.7004, 77.2505, 2.5633, -41.8934
41.8300, 9.27e-05, 6028.4310, 77.2754, 2.5632, -41.8659
41.8350, 9.65e-05, 6028.1616, 77.3003, 2.5632, -41.8384
41.8400, 8.95e-05, 6027.8923, 77.3252, 2.5631, -41.8109
41.8450, 0.0001078, 6027.6230, 77.3500, 2.5631, -41.7834
41.8500, 9.68e-05, 6027.3538, 77.3748, 2.5630, -41.7558
41.8550, 9.2e-05, 6027.0847, 77.3997, 2.5630, -41.7281
41.8600, 9.03e-05, 6026.8156, 77.4244, 2.5630, -41.7004
41.8650, 0.0001086, 6026.5466, 77.4492, 2.5629, -41.6727
41.8700, 9.63e-05, 6026.2776, 77.4740, 2.5629, -41.6450
41.8750, 9.23e-05, 6026.0087, 77.4987, 2.5628, -41.6172
41.8800, 9.1e-05, 6025.7398, 77.5234, 2.5628, -41.5893
41.8850, 9.12e-05, 6025.4710, 77.5481, 2.5627, -41.5614
41.8900, 9.29e-05, 6025.2022, 77.5727, 2.5627, -41.5335
41.8950, 9e-05, 6024.9335, 77.5974, 2.5626, -41.5055
41.9000, 0.0001096, 6024.6649, 77.6220, 2.5626, -41.4775
41.9050, 9.04e-05, 6024.3963, 77.6466, 2.5626, -41.4495
41.9100, 9.6e-05, 6024.1277, 77.6711, 2.5625, -41.4214
41.9150, 0.000146, 6023.8593, 77.6957, 2.5625, -41.3933
41.9200, 0.0001063, 6023.5909, 77.7202, 2.5624, -41.3651
41.9250, 9.47e-05, 6023.3225, 77.7447, 2.5624, -41.3369
41.9300, 9.13e-05, 6023.0542, 77.7692, 2.5623, -41.3086
41.9350, 8.95e-05, 6022.7860, 77.7936, 2.5623, -41.2803
41.9400, 0.0001078, 6022.5178, 77.8181, 2.5622, -41.2519
41.9450, 9.38e-05, 6022.2497, 77.8425, 2.5622, -41.2235
41.9500, 9.14e-05, 6021.9817, 77.8669, 2.5621, -41.1951
41.9550, 9.19e-05, 6021.7137, 77.8912, 2.5621, -41.1666
41.9600, 9.29e-05, 6021.4458, 77.9156, 2.5621, -41.1381
41.9650, 9.29e-05, 6021.1779, 77.9399, 2.5620, -41.1095
41.9700, 0.0001516, 6020.9101, 77.9642, 2.5620, -41.0809
41.9750, 0.0001028, 6020.6424, 77.9885, 2.5619, -41.0523
41.9800, 9.95e-05, 6020.3747, 78.0127, 2.5619, -41.0235
41.9850, 9.46e-05, 6020.1071, 78.0370, 2.5618, -40.9948
41.9900, 9.65e-05, 6019.8396, 78.0612, 2.5618, -40.9660
41.9950, 0.0001011, 6019.5721, 78.0853, 2.5617, -40.9372
42.0000, 0.0002627, 6019.3047, 78.1095, 2.5617, -40.9083
42.0050, 0.0002692, 6019.0374, 78.1336, 2.5616, -40.8794
42.0100, 9.59e-05, 6018.7701, 78.1578, 2.5616, -40.8504
42.0150, 9.17e-05, 6018.5029, 78.1818, 2.5616, -40.8214
42.0200, 9.66e-05, 6018.2358, 78.2059, 2.5615, -40.7923
42.0250, 0.0001018, 6017.9687, 78.2300, 2.5615, -40.7632
42.0300, 0.0002362, 6017.7017, 78.2540, 2.5614, -40.7341
42.0350, 9.19e-05, 6017.4347, 78.2780, 2.5614, -40.7049
42.0400, 9.04e-05, 6017.1679, 78.3020, 2.5613, -40.6756
42.0450, 9.13e-05, 6016.9011, 78.3259, 2.5613, -40.6463
42.0500, 9.28e-05, 6016.6344, 78.3498, 2.5613, -40.6170
42.0550, 9.02e-05, 6016.3677, 78.3737, 2.5612, -40.5876
42.0600, 8.96e-05, 6016.1011, 78.3976, 2.5612, -40.5582
42.0650, 8.83e-05, 6015.8346, 78.4215, 2.5611, -40.5287
42.0700, 0.000104, 6015.5681, 78.4453, 2.5611, -40.4992
42.0750, 9.25e-05, 6015.3018, 78.4691, 2.5610, -40.4696
42.0800, 9.05e-05, 6015.0355, 78.4929, 2.5610, -40.4400
42.0850, 9.16e-05, 6014.7692, 78.5167, 2.5610, -40.4103
42.0900, 8.73e-05, 6014.5031, 78.5404, 2.5609, -40.3806
42.0950, 8.91e-05, 6014.2370, 78.5641, 2.5609, -40.3509
42.1000, 9.49e-05, 6013.9710, 78.5878, 2.5608, -40.3211
42.1050, 9.2e-05, 6013.7051, 78.6115, 2.5608, -40.2912
42.1100, 0.0001015, 6013.4392, 78.6351, 2.5608, -40.2613
42.1150, 9.08e-05, 6013.1734, 78.6588, 2.5607, -40.2314
42.1200, 9.13e-05, 6012.9077, 78.6824, 2.5607, -40.2014
42.1250, 8.89e-05, 6012.6421, 78.7059, 2.5606, -40.1714
42.1300, 8.5e-05, 6012.3765, 78.7295, 2.5606, -40.1413
42.1350, 8.9e-05, 6012.1110, 78.7530, 2.5606, -40.1112
42.1400, 9.17e-05, 6011.8456, 78.7765, 2.5605, -40.0810
42.1450, 8.83e-05, 6011.5803, 78.8000, 2.5605, -40.0508
42.1500, 9.24e-05, 6011.3150, 78.8234, 2.5605, -40.0205
42.1550, 8.78e-05, 6011.0499, 78.8469, 2.5604, -39.9902
42.1600, 0.0004051, 6010.7848, 78.8703, 2.5604, -39.9598
42.1650, 0.0001154, 6010.5198, 78.8937, 2.5603, -39.9294
42.1700, 0.0001147, 6010.2548, 78.9170, 2.5603, -39.8990
42.1750, 0.0001025, 6009.9900, 78.9403, 2.5603, -39.8685
42.1800, 0.0001055, 6009.7252, 78.9636, 2.5602, -39.8379
42.1850, 0.0001101, 6009.4605, 78.9869, 2.5602, -39.8073
42.1900, 0.0001005, 6009.1959, 79.0102, 2.5602, -39.7767
42.1950, 9.74e-05, 6008.9314, 79.0334, 2.5602, -39.7460
42.2000, 0.0001123, 6008.6669, 79.0566, 2.5601, -39.7152
42.2050, 0.0001234, 6008.4025, 79.0798, 2.5601, -39.6844
42.2100, 9.59e-05, 6008.1383, 79.1030, 2.5601, -39.6536
42.2150, 0.0001068, 6007.8740, 79.1261, 2.5600, -39.6227
42.2200, 0.0001051, 6007.6099, 79.1492, 2.5600, -39.5918
42.2250, 9.31e-05, 6007.3459, 79.1723, 2.5600, -39.5608
42.2300, 0.0001, 6007.0819, 79.1954, 2.5599, -39.5298
42.2350, 9.55e-05, 6006.8181, 79.2184, 2.5599, -39.4987
42.2400, 0.0001042, 6006.5543, 79.2414, 2.5599, -39.4676
42.2450, 9.48e-05, 6006.2906, 79.2644, 2.5599, -39.4364
42.2500, 9.23e-05, 6006.0270, 79.2874, 2.5598, -39.4052
42.2550, 9.18e-05, 6005.7634, 79.3103, 2.5598, -39.3740
42.2600, 0.000105, 6005.5000, 79.3332, 2.5598, -39.3426
42.2650, 9.44e-05, 6005.2367, 79.3561, 2.5598, -39.3113
42.2700, 9.44e-05, 6004.9734, 79.3789, 2.5597, -39.2799
42.2750, 0.0001198, 6004.7102, 79.4018, 2.5597, -39.2484
42.2800, 9.57e-05, 6004.4471, 79.4246, 2.5597, -39.2169
42.2850, 9.63e-05, 6004.1841, 79.4474, 2.5597, -39.1854
42.2900, 0.0001024, 6003.9212, 79.4701, 2.5597, -39.1538
42.2950, 0.0001214, 6003.6584, 79.4929, 2.5596, -39.1222
42.3000, 9.78e-05, 6003.3957, 79.5156, 2.5596, -39.0905
42.3050, 9.45e-05, 6003.1330, 79.5383, 2.5596, -39.0588
42.3100, 9.72e-05, 6002.8705, 79.5609, 2.5596, -39.0270
42.3150, 0.0001016, 6002.6080, 79.5835, 2.5596, -38.9952
42.3200, 0.0001028, 6002.3456, 79.6061, 2.5596, -38.9633
42.3250, 9.67e-05, 6002.0833, 79.6287, 2.5595, -38.9314
42.3300, 0.0001105, 6001.8212, 79.6513, 2.5595, -38.8994
42.3350, 9.59e-05, 6001.5591, 79.6738, 2.5595, -38.8674
42.3400, 9.52e-05, 6001.2971, 79.6963, 2.5595, -38.8354
42.3450, 9.65e-05, 6001.0352, 79.7188, 2.5595, -38.8033
42.3500, 0.0001152, 6000.7733, 79.7412, 2.5595, -38.7711
42.3550, 9.08e-05, 6000.5116, 79.7637, 2.5595, -38.7390
42.3600, 9.05e-05, 6000.2500, 79.7861, 2.5595, -38.7067
42.3650, 9.93e-05, 5999.9885, 79.8084, 2.5594, -38.6744
42.3700, 9.59e-05, 5999.7270, 79.8308, 2.5594, -38.6421
42.3750, 9.04e-05, 5999.4657, 79.8531, 2.5594, -38.6097
42.3800, 8.96e-05, 5999.2045, 79.8754, 2.5594, -38.5773
42.3850, 0.0001049, 5998.9433, 79.8977, 2.5594, -38.5449
42.3900, 9.42e-05, 5998.6823, 79.9199, 2.5594, -38.5124
42.3950, 9.15e-05, 5998.4213, 79.9421, 2.5594, -38.4798
42.4000, 9.27e-05, 5998.1605, 79.9643, 2.5594, -38.4472
42.4050, 0.0001045, 5997.8997, 79.9865, 2.5594, -38.4146
42.4100, 9.91e-05, 5997.6390, 80.0086, 2.5594, -38.3819
42.4150, 9.08e-05, 5997.3785, 80.0307, 2.5594, -38.3492
42.4200, 9.25e-05, 5997.1180, 80.0528, 2.5594, -38.3164
42.4250, 0.0001127, 5996.8577, 80.0749, 2.5594, -38.2836
42.4300, 9.56e-05, 5996.5974, 80.0969, 2.5594, -38.2507
42.4350, 8.99e-05, 5996.3373, 80.1189, 2.5594, -38.2178
42.4400, 9.2e-05, 5996.0772, 80.1409, 2.5594, -38.1848
42.4450, 0.0001106, 5995.8172, 80.1628, 2.5594, -38.1518
42.4500, 9.14e-05, 5995.5574, 80.1847, 2.5594, -38.1188
42.4550, 0.000101, 5995.2976, 80.2066, 2.5594, -38.0857
42.4600, 9.06e-05, 5995.0380, 80.2285, 2.5594, -38.0526
42.4650, 9.73e-05, 5994.7784, 80.2503, 2.5594, -38.0194
42.4700, 8.97e-05, 5994.5190, 80.2722, 2.5595, -37.9862
42.4750, 9.23e-05, 5994.2597, 80.2939, 2.5595, -37.9530
42.4800, 0.0001052, 5994.0004, 80.3157, 2.5595, -37.9197
42.4850, 9.53e-05, 5993.7413, 80.3374, 2.5595, -37.8863
42.4900, 9.08e-05, 5993.4823, 80.3591, 2.5595, -37.8530
42.4950, 9.51e-05, 5993.2234, 80.3808, 2.5595, -37.8195
42.5000, 0.0001102, 5992.9645, 80.4025, 2.5595, -37.7861
42.5050, 0.0002331, 5992.7058, 80.4241, 2.5595, -37.7526
42.5100, 0.0001055, 5992.4472, 80.4457, 2.5596, -37.7190
42.5150, 0.0001435, 5992.1888, 80.4673, 2.5596, -37.6854
42.5200, 0.0001139, 5991.9304, 80.4888, 2.5596, -37.6518
42.5250, 9.63e-05, 5991.6721, 80.5103, 2.5596, -37.6181
42.5300, 0.0001026, 5991.4139, 80.5318, 2.5596, -37.5844
42.5350, 0.0001042, 5991.1559, 80.5533, 2.5597, -37.5507
42.5400, 9.42e-05, 5990.8979, 80.5747, 2.5597, -37.5169
42.5450, 8.92e-05, 5990.6401, 80.5961, 2.5597, -37.4830
42.5500, 9.59e-05, 5990.3823, 80.6175, 2.5597, -37.4492
42.5550, 0.0001067, 5990.1247, 80.6388, 2.5598, -37.4152
42.5600, 8.86e-05, 5989.8672, 80.6602, 2.5598, -37.3813
42.5650, 8.44e-05, 5989.6098, 80.6815, 2.5598, -37.3473
42.5700, 9.1e-05, 5989.3525, 80.7027, 2.5598, -37.3133
42.5750, 0.0001026, 5989.0954, 80.7240, 2.5599, -37.2792
42.5800, 9.35e-05, 5988.8383, 80.7452, 2.5599, -37.2451
42.5850, 8.85e-05, 5988.5814, 80.7664, 2.5599, -37.2109
42.5900, 8.88e-05, 5988.3245, 80.7875, 2.5600, -37.1767
42.5950, 0.0001036, 5988.0678, 80.8086, 2.5600, -37.1425
42.6000, 9.08e-05, 5987.8112, 80.8297, 2.5600, -37.1083
42.6050, 9.43e-05, 5987.5547, 80.8508, 2.5601, -37.0739
42.6100, 9.17e-05, 5987.2983, 80.8719, 2.5601, -37.0396
42.6150, 0.000103, 5987.0421, 80.8929, 2.5601, -37.0052
42.6200, 8.72e-05, 5986.7859, 80.9139, 2.5602, -36.9708
42.6250, 0.0001534, 5986.5299, 80.9348, 2.5602, -36.9364
42.6300, 0.0001047, 5986.2740, 80.9557, 2.5602, -36.9019
42.6350, 9.48e-05, 5986.0182, 80.9766, 2.5603, -36.8673
42.6400, 9.35e-05, 5985.7625, 80.9975, 2.5603, -36.8328
42.6450, 0.0001111, 5985.5069, 81.0184, 2.5604, -36.7982
42.6500, 9.35e-05, 5985.2515, 81.0392, 2.5604, -36.7635
42.6550, 9.01e-05, 5984.9962, 81.0600, 2.5604, -36.7289
42.6600, 0.0053438, 5984.7410, 81.0807, 2.5605, -36.6942
42.6650, 0.0001009, 5984.4859, 81.1015, 2.5605, -36.6594
42.6700, 9.45e-05, 5984.2309, 81.1222, 2.5606, -36.6246
42.6750, 9.62e-05, 5983.9761, 81.1428, 2.5606, -36.5898
42.6800, 0.0001071, 5983.7213, 81.1635, 2.5607, -36.5550
42.6850, 9.01e-05, 5983.4667, 81.1841, 2.5607, -36.5201
42.6900, 9e-05, 5983.2122, 81.2047, 2.5608, -36.4852
42.6950, 8.85e-05, 5982.9579, 81.2252, 2.5608, -36.4502
42.7000, 0.0001093, 5982.7036, 81.2458, 2.5609, -36.4153
42.7050, 9.49e-05, 5982.4495, 81.2663, 2.5609, -36.3802
42.7100, 8.82e-05, 5982.1955, 81.2867, 2.5610, -36.3452
42.7150, 9.3e-05, 5981.9417, 81.3072, 2.5610, -36.3101
42.7200, 0.0001069, 5981.6879, 81.3276, 2.5611, -36.2750
42.7250, 8.84e-05, 5981.4343, 81.3480, 2.5612, -36.2398
42.7300, 8.88e-05, 5981.1808, 81.3683, 2.5612, -36.2047
42.7350, 0.0001135, 5980.9274, 81.3887, 2.5613, -36.1694
42.7400, 9.11e-05, 5980.6742, 81.4090, 2.5613, -36.1342
42.7450, 9.64e-05, 5980.4211, 81.4292, 2.5614, -36.0989
42.7500, 9.22e-05, 5980.1681, 81.4495, 2.5614, -36.0636
42.7550, 0.0001064, 5979.9152, 81.4697, 2.5615, -36.0283
42.7600, 8.71e-05, 5979.6625, 81.4899, 2.5616, -35.9929
42.7650, 8.86e-05, 5979.4099, 81.5100, 2.5616, -35.9575
42.7700, 9.19e-05, 5979.1574, 81.5302, 2.5617, -35.9221
42.7750, 0.0001012, 5978.9050, 81.5502, 2.5618, -35.8866
42.7800, 9.06e-05, 5978.6528, 81.5703, 2.5618, -35.8511
42.7850, 8.65e-05, 5978.4007, 81.5903, 2.5619, -35.8156
42.7900, 9.15e-05, 5978.1487, 81.6104, 2.5620, -35.7801
42.7950, 0.0001543, 5977.8969, 81.6303, 2.5620, -35.7445
42.8000, 9.74e-05, 5977.6452, 81.6503, 2.5621, -35.7089
42.8050, 9.89e-05, 5977.3936, 81.6702, 2.5622, -35.6732
42.8100, 9.44e-05, 5977.1422, 81.6901, 2.5622, -35.6376
42.8150, 9.3e-05, 5976.8909, 81.7099, 2.5623, -35.6019
42.8200, 9.21e-05, 5976.6397, 81.7298, 2.5624, -35.5661
42.8250, 9.68e-05, 5976.3887, 81.7496, 2.5624, -35.5304
42.8300, 9.37e-05, 5976.1377, 81.7693, 2.5625, -35.4946
42.8350, 9.08e-05, 5975.8870, 81.7891, 2.5626, -35.4588
42.8400, 9.5e-05, 5975.6363, 81.8088, 2.5627, -35.4230
42.8450, 9.9e-05, 5975.3858, 81.8285, 2.5627, -35.3871
42.8500, 9.28e-05, 5975.1354, 81.8481, 2.5628, -35.3512
42.8550, 9.07e-05, 5974.8852, 81.8677, 2.5629, -35.3153
42.8600, 9.16e-05, 5974.6351, 81.8873, 2.5630, -35.2794
42.8650, 9.41e-05, 5974.3851, 81.9069, 2.5630, -35.2434
42.8700, 9.39e-05, 5974.1353, 81.9264, 2.5631, -35.2075
42.8750, 9.24e-05, 5973.8856, 81.9459, 2.5632, -35.1714
42.8800, 9.16e-05, 5973.6360, 81.9654, 2.5633, -35.1354
42.8850, 0.000106, 5973.3866, 81.9848, 2.5634, -35.0993
42.8900, 9.27e-05, 5973.1373, 82.0043, 2.5634, -35.0633
42.8950, 9.36e-05, 5972.8882, 82.0236, 2.5635, -35.0271
42.9000, 9.48e-05, 5972.6392, 82.0430, 2.5636, -34.9910
42.9050, 9.28e-05, 5972.3903, 82.0623, 2.5637, -34.9549
42.9100, 9.27e-05, 5972.1416, 82.0816, 2.5638, -34.9187
42.9150, 8.88e-05, 5971.8930, 82.1009, 2.5639, -34.8825
42.9200, 9.44e-05, 5971.6445, 82.1201, 2.5639, -34.8462
42.9250, 9.26e-05, 5971.3962, 82.1393, 2.5640, -34.8100
42.9300, 0.000101, 5971.1480, 82.1585, 2.5641, -34.7737
42.9350, 9.03e-05, 5970.9000, 82.1776, 2.5642, -34.7374
42.9400, 9.54e-05, 5970.6521, 82.1967, 2.5643, -34.7011
42.9450, 9.31e-05, 5970.4044, 82.2158, 2.5644, -34.6648
42.9500, 9.46e-05, 5970.1568, 82.2349, 2.5644, -34.6284
42.9550, 0.0001162, 5969.9093, 82.2539, 2.5645, -34.5920
42.9600, 0.0001044, 5969.6620, 82.2729, 2.5646, -34.5556
42.9650, 8.9e-05, 5969.4149, 82.2918, 2.5647, -34.5192
42.9700, 9.05e-05, 5969.1679, 82.3108, 2.5648, -34.4828
42.9750, 9.76e-05, 5968.9210, 82.3297, 2.5649, -34.4463
42.9800, 9.55e-05, 5968.6742, 82.3485, 2.5650, -34.4098
42.9850, 8.61e-05, 5968.4277, 82.3674, 2.5651, -34.3733
42.9900, 8.68e-05, 5968.1812, 82.3862, 2.5652, -34.3368
42.9950, 8.83e-05, 5967.9349, 82.4050, 2.5652, -34.3002
43.0000, 8.44e-05, 5967.6888, 82.4237, 2.5653, -34.2637
43.0050, 8.42e-05, 5967.4428, 82.4424, 2.5654, -34.2271
43.0100, 8.68e-05, 5967.1969, 82.4611, 2.5655, -34.1905
43.0150, 8.67e-05, 5966.9512, 82.4798, 2.5656, -34.1539
43.0200, 8.15e-05, 5966.7057, 82.4984, 2.5657, -34.1172
43.0250, 0.000113, 5966.4603, 82.5170, 2.5658, -34.0806
43.0300, 9.25e-05, 5966.2150, 82.5356, 2.5659, -34.0439
43.0350, 9.03e-05, 5965.9699, 82.5541, 2.5660, -34.0072
43.0400, 9.19e-05, 5965.7250, 82.5726, 2.5661, -33.9705
43.0450, 9.39e-05, 5965.4802, 82.5911, 2.5662, -33.9338
43.0500, 9.54e-05, 5965.2355, 82.6095, 2.5663, -33.8971
43.0550, 0.0001301, 5964.9910, 82.6279, 2.5663, -33.8603
43.0600, 0.0001029, 5964.7466, 82.6463, 2.5664, -33.8235
43.0650, 9.59e-05, 5964.5025, 82.6647, 2.5665, -33.7867
43.0700, 0.0001316, 5964.2584, 82.6830, 2.5666, -33.7499
43.0750, 0.0001048, 5964.0145, 82.7013, 2.5667, -33.7131
43.0800, 0.0001008, 5963.7708, 82.7195, 2.5668, -33.6763
43.0850, 9.34e-05, 5963.5272, 82.7377, 2.5669, -33.6394
43.0900, 0.0001136, 5963.2838, 82.7559, 2.5670, -33.6026
43.0950, 9.36e-05, 5963.0405, 82.7741, 2.5671, -33.5657
43.1000, 0.0001029, 5962.7974, 82.7922, 2.5672, -33.5288
43.1050, 0.0001119, 5962.5544, 82.8104, 2.5673, -33.4919
43.1100, 0.0001022, 5962.3116, 82.8284, 2.5674, -33.4549
43.1150, 9.84e-05, 5962.0689, 82.8465, 2.5675, -33.4180
43.1200, 9.13e-05, 5961.8265, 82.8645, 2.5676, -33.3810
43.1250, 0.0001106, 5961.5841, 82.8825, 2.5677, -33.3441
43.1300, 9.38e-05, 5961.3419, 82.9004, 2.5678, -33.3071
43.1350, 9.1e-05, 5961.0999, 82.9183, 2.5679, -33.2701
43.1400, 8.6e-05, 5960.8580, 82.9362, 2.5679, -33.2331
43.1450, 0.0001047, 5960.6163, 82.9541, 2.5680, -33.1961
43.1500, 9.05e-05, 5960.3748, 82.9719, 2.5681, -33.1590
43.1550, 9.48e-05, 5960.1334, 82.9897, 2.5682, -33.1220
43.1600, 9.08e-05, 5959.8922, 83.0075, 2.5683, -33.0849
43.1650, 0.0001014, 5959.6511, 83.0252, 2.5684, -33.0478
43.1700, 8.93e-05, 5959.4102, 83.0429, 2.5685, -33.0108
43.1750, 8.97e-05, 5959.1695, 83.0606, 2.5686, -32.9737
43.1800, 8.95e-05, 5958.9289, 83.0782, 2.5687, -32.9366
43.1850, 0.0001009, 5958.6885, 83.0958, 2.5688, -32.8994
43.1900, 8.7e-05, 5958.4482, 83.1134, 2.5689, -32.8623
43.1950, 8.75e-05, 5958.2081, 83.1310, 2.5690, -32.8252
43.2000, 9.08e-05, 5957.9682, 83.1485, 2.5691, -32.7880
43.2050, 0.0001106, 5957.7284, 83.1660, 2.5692, -32.7508
43.2100, 8.85e-05, 5957.4888, 83.1834, 2.5693, -32.7137
43.2150, 9.1e-05, 5957.2494, 83.2009, 2.5693, -32.6765
43.2200, 9.57e-05, 5957.0101, 83.2183, 2.5694, -32.6393
43.2250, 0.0001049, 5956.7710, 83.2356, 2.5695, -32.6021
43.2300, 8.92e-05, 5956.5320, 83.2530, 2.5696, -32.5649
43.2350, 9e-05, 5956.2933, 83.2703, 2.5697, -32.5276
43.2400, 8.64e-05, 5956.0546, 83.2875, 2.5698, -32.4904
43.2450, 0.0001079, 5955.8162, 83.3048, 2.5699, -32.4532
43.2500, 9.4e-05, 5955.5779, 83.3220, 2.5700, -32.4159
43.2550, 9.25e-05, 5955.3398, 83.3392, 2.5701, -32.3786
43.2600, 8.6e-05, 5955.1019, 83.3563, 2.5702, -32.3414
43.2650, 9.71e-05, 5954.8641, 83.3734, 2.5703, -32.3041
43.2700, 9.62e-05, 5954.6265, 83.3905, 2.5703, -32.2668
43.2750, 9.34e-05, 5954.3891, 83.4076, 2.5704, -32.2295
43.2800, 0.0002229, 5954.1518, 83.4246, 2.5705, -32.1922
43.2850, 0.000119, 5953.9147, 83.4416, 2.5706, -32.1549
43.2900, 0.000165, 5953.6778, 83.4585, 2.5707, -32.1175
43.2950, 0.0001421, 5953.4410, 83.4755, 2.5708, -32.0802
43.3000, 0.0001023, 5953.2044, 83.4924, 2.5709, -32.0429
43.3050, 0.0001061, 5952.9680, 83.5092, 2.5710, -32.0055
43.3100, 8.21e-05, 5952.7318, 83.5261, 2.5710, -31.9681
43.3150, 6.21e-05, 5952.4957, 83.5429, 2.5711, -31.9308
43.3200, 5.6e-05, 5952.2598, 83.5597, 2.5712, -31.8934
43.3250, 5.48e-05, 5952.0241, 83.5764, 2.5713, -31.8560
43.3300, 5.66e-05, 5951.7885, 83.5931, 2.5714, -31.8186
43.3350, 6.52e-05, 5951.5532, 83.6098, 2.5715, -31.7812
43.3400, 8.85e-05, 5951.3180, 83.6264, 2.5715, -31.7438
43.3450, 5.67e-05, 5951.0829, 83.6431, 2.5716, -31.7064
43.3500, 5.01e-05, 5950.8481, 83.6597, 2.5717, -31.6690
43.3550, 4.94e-05, 5950.6134, 83.6762, 2.5718, -31.6316
43.3600, 4.95e-05, 5950.3789, 83.6927, 2.5719, -31.5941
43.3650, 6.43e-05, 5950.1446, 83.7092, 2.5720, -31.5567
43.3700, 0.0003999, 5949.9105, 83.7257, 2.5720, -31.5192
43.3750, 8.46e-05, 5949.6765, 83.7421, 2.5721, -31.4818
43.3800, 8.75e-05, 5949.4427, 83.7585, 2.5722, -31.4443
43.3850, 7.7e-05, 5949.2091, 83.7749, 2.5723, -31.4068
43.3900, 5.67e-05, 5948.9756, 83.7912, 2.5723, -31.3694
43.3950, 5.45e-05, 5948.7424, 83.8075, 2.5724, -31.3319
43.4000, 0.000289, 5948.5093, 83.8238, 2.5725, -31.2944
43.4050, 6.07e-05, 5948.2764, 83.8401, 2.5726, -31.2569
43.4100, 5.5e-05, 5948.0437, 83.8563, 2.5727, -31.2194
43.4150, 5.44e-05, 5947.8112, 83.8725, 2.5727, -31.1819
43.4200, 5.75e-05, 5947.5788, 83.8886, 2.5728, -31.1444
43.4250, 5.44e-05, 5947.3466, 83.9047, 2.5729, -31.1069
43.4300, 5.51e-05, 5947.1146, 83.9208, 2.5729, -31.0693
43.4350, 6.85e-05, 5946.8828, 83.9369, 2.5730, -31.0318
43.4400, 5.43e-05, 5946.6512, 83.9529, 2.5731, -30.9943
43.4450, 4.95e-05, 5946.4197, 83.9689, 2.5732, -30.9567
43.4500, 5.38e-05, 5946.1885, 83.9849, 2.5732, -30.9192
43.4550, 5.04e-05, 5945.9574, 84.0008, 2.5733, -30.8816
43.4600, 5.22e-05, 5945.7265, 84.0167, 2.5734, -30.8441
43.4650, 4.93e-05, 5945.4958, 84.0326, 2.5734, -30.8065
43.4700, 5.06e-05, 5945.2652, 84.0484, 2.5735, -30.7689
43.4750, 5.13e-05, 5945.0349, 84.0642, 2.5736, -30.7314
43.4800, 5.04e-05, 5944.8047, 84.0800, 2.5736, -30.6938
43.4850, 4.91e-05, 5944.5747, 84.0958, 2.5737, -30.6562
43.4900, 4.93e-05, 5944.3449, 84.1115, 2.5738, -30.6186
43.4950, 5.13e-05, 5944.1153, 84.1272, 2.5738, -30.5810
43.5000, 4.89e-05, 5943.8859, 84.1428, 2.5739, -30.5434
43.5050, 4.92e-05, 5943.6567, 84.1584, 2.5740, -30.5058
43.5100, 4.97e-05, 5943.4276, 84.1740, 2.5740, -30.4682
43.5150, 5.54e-05, 5943.1988, 84.1896, 2.5741, -30.4306
43.5200, 4.96e-05, 5942.9701, 84.2051, 2.5742, -30.3930
43.5250, 4.9e-05, 5942.7416, 84.2206, 2.5742, -30.3553
43.5300, 5.27e-05, 5942.5133, 84.2361, 2.5743, -30.3177
43.5350, 4.9e-05, 5942.2852, 84.2515, 2.5743, -30.2800
43.5400, 4.91e-05, 5942.0573, 84.2669, 2.5744, -30.2424
43.5450, 4.94e-05, 5941.8296, 84.2823, 2.5745, -30.2048
43.5500, 5.08e-05, 5941.6021, 84.2976, 2.5745, -30.1671
43.5550, 4.92e-05, 5941.3747, 84.3129, 2.5746, -30.1294
43.5600, 6.59e-05, 5941.1476, 84.3282, 2.5746, -30.0918
43.5650, 4.98e-05, 5940.9206, 84.3435, 2.5747, -30.0541
43.5700, 5.1e-05, 5940.6939, 84.3587, 2.5747, -30.0164
43.5750, 4.92e-05, 5940.4673, 84.3739, 2.5748, -29.9787
43.5800, 4.89e-05, 5940.2409, 84.3890, 2.5748, -29.9411
43.5850, 4.9e-05, 5940.0147, 84.4042, 2.5749, -29.9034
43.5900, 5.09e-05, 5939.7887, 84.4193, 2.5749, -29.8657
43.5950, 6.43e-05, 5939.5629, 84.4343, 2.5750, -29.8280
43.6000, 5.35e-05, 5939.3373, 84.4493, 2.5751, -29.7903
43.6050, 5.21e-05, 5939.1119, 84.4643, 2.5751, -29.7526
43.6100, 4.97e-05, 5938.8867, 84.4793, 2.5752, -29.7148
43.6150, 4.91e-05, 5938.6617, 84.4942, 2.5752, -29.6771
43.6200, 4.87e-05, 5938.4368, 84.5092, 2.5752, -29.6394
43.6250, 5.11e-05, 5938.2122, 84.5240, 2.5753, -29.6016
43.6300, 6.14e-05, 5937.9878, 84.5389, 2.5753, -29.5639
43.6350, 4.93e-05, 5937.7635, 84.5537, 2.5754, -29.5262
43.6400, 4.93e-05, 5937.5395, 84.5685, 2.5754, -29.4884
43.6450, 5.09e-05, 5937.3156, 84.5832, 2.5755, -29.4507
43.6500, 4.88e-05, 5937.0920, 84.5979, 2.5755, -29.4129
43.6550, 4.89e-05, 5936.8685, 84.6126, 2.5756, -29.3751
43.6600, 5.07e-05, 5936.6453, 84.6273, 2.5756, -29.3374
43.6650, 6.27e-05, 5936.4222, 84.6419, 2.5756, -29.2996
43.6700, 4.96e-05, 5936.1994, 84.6565, 2.5757, -29.2618
43.6750, 4.88e-05, 5935.9767, 84.6711, 2.5757, -29.2240
43.6800, 5.06e-05, 5935.7543, 84.6856, 2.5758, -29.1862
43.6850, 6.45e-05, 5935.5320, 84.7001, 2.5758, -29.1484
43.6900, 6.25e-05, 5935.3099, 84.7146, 2.5759, -29.1106
43.6950, 6.61e-05, 5935.0881, 84.7290, 2.5759, -29.0728
43.7000, 5.35e-05, 5934.8664, 84.7434, 2.5759, -29.0350
43.7050, 4.97e-05, 5934.6450, 84.7578, 2.5760, -28.9972
43.7100, 5e-05, 5934.4237, 84.7721, 2.5760, -28.9594
43.7150, 4.93e-05, 5934.2027, 84.7864, 2.5760, -28.9215
43.7200, 5.11e-05, 5933.9819, 84.8007, 2.5761, -28.8837
43.7250, 9.76e-05, 5933.7612, 84.8150, 2.5761, -28.8458
43.7300, 9.7e-05, 5933.5408, 84.8292, 2.5761, -28.8080
43.7350, 8.13e-05, 5933.3205, 84.8434, 2.5762, -28.7701
43.7400, 5.84e-05, 5933.1005, 84.8575, 2.5762, -28.7323
43.7450, 5.47e-05, 5932.8807, 84.8717, 2.5762, -28.6944
43.7500, 6.78e-05, 5932.6611, 84.8858, 2.5763, -28.6565
43.7550, 5.4e-05, 5932.4416, 84.8998, 2.5763, -28.6186
43.7600, 4.98e-05, 5932.2224, 84.9138, 2.5763, -28.5807
43.7650, 4.98e-05, 5932.0034, 84.9278, 2.5764, -28.5428
43.7700, 4.9e-05, 5931.7846, 84.9418, 2.5764, -28.5049
43.7750, 5.13e-05, 5931.5660, 84.9558, 2.5764, -28.4670
43.7800, 4.92e-05, 5931.3477, 84.9697, 2.5764, -28.4291
43.7850, 6.07e-05, 5931.1295, 84.9835, 2.5765, -28.3912
43.7900, 5.3e-05, 5930.9115, 84.9974, 2.5765, -28.3533
43.7950, 4.93e-05, 5930.6937, 85.0112, 2.5765, -28.3153
43.8000, 5.72e-05, 5930.4762, 85.0250, 2.5765, -28.2774
43.8050, 5.08e-05, 5930.2588, 85.0387, 2.5766, -28.2394
43.8100, 5.15e-05, 5930.0417, 85.0524, 2.5766, -28.2015
43.8150, 4.96e-05, 5929.8248, 85.0661, 2.5766, -28.1635
43.8200, 6.22e-05, 5929.6081, 85.0798, 2.5766, -28.1256
43.8250, 5.07e-05, 5929.3915, 85.0934, 2.5767, -28.0876
43.8300, 5.13e-05, 5929.1752, 85.1070, 2.5767, -28.0496
43.8350, 4.93e-05, 5928.9592, 85.1206, 2.5767, -28.0116
43.8400, 4.9e-05, 5928.7433, 85.1341, 2.5767, -27.9736
43.8450, 0.0001082, 5928.5276, 85.1476, 2.5768, -27.9356
43.8500, 0.0003142, 5928.3122, 85.1611, 2.5768, -27.8976
43.8550, 9.48e-05, 5928.0969, 85.1745, 2.5768, -27.8596
43.8600, 8.48e-05, 5927.8819, 85.1879, 2.5768, -27.8215
43.8650, 0.0001477, 5927.6671, 85.2013, 2.5768, -27.7835
43.8700, 0.000327, 5927.4525, 85.2146, 2.5769, -27.7455
43.8750, 8.44e-05, 5927.2381, 85.2280, 2.5769, -27.7074
43.8800, 9.14e-05, 5927.0239, 85.2412, 2.5769, -27.6694
43.8850, 0.0001328, 5926.8099, 85.2545, 2.5769, -27.6313
43.8900, 8.42e-05, 5926.5962, 85.2677, 2.5769, -27.5932
43.8950, 7.82e-05, 5926.3826, 85.2809, 2.5769, -27.5551
43.9000, 7.6e-05, 5926.1693, 85.2940, 2.5770, -27.5170
43.9050, 9.55e-05, 5925.9562, 85.3072, 2.5770, -27.4789
43.9100, 7.74e-05, 5925.7433, 85.3203, 2.5770, -27.4408
43.9150, 7.63e-05, 5925.5307, 85.3333, 2.5770, -27.4027
43.9200, 7.88e-05, 5925.3182, 85.3464, 2.5770, -27.3646
43.9250, 9.06e-05, 5925.1060, 85.3594, 2.5770, -27.3265
43.9300, 7.94e-05, 5924.8939, 85.3723, 2.5770, -27.2883
43.9350, 8.36e-05, 5924.6821, 85.3853, 2.5771, -27.2502
43.9400, 0.0002534, 5924.4705, 85.3982, 2.5771, -27.2120
43.9450, 0.0001244, 5924.2592, 85.4110, 2.5771, -27.1738
43.9500, 5.68e-05, 5924.0480, 85.4239, 2.5771, -27.1357
43.9550, 5.06e-05, 5923.8371, 85.4367, 2.5771, -27.0975
43.9600, 5.17e-05, 5923.6263, 85.4495, 2.5771, -27.0593
43.9650, 4.97e-05, 5923.4159, 85.4622, 2.5771, -27.0211
43.9700, 4.92e-05, 5923.2056, 85.4749, 2.5771, -26.9829
43.9750, 6.6e-05, 5922.9955, 85.4876, 2.5771, -26.9446
43.9800, 5.01e-05, 5922.7857, 85.5003, 2.5772, -26.9064
43.9850, 5.05e-05, 5922.5761, 85.5129, 2.5772, -26.8682
43.9900, 8.85e-05, 5922.3667, 85.5255, 2.5772, -26.8299
43.9950, 0.0001347, 5922.1575, 85.5380, 2.5772, -26.7916
44.0000, 0.0001112, 5921.9485, 85.5506, 2.5772, -26.7534
44.0050, 0.0001025, 5921.7398, 85.5631, 2.5772, -26.7151
44.0100, 0.0001023, 5921.5313, 85.5755, 2.5772, -26.6768
44.0150, 0.0001043, 5921.3230, 85.5880, 2.5772, -26.6385
44.0200, 0.0001016, 5921.1149, 85.6004, 2.5772, -26.6002
44.0250, 0.0001014, 5920.9071, 85.6127, 2.5772, -26.5619
44.0300, 0.0001013, 5920.6995, 85.6251, 2.5772, -26.5236
44.0350, 9.85e-05, 5920.4921, 85.6374, 2.5773, -26.4852
44.0400, 9.39e-05, 5920.2849, 85.6496, 2.5773, -26.4469
44.0450, 9.19e-05, 5920.0779, 85.6619, 2.5773, -26.4085
44.0500, 9.96e-05, 5919.8712, 85.6741, 2.5773, -26.3701
44.0550, 9.16e-05, 5919.6647, 85.6863, 2.5773, -26.3318
44.0600, 9.08e-05, 5919.4584, 85.6984, 2.5773, -26.2934
44.0650, 0.0001593, 5919.2524, 85.7105, 2.5773, -26.2550
44.0700, 5.84e-05, 5919.0466, 85.7226, 2.5773, -26.2166
44.0750, 5.2e-05, 5918.8410, 85.7347, 2.5773, -26.1781
44.0800, 5.79e-05, 5918.6356, 85.7467, 2.5773, -26.1397
44.0850, 5.11e-05, 5918.4305, 85.7587, 2.5773, -26.1013
44.0900, 5.19e-05, 5918.2255, 85.7706, 2.5773, -26.0628
44.0950, 6.78e-05, 5918.0208, 85.7826, 2.5773, -26.0243
44.1000, 8.01e-05, 5917.8164, 85.7945, 2.5773, -25.9859
44.1050, 7.89e-05, 5917.6121, 85.8063, 2.5773, -25.9474
44.1100, 5.39e-05, 5917.4081, 85.8182, 2.5773, -25.9089
44.1150, 4.99e-05, 5917.2044, 85.8300, 2.5773, -25.8704
44.1200, 4.93e-05, 5917.0008, 85.8417, 2.5773, -25.8318
44.1250, 6.61e-05, 5916.7975, 85.8535, 2.5774, -25.7933
44.1300, 5.09e-05, 5916.5944, 85.8652, 2.5774, -25.7548
44.1350, 4.95e-05, 5916.3915, 85.8768, 2.5774, -25.7162
44.1400, 7.2e-05, 5916.1889, 85.8885, 2.5774, -25.6776
44.1450, 6.96e-05, 5915.9865, 85.9001, 2.5774, -25.6391
44.1500, 6.69e-05, 5915.7843, 85.9117, 2.5774, -25.6005
44.1550, 6.53e-05, 5915.5824, 85.9232, 2.5774, -25.5619
44.1600, 4.99e-05, 5915.3807, 85.9347, 2.5774, -25.5233
44.1650, 5.6e-05, 5915.1792, 85.9462, 2.5774, -25.4846
44.1700, 4.97e-05, 5914.9780, 85.9576, 2.5774, -25.4460
44.1750, 5.13e-05, 5914.7770, 85.9691, 2.5774, -25.4074
44.1800, 5.2e-05, 5914.5762, 85.9804, 2.5774, -25.3687
44.1850, 6.21e-05, 5914.3756, 85.9918, 2.5774, -25.3300
44.1900, 5.1e-05, 5914.1753, 86.0031, 2.5774, -25.2913
44.1950, 4.95e-05, 5913.9752, 86.0144, 2.5774, -25.2527
44.2000, 5.14e-05, 5913.7754, 86.0257, 2.5774, -25.2139
44.2050, 4.95e-05, 5913.5758, 86.0369, 2.5774, -25.1752
44.2100, 4.9e-05, 5913.3764, 86.0481, 2.5774, -25.1365
44.2150, 4.88e-05, 5913.1772, 86.0592, 2.5774, -25.0978
44.2200, 6.29e-05, 5912.9783, 86.0704, 2.5774, -25.0590
44.2250, 8.49e-05, 5912.7796, 86.0815, 2.5774, -25.0202
44.2300, 5.5e-05, 5912.5812, 86.0925, 2.5774, -24.9815
44.2350, 5.29e-05, 5912.3830, 86.1036, 2.5774, -24.9427
44.2400, 4.97e-05, 5912.1850, 86.1146, 2.5774, -24.9039
44.2450, 4.98e-05, 5911.9873, 86.1255, 2.5774, -24.8650
44.2500, 6.25e-05, 5911.7898, 86.1365, 2.5775, -24.8262
44.2550, 5.38e-05, 5911.5925, 86.1474, 2.5775, -24.7874
44.2600, 4.93e-05, 5911.3955, 86.1583, 2.5775, -24.7485
44.2650, 0.0001888, 5911.1987, 86.1691, 2.5775, -24.7097
44.2700, 5e-05, 5911.0022, 86.1799, 2.5775, -24.6708
44.2750, 5.16e-05, 5910.8059, 86.1907, 2.5775, -24.6319
44.2800, 4.92e-05, 5910.6098, 86.2014, 2.5775, -24.5930
44.2850, 7.6e-05, 5910.4139, 86.2121, 2.5775, -24.5541
44.2900, 5.6e-05, 5910.2184, 86.2228, 2.5775, -24.5151
44.2950, 6.43e-05, 5910.0230, 86.2335, 2.5775, -24.4762
44.3000, 5.63e-05, 5909.8279, 86.2441, 2.5775, -24.4372
44.3050, 5.46e-05, 5909.6330, 86.2546, 2.5775, -24.3983
44.3100, 5.73e-05, 5909.4384, 86.2652, 2.5775, -24.3593
44.3150, 6.36e-05, 5909.2440, 86.2757, 2.5775, -24.3203
44.3200, 5.06e-05, 5909.0498, 86.2862, 2.5775, -24.2813
44.3250, 4.92e-05, 5908.8559, 86.2967, 2.5775, -24.2423
44.3300, 5.11e-05, 5908.6622, 86.3071, 2.5775, -24.2033
44.3350, 4.94e-05, 5908.4688, 86.3175, 2.5775, -24.1642
44.3400, 4.92e-05, 5908.2756, 86.3278, 2.5776, -24.1252
44.3450, 4.89e-05, 5908.0826, 86.3381, 2.5776, -24.0861
44.3500, 6.36e-05, 5907.8899, 86.3484, 2.5776, -24.0470
44.3550, 4.95e-05, 5907.6974, 86.3587, 2.5776, -24.0079
44.3600, 4.94e-05, 5907.5052, 86.3689, 2.5776, -23.9688
44.3650, 5.36e-05, 5907.3132, 86.3791, 2.5776, -23.9297
44.3700, 4.96e-05, 5907.1215, 86.3893, 2.5776, -23.8906
44.3750, 4.91e-05, 5906.9300, 86.3994, 2.5776, -23.8514
44.3800, 4.89e-05, 5906.7387, 86.4095, 2.5776, -23.8123
44.3850, 6.38e-05, 5906.5477, 86.4195, 2.5776, -23.7731
44.3900, 4.99e-05, 5906.3570, 86.4296, 2.5776, -23.7339
44.3950, 4.94e-05, 5906.1664, 86.4396, 2.5776, -23.6947
44.4000, 4.95e-05, 5905.9762, 86.4495, 2.5777, -23.6555
44.4050, 5.12e-05, 5905.7861, 86.4595, 2.5777, -23.6163
44.4100, 4.88e-05, 5905.5964, 86.4694, 2.5777, -23.5770
44.4150, 4.9e-05, 5905.4068, 86.4792, 2.5777, -23.5378
44.4200, 6.15e-05, 5905.2175, 86.4891, 2.5777, -23.4985
44.4250, 5.19e-05, 5905.0285, 86.4989, 2.5777, -23.4593
44.4300, 4.91e-05, 5904.8397, 86.5086, 2.5777, -23.4200
44.4350, 4.93e-05, 5904.6511, 86.5184, 2.5777, -23.3807
44.4400, 5.14e-05, 5904.4628, 86.5281, 2.5777, -23.3414
44.4450, 5.54e-05, 5904.2747, 86.5377, 2.5777, -23.3020
44.4500, 6.79e-05, 5904.0869, 86.5474, 2.5778, -23.2627
44.4550, 5.09e-05, 5903.8994, 86.5570, 2.5778, -23.2234
44.4600, 5.13e-05, 5903.7121, 86.5666, 2.5778, -23.1840
44.4650, 4.96e-05, 5903.5250, 86.5761, 2.5778, -23.1446
44.4700, 4.93e-05, 5903.3382, 86.5856, 2.5778, -23.1052
44.4750, 4.92e-05, 5903.1516, 86.5951, 2.5778, -23.0658
44.4800, 5.17e-05, 5902.9653, 86.6045, 2.5778, -23.0264
44.4850, 6.06e-05, 5902.7792, 86.6139, 2.5779, -22.9870
44.4900, 5.09e-05, 5902.5934, 86.6233, 2.5779, -22.9476
44.4950, 5.14e-05, 5902.4078, 86.6326, 2.5779, -22.9081
44.5000, 4.93e-05, 5902.2225, 86.6419, 2.5779, -22.8687
44.5050, 4.88e-05, 5902.0374, 86.6512, 2.5779, -22.8292
44.5100, 4.89e-05, 5901.8526, 86.6605, 2.5779, -22.7897
44.5150, 5.1e-05, 5901.6680, 86.6697, 2.5780, -22.7502
44.5200, 6.02e-05, 5901.4837, 86.6789, 2.5780, -22.7107
44.5250, 5.04e-05, 5901.2996, 86.6880, 2.5780, -22.6712
44.5300, 7.81e-05, 5901.1158, 86.6971, 2.5780, -22.6316
44.5350, 5.84e-05, 5900.9322, 86.7062, 2.5780, -22.5921
44.5400, 5e-05, 5900.7489, 86.7152, 2.5780, -22.5525
44.5450, 5e-05, 5900.5658, 86.7242, 2.5781, -22.5129
44.5500, 0.0002949, 5900.3830, 86.7332, 2.5781, -22.4734
44.5550, 5.57e-05, 5900.2004, 86.7422, 2.5781, -22.4338
44.5600, 5.02e-05, 5900.0181, 86.7511, 2.5781, -22.3942
44.5650, 4.98e-05, 5899.8361, 86.7599, 2.5781, -22.3545
44.5700, 5.15e-05, 5899.6543, 86.7688, 2.5782, -22.3149
44.5750, 4.92e-05, 5899.4727, 86.7776, 2.5782, -22.2753
44.5800, 4.93e-05, 5899.2914, 86.7864, 2.5782, -22.2356
44.5850, 6.07e-05, 5899.1104, 86.7951, 2.5782, -22.1959
44.5900, 6.72e-05, 5898.9296, 86.8038, 2.5782, -22.1563
44.5950, 5.14e-05, 5898.7491, 86.8125, 2.5783, -22.1166
44.6000, 4.95e-05, 5898.5688, 86.8212, 2.5783, -22.0769
44.6050, 4.95e-05, 5898.3888, 86.8298, 2.5783, -22.0372
44.6100, 5.15e-05, 5898.2090, 86.8384, 2.5783, -21.9974
44.6150, 4.95e-05, 5898.0295, 86.8469, 2.5784, -21.9577
44.6200, 6.2e-05, 5897.8503, 86.8554, 2.5784, -21.9180
44.6250, 5.22e-05, 5897.6713, 86.8639, 2.5784, -21.8782
44.6300, 4.93e-05, 5897.4925, 86.8723, 2.5784, -21.8384
44.6350, 4.93e-05, 5897.3141, 86.8808, 2.5785, -21.7986
44.6400, 4.89e-05, 5897.1358, 86.8891, 2.5785, -21.7589
44.6450, 5.1e-05, 5896.9579, 86.8975, 2.5785, -21.7191
44.6500, 4.92e-05, 5896.7802, 86.9058, 2.5785, -21.6792
44.6550, 6.15e-05, 5896.6027, 86.9141, 2.5786, -21.6394
44.6600, 5e-05, 5896.4255, 86.9223, 2.5786, -21.5996
44.6650, 5.17e-05, 5896.2486, 86.9305, 2.5786, -21.5597
44.6700, 4.92e-05, 5896.0719, 86.9387, 2.5787, -21.5199
44.6750, 0.0001123, 5895.8955, 86.9468, 2.5787, -21.4800
44.6800, 0.0001082, 5895.7193, 86.9550, 2.5787, -21.4401
44.6850, 5.62e-05, 5895.5434, 86.9630, 2.5787, -21.4003
44.6900, 5.04e-05, 5895.3678, 86.9711, 2.5788, -21.3604
44.6950, 4.98e-05, 5895.1924, 86.9791, 2.5788, -21.3205
44.7000, 5.13e-05, 5895.0173, 86.9871, 2.5788, -21.2805
44.7050, 4.94e-05, 5894.8424, 86.9950, 2.5789, -21.2406
44.7100, 4.93e-05, 5894.6678, 87.0029, 2.5789, -21.2007
44.7150, 5.19e-05, 5894.4934, 87.0108, 2.5789, -21.1607
44.7200, 5.18e-05, 5894.3194, 87.0186, 2.5790, -21.1208
44.7250, 4.94e-05, 5894.1455, 87.0264, 2.5790, -21.0808
44.7300, 4.91e-05, 5893.9720, 87.0342, 2.5790, -21.0408
44.7350, 4.93e-05, 5893.7987, 87.0420, 2.5791, -21.0008
44.7400, 5.16e-05, 5893.6256, 87.0497, 2.5791, -20.9608
44.7450, 7.29e-05, 5893.4529, 87.0573, 2.5791, -20.9208
44.7500, 5.32e-05, 5893.2804, 87.0650, 2.5792, -20.8808
44.7550, 5.21e-05, 5893.1081, 87.0726, 2.5792, -20.8408
44.7600, 0.0001941, 5892.9361, 87.0802, 2.5792, -20.8008
44.7650, 5.06e-05, 5892.7644, 87.0877, 2.5793, -20.7607
44.7700, 4.97e-05, 5892.5929, 87.0952, 2.5793, -20.7207
44.7750, 5.12e-05, 5892.4217, 87.1027, 2.5794, -20.6806
44.7800, 6.05e-05, 5892.2508, 87.1101, 2.5794, -20.6405
44.7850, 5.08e-05, 5892.0801, 87.1175, 2.5794, -20.6005
44.7900, 4.95e-05, 5891.9097, 87.1249, 2.5795, -20.5604
44.7950, 5.11e-05, 5891.7396, 87.1322, 2.5795, -20.5203
44.8000, 4.88e-05, 5891.5697, 87.1395, 2.5795, -20.4802
44.8050, 0.0001623, 5891.4001, 87.1468, 2.5796, -20.4401
44.8100, 5.57e-05, 5891.2307, 87.1540, 2.5796, -20.4000
44.8150, 6.24e-05, 5891.0616, 87.1612, 2.5797, -20.3598
44.8200, 5.07e-05, 5890.8928, 87.1684, 2.5797, -20.3197
44.8250, 4.94e-05, 5890.7242, 87.1755, 2.5798, -20.2796
44.8300, 5.1e-05, 5890.5560, 87.1826, 2.5798, -20.2394
44.8350, 4.92e-05, 5890.3879, 87.1897, 2.5798, -20.1993
44.8400, 4.93e-05, 5890.2202, 87.1967, 2.5799, -20.1591
44.8450, 4.89e-05, 5890.0527, 87.2037, 2.5799, -20.1189
44.8500, 6.25e-05, 5889.8854, 87.2107, 2.5800, -20.0787
44.8550, 5e-05, 5889.7185, 87.2176, 2.5800, -20.0386
44.8600, 4.95e-05, 5889.5518, 87.2245, 2.5801, -19.9984
44.8650, 5.13e-05, 5889.3854, 87.2314, 2.5801, -19.9582
44.8700, 4.93e-05, 5889.2192, 87.2382, 2.5801, -19.9180
44.8750, 4.9e-05, 5889.0533, 87.2450, 2.5802, -19.8777
44.8800, 4.92e-05, 5888.8877, 87.2518, 2.5802, -19.8375
44.8850, 7.6e-05, 5888.7223, 87.2585, 2.5803, -19.7973
44.8900, 5.17e-05, 5888.5573, 87.2652, 2.5803, -19.7571
44.8950, 5.01e-05, 5888.3924, 87.2718, 2.5804, -19.7168
44.9000, 4.97e-05, 5888.2279, 87.2785, 2.5804, -19.6766
44.9050, 5.14e-05, 5888.0636, 87.2851, 2.5805, -19.6363
44.9100, 4.96e-05, 5887.8996, 87.2916, 2.5805, -19.5961
44.9150, 6.04e-05, 5887.7358, 87.2981, 2.5806, -19.5558
44.9200, 5.14e-05, 5887.5724, 87.3046, 2.5806, -19.5155
44.9250, 5.15e-05, 5887.4092, 87.3111, 2.5807, -19.4753
44.9300, 4.94e-05, 5887.2462, 87.3175, 2.5807, -19.4350
44.9350, 4.9e-05, 5887.0836, 87.3239, 2.5808, -19.3947
44.9400, 5.14e-05, 5886.9212, 87.3302, 2.5808, -19.3544
44.9450, 4.95e-05, 5886.7590, 87.3365, 2.5809, -19.3141
44.9500, 6.51e-05, 5886.5972, 87.3428, 2.5809, -19.2738
44.9550, 5.06e-05, 5886.4356, 87.3491, 2.5810, -19.2335
44.9600, 5.19e-05, 5886.2743, 87.3553, 2.5810, -19.1932
44.9650, 4.98e-05, 5886.1133, 87.3615, 2.5811, -19.1529
44.9700, 0.0001366, 5885.9525, 87.3676, 2.5811, -19.1126
44.9750, 6.66e-05, 5885.7920, 87.3737, 2.5812, -19.0722
44.9800, 5.79e-05, 5885.6318, 87.3798, 2.5812, -19.0319
44.9850, 5.5e-05, 5885.4718, 87.3859, 2.5813, -18.9916
44.9900, 5.47e-05, 5885.3121, 87.3919, 2.5813, -18.9512
44.9950, 5.68e-05, 5885.1527, 87.3978, 2.5814, -18.9109
45.0000, 5.49e-05, 5884.9936, 87.4038, 2.5814, -18.8705
45.0050, 5.49e-05, 5884.8347, 87.4097, 2.5815, -18.8302
45.0100, 5.48e-05, 5884.6761, 87.4156, 2.5815, -18.7898
45.0150, 5.66e-05, 5884.5178, 87.4214, 2.5816, -18.7495
45.0200, 5.51e-05, 5884.3598, 87.4272, 2.5817, -18.7091
45.0250, 5.46e-05, 5884.2020, 87.4330, 2.5817, -18.6688
45.0300, 5.48e-05, 5884.0445, 87.4387, 2.5818, -18.6284
45.0350, 7.02e-05, 5883.8873, 87.4444, 2.5818, -18.5880
45.0400, 5.98e-05, 5883.7303, 87.4501, 2.5819, -18.5477
45.0450, 5.02e-05, 5883.5737, 87.4557, 2.5819, -18.5073
45.0500, 5.26e-05, 5883.4173, 87.4613, 2.5820, -18.4669
45.0550, 5.17e-05, 5883.2611, 87.4669, 2.5820, -18.4265
45.0600, 4.98e-05, 5883.1053, 87.4724, 2.5821, -18.3861
45.0650, 4.93e-05, 5882.9497, 87.4779, 2.5822, -18.3458
45.0700, 6.55e-05, 5882.7944, 87.4834, 2.5822, -18.3054
45.0750, 4.96e-05, 5882.6394, 87.4888, 2.5823, -18.2650
45.0800, 0.0002067, 5882.4846, 87.4942, 2.5823, -18.2246
45.0850, 0.000215, 5882.3302, 87.4996, 2.5824, -18.1842
45.0900, 6.44e-05, 5882.1760, 87.5049, 2.5825, -18.1438
45.0950, 5.15e-05, 5882.0220, 87.5102, 2.5825, -18.1034
45.1000, 4.97e-05, 5881.8684, 87.5155, 2.5826, -18.0630
45.1050, 4.89e-05, 5881.7150, 87.5207, 2.5826, -18.0226
45.1100, 6.27e-05, 5881.5619, 87.5259, 2.5827, -17.9822
45.1150, 5.07e-05, 5881.4091, 87.5310, 2.5827, -17.9418
45.1200, 4.89e-05, 5881.2566, 87.5361, 2.5828, -17.9014
45.1250, 5.1e-05, 5881.1043, 87.5412, 2.5829, -17.8610
45.1300, 0.0002392, 5880.9523, 87.5463, 2.5829, -17.8206
45.1350, 9.09e-05, 5880.8006, 87.5513, 2.5830, -17.7802
45.1400, 0.0001054, 5880.6492, 87.5563, 2.5830, -17.7398
45.1450, 0.0001247, 5880.4981, 87.5612, 2.5831, -17.6994
45.1500, 6.21e-05, 5880.3472, 87.5662, 2.5832, -17.6590
45.1550, 5.53e-05, 5880.1966, 87.5710, 2.5832, -17.6185
45.1600, 6.83e-05, 5880.0463, 87.5759, 2.5833, -17.5781
45.1650, 5.4e-05, 5879.8962, 87.5807, 2.5833, -17.5377
45.1700, 4.99e-05, 5879.7465, 87.5855, 2.5834, -17.4973
45.1750, 4.94e-05, 5879.5970, 87.5902, 2.5835, -17.4569
45.1800, 4.91e-05, 5879.4478, 87.5949, 2.5835, -17.4165
45.1850, 5.14e-05, 5879.2989, 87.5996, 2.5836, -17.3761
45.1900, 5.06e-05, 5879.1502, 87.6043, 2.5837, -17.3357
45.1950, 6.11e-05, 5879.0019, 87.6089, 2.5837, -17.2953
45.2000, 5.28e-05, 5878.8538, 87.6135, 2.5838, -17.2549
45.2050, 4.96e-05, 5878.7060, 87.6180, 2.5838, -17.2145
45.2100, 4.88e-05, 5878.5585, 87.6225, 2.5839, -17.1741
45.2150, 4.88e-05, 5878.4112, 87.6270, 2.5840, -17.1337
45.2200, 5.11e-05, 5878.2643, 87.6314, 2.5840, -17.0933
45.2250, 5.22e-05, 5878.1176, 87.6358, 2.5841, -17.0529
45.2300, 6.1e-05, 5877.9712, 87.6402, 2.5841, -17.0125
45.2350, 5.08e-05, 5877.8251, 87.6445, 2.5842, -16.9721
45.2400, 5.16e-05, 5877.6792, 87.6488, 2.5843, -16.9317
45.2450, 4.94e-05, 5877.5337, 87.6531, 2.5843, -16.8913
45.2500, 4.91e-05, 5877.3884, 87.6573, 2.5844, -16.8509
45.2550, 5.14e-05, 5877.2434, 87.6615, 2.5845, -16.8105
45.2600, 0.0001992, 5877.0987, 87.6657, 2.5845, -16.7701
45.2650, 5.63e-05, 5876.9543, 87.6698, 2.5846, -16.7297
45.2700, 5.49e-05, 5876.8101, 87.6739, 2.5846, -16.6893
45.2750, 5.64e-05, 5876.6663, 87.6780, 2.5847, -16.6489
45.2800, 5.47e-05, 5876.5227, 87.6820, 2.5848, -16.6086
45.2850, 6.44e-05, 5876.3794, 87.6860, 2.5848, -16.5682
45.2900, 5.78e-05, 5876.2364, 87.6900, 2.5849, -16.5278
45.2950, 5.21e-05, 5876.0936, 87.6939, 2.5850, -16.4874
45.3000, 4.95e-05, 5875.9512, 87.6978, 2.5850, -16.4471
45.3050, 0.0002048, 5875.8090, 87.7016, 2.5851, -16.4067
45.3100, 5.48e-05, 5875.6671, 87.7055, 2.5851, -16.3663
45.3150, 4.96e-05, 5875.5255, 87.7093, 2.5852, -16.3260
45.3200, 4.92e-05, 5875.3842, 87.7130, 2.5853, -16.2856
45.3250, 4.97e-05, 5875.2432, 87.7167, 2.5853, -16.2453
45.3300, 5.14e-05, 5875.1024, 87.7204, 2.5854, -16.2049
45.3350, 4.92e-05, 5874.9620, 87.7241, 2.5855, -16.1646
45.3400, 6.01e-05, 5874.8218, 87.7277, 2.5855, -16.1242
45.3450, 5.13e-05, 5874.6819, 87.7313, 2.5856, -16.0839
45.3500, 5.16e-05, 5874.5423, 87.7348, 2.5856, -16.0435
45.3550, 4.95e-05, 5874.4030, 87.7384, 2.5857, -16.0032
45.3600, 5.64e-05, 5874.2639, 87.7418, 2.5858, -15.9629
45.3650, 5.09e-05, 5874.1252, 87.7453, 2.5858, -15.9225
45.3700, 5.15e-05, 5873.9867, 87.7487, 2.5859, -15.8822
45.3750, 6.09e-05, 5873.8485, 87.7521, 2.5860, -15.8419
45.3800, 5.1e-05, 5873.7106, 87.7554, 2.5860, -15.8016
45.3850, 5.16e-05, 5873.5730, 87.7588, 2.5861, -15.7613
45.3900, 4.97e-05, 5873.4357, 87.7620, 2.5861, -15.7210
45.3950, 4.92e-05, 5873.2986, 87.7653, 2.5862, -15.6807
45.4000, 4.92e-05, 5873.1619, 87.7685, 2.5863, -15.6404
45.4050, 5.13e-05, 5873.0254, 87.7717, 2.5863, -15.6001
45.4100, 6.06e-05, 5872.8892, 87.7748, 2.5864, -15.5598
45.4150, 5.04e-05, 5872.7533, 87.7779, 2.5864, -15.5195
45.4200, 4.93e-05, 5872.6177, 87.7810, 2.5865, -15.4792
45.4250, 5.13e-05, 5872.4824, 87.7840, 2.5866, -15.4390
45.4300, 4.9e-05, 5872.3473, 87.7871, 2.5866, -15.3987
45.4350, 4.9e-05, 5872.2126, 87.7900, 2.5867, -15.3584
45.4400, 5.09e-05, 5872.0781, 87.7930, 2.5867, -15.3182
45.4450, 6.7e-05, 5871.9439, 87.7959, 2.5868, -15.2779
45.4500, 5.07e-05, 5871.8100, 87.7988, 2.5869, -15.2377
45.4550, 4.95e-05, 5871.6764, 87.8016, 2.5869, -15.1974
45.4600, 5.1e-05, 5871.5431, 87.8044, 2.5870, -15.1572
45.4650, 4.91e-05, 5871.4101, 87.8072, 2.5870, -15.1170
45.4700, 4.91e-05, 5871.2773, 87.8099, 2.5871, -15.0768
45.4750, 4.9e-05, 5871.1449, 87.8126, 2.5872, -15.0365
45.4800, 6.25e-05, 5871.0127, 87.8153, 2.5872, -14.9963
45.4850, 4.98e-05, 5870.8808, 87.8179, 2.5873, -14.9561
45.4900, 4.91e-05, 5870.7492, 87.8205, 2.5873, -14.9159
45.4950, 4.89e-05, 5870.6179, 87.8231, 2.5874, -14.8757
45.5000, 5.14e-05, 5870.4869, 87.8256, 2.5875, -14.8355
45.5050, 4.91e-05, 5870.3562, 87.8281, 2.5875, -14.7953
45.5100, 4.9e-05, 5870.2258, 87.8306, 2.5876, -14.7552
45.5150, 6.24e-05, 5870.0956, 87.8330, 2.5876, -14.7150
45.5200, 5e-05, 5869.9658, 87.8354, 2.5877, -14.6748
45.5250, 4.98e-05, 5869.8362, 87.8378, 2.5878, -14.6347
45.5300, 5.78e-05, 5869.7069, 87.8401, 2.5878, -14.5945
45.5350, 5.16e-05, 5869.5779, 87.8424, 2.5879, -14.5544
45.5400, 4.93e-05, 5869.4492, 87.8447, 2.5879, -14.5142
45.5450, 4.91e-05, 5869.3208, 87.8469, 2.5880, -14.4741
45.5500, 6.16e-05, 5869.1927, 87.8491, 2.5880, -14.4340
45.5550, 5.16e-05, 5869.0649, 87.8513, 2.5881, -14.3938
45.5600, 4.87e-05, 5868.9373, 87.8534, 2.5882, -14.3537
45.5650, 4.89e-05, 5868.8101, 87.8555, 2.5882, -14.3136
45.5700, 5.11e-05, 5868.6831, 87.8576, 2.5883, -14.2735
45.5750, 4.92e-05, 5868.5564, 87.8596, 2.5883, -14.2334
45.5800, 4.9e-05, 5868.4301, 87.8616, 2.5884, -14.1933
45.5850, 6.03e-05, 5868.3040, 87.8636, 2.5884, -14.1532
45.5900, 5.18e-05, 5868.1782, 87.8655, 2.5885, -14.1132
45.5950, 4.92e-05, 5868.0527, 87.8674, 2.5885, -14.0731
45.6000, 0.0003872, 5867.9274, 87.8693, 2.5886, -14.0330
45.6050, 7.14e-05, 5867.8025, 87.8711, 2.5887, -13.9930
45.6100, 5.48e-05, 5867.6779, 87.8729, 2.5887, -13.9529
45.6150, 5.03e-05, 5867.5535, 87.8747, 2.5888, -13.9129
45.6200, 4.93e-05, 5867.4295, 87.8764, 2.5888, -13.8729
45.6250, 6.25e-05, 5867.3057, 87.8781, 2.5889, -13.8328
45.6300, 5.2e-05, 5867.1822, 87.8797, 2.5889, -13.7928
45.6350, 4.93e-05, 5867.0590, 87.8814, 2.5890, -13.7528
45.6400, 4.94e-05, 5866.9362, 87.8830, 2.5890, -13.7128
45.6450, 5.14e-05, 5866.8136, 87.8845, 2.5891, -13.6728
45.6500, 4.91e-05, 5866.6912, 87.8861, 2.5891, -13.6328
45.6550, 4.93e-05, 5866.5692, 87.8875, 2.5892, -13.5928
45.6600, 6.68e-05, 5866.4475, 87.8890, 2.5892, -13.5529
45.6650, 5.3e-05, 5866.3261, 87.8904, 2.5893, -13.5129
45.6700, 4.94e-05, 5866.2049, 87.8918, 2.5893, -13.4729
45.6750, 4.92e-05, 5866.0841, 87.8932, 2.5894, -13.4330
45.6800, 4.94e-05, 5865.9635, 87.8945, 2.5895, -13.3930
45.6850, 5.14e-05, 5865.8433, 87.8958, 2.5895, -13.3531
45.6900, 4.86e-05, 5865.7233, 87.8971, 2.5896, -13.3132
45.6950, 6.12e-05, 5865.6036, 87.8983, 2.5896, -13.2732
45.7000, 5.18e-05, 5865.4842, 87.8995, 2.5897, -13.2333
45.7050, 4.9e-05, 5865.3652, 87.9007, 2.5897, -13.1934
45.7100, 4.89e-05, 5865.2464, 87.9018, 2.5898, -13.1535
45.7150, 4.88e-05, 5865.1278, 87.9029, 2.5898, -13.1136
45.7200, 5.12e-05, 5865.0096, 87.9039, 2.5899, -13.0737
45.7250, 4.89e-05, 5864.8917, 87.9050, 2.5899, -13.0339
45.7300, 6.02e-05, 5864.7741, 87.9060, 2.5900, -12.9940
45.7350, 4.94e-05, 5864.6568, 87.9069, 2.5900, -12.9541
45.7400, 5.12e-05, 5864.5397, 87.9079, 2.5901, -12.9143
45.7450, 5.61e-05, 5864.4230, 87.9088, 2.5901, -12.8744
45.7500, 4.96e-05, 5864.3065, 87.9096, 2.5901, -12.8346
45.7550, 5.09e-05, 5864.1904, 87.9104, 2.5902, -12.7948
45.7600, 4.92e-05, 5864.0745, 87.9112, 2.5902, -12.7550
45.7650, 6.15e-05, 5863.9589, 87.9120, 2.5903, -12.7152
45.7700, 4.94e-05, 5863.8436, 87.9127, 2.5903, -12.6753
45.7750, 5.13e-05, 5863.7286, 87.9134, 2.5904, -12.6355
45.7800, 4.9e-05, 5863.6140, 87.9141, 2.5904, -12.5958
45.7850, 4.91e-05, 5863.4996, 87.9147, 2.5905, -12.5560
45.7900, 4.87e-05, 5863.3855, 87.9153, 2.5905, -12.5162
45.7950, 5.07e-05, 5863.2716, 87.9159, 2.5906, -12.4764
45.8000, 0.0002256, 5863.1581, 87.9164, 2.5906, -12.4367
45.8050, 5.17e-05, 5863.0449, 87.9169, 2.5907, -12.3969
45.8100, 4.97e-05, 5862.9320, 87.9174, 2.5907, -12.3572
45.8150, 5.82e-05, 5862.8193, 87.9178, 2.5908, -12.3175
45.8200, 6.24e-05, 5862.7070, 87.9182, 2.5908, -12.2777
45.8250, 4.99e-05, 5862.5950, 87.9186, 2.5908, -12.2380
45.8300, 5.15e-05, 5862.4832, 87.9189, 2.5909, -12.1983
45.8350, 4.93e-05, 5862.3718, 87.9192, 2.5909, -12.1586
45.8400, 4.91e-05, 5862.2606, 87.9195, 2.5910, -12.1189
45.8450, 4.94e-05, 5862.1497, 87.9197, 2.5910, -12.0792
45.8500, 0.0002147, 5862.0392, 87.9199, 2.5911, -12.0396
45.8550, 5.58e-05, 5861.9289, 87.9201, 2.5911, -11.9999
45.8600, 5.47e-05, 5861.8189, 87.9202, 2.5912, -11.9602
45.8650, 5.44e-05, 5861.7092, 87.9203, 2.5912, -11.9206
45.8700, 5.64e-05, 5861.5998, 87.9204, 2.5912, -11.8809
45.8750, 6.33e-05, 5861.4907, 87.9204, 2.5913, -11.8413
45.8800, 5.77e-05, 5861.3819, 87.9204, 2.5913, -11.8017
45.8850, 5.33e-05, 5861.2734, 87.9204, 2.5914, -11.7621
45.8900, 4.97e-05, 5861.1652, 87.9203, 2.5914, -11.7224
45.8950, 4.96e-05, 5861.0573, 87.9202, 2.5915, -11.6828
45.9000, 4.94e-05, 5860.9497, 87.9201, 2.5915, -11.6432
45.9050, 5.18e-05, 5860.8424, 87.9200, 2.5915, -11.6037
45.9100, 6.17e-05, 5860.7353, 87.9198, 2.5916, -11.5641
45.9150, 4.98e-05, 5860.6286, 87.9195, 2.5916, -11.5245
45.9200, 4.92e-05, 5860.5222, 87.9193, 2.5917, -11.4849
45.9250, 5.12e-05, 5860.4160, 87.9190, 2.5917, -11.4454
45.9300, 4.93e-05, 5860.3102, 87.9187, 2.5917, -11.4059
45.9350, 4.91e-05, 5860.2046, 87.9183, 2.5918, -11.3663
45.9400, 4.93e-05, 5860.0994, 87.9179, 2.5918, -11.3268
45.9450, 6.32e-05, 5859.9944, 87.9175, 2.5919, -11.2873
45.9500, 4.99e-05, 5859.8897, 87.9170, 2.5919, -11.2477
45.9550, 4.9e-05, 5859.7854, 87.9165, 2.5919, -11.2082
45.9600, 5.1e-05, 5859.6813, 87.9160, 2.5920, -11.1687
45.9650, 5.62e-05, 5859.5775, 87.9155, 2.5920, -11.1293
45.9700, 5.05e-05, 5859.4741, 87.9149, 2.5921, -11.0898
45.9750, 4.91e-05, 5859.3709, 87.9143, 2.5921, -11.0503
45.9800, 5.39e-05, 5859.2680, 87.9136, 2.5921, -11.0108
45.9850, 4.96e-05, 5859.1654, 87.9129, 2.5922, -10.9714
45.9900, 4.91e-05, 5859.0631, 87.9122, 2.5922, -10.9319
45.9950, 4.91e-05, 5858.9611, 87.9115, 2.5923, -10.8925
46.0000, 5.1e-05, 5858.8594, 87.9107, 2.5923, -10.8531
46.0050, 4.91e-05, 5858.7580, 87.9099, 2.5923, -10.8136
46.0100, 5.89e-05, 5858.6569, 87.9090, 2.5924, -10.7742
46.0150, 5.32e-05, 5858.5561, 87.9082, 2.5924, -10.7348
46.0200, 4.89e-05, 5858.4556, 87.9072, 2.5925, -10.6954
46.0250, 4.89e-05, 5858.3553, 87.9063, 2.5925, -10.6560
46.0300, 4.89e-05, 5858.2554, 87.9053, 2.5925, -10.6167
46.0350, 5.13e-05, 5858.1558, 87.9043, 2.5926, -10.5773
46.0400, 4.9e-05, 5858.0564, 87.9033, 2.5926, -10.5379
46.0450, 5.91e-05, 5857.9574, 87.9022, 2.5926, -10.4986
46.0500, 0.0001342, 5857.8587, 87.9011, 2.5927, -10.4592
46.0550, 8.19e-05, 5857.7602, 87.8999, 2.5927, -10.4199
46.0600, 5.69e-05, 5857.6621, 87.8988, 2.5928, -10.3805
46.0650, 5.48e-05, 5857.5642, 87.8976, 2.5928, -10.3412
46.0700, 5.41e-05, 5857.4667, 87.8963, 2.5928, -10.3019
46.0750, 5.6e-05, 5857.3694, 87.8951, 2.5929, -10.2626
46.0800, 5.35e-05, 5857.2725, 87.8938, 2.5929, -10.2233
46.0850, 5.38e-05, 5857.1758, 87.8924, 2.5929, -10.1840
46.0900, 5.55e-05, 5857.0794, 87.8911, 2.5930, -10.1447
46.0950, 5.36e-05, 5856.9834, 87.8897, 2.5930, -10.1054
46.1000, 5.36e-05, 5856.8876, 87.8882, 2.5930, -10.0661
46.1050, 5.35e-05, 5856.7921, 87.8868, 2.5931, -10.0269
46.1100, 5.57e-05, 5856.6969, 87.8853, 2.5931, -9.9876
46.1150, 5.38e-05, 5856.6021, 87.8838, 2.5932, -9.9484
46.1200, 6.08e-05, 5856.5075, 87.8822, 2.5932, -9.9092
46.1250, 5.07e-05, 5856.4132, 87.8806, 2.5932, -9.8699
46.1300, 5.09e-05, 5856.3192, 87.8790, 2.5933, -9.8307
46.1350, 4.9e-05, 5856.2255, 87.8773, 2.5933, -9.7915
46.1400, 4.86e-05, 5856.1321, 87.8756, 2.5933, -9.7523
46.1450, 5.47e-05, 5856.0390, 87.8739, 2.5934, -9.7131
46.1500, 4.82e-05, 5855.9462, 87.8722, 2.5934, -9.6739
46.1550, 4.85e-05, 5855.8537, 87.8704, 2.5934, -9.6347
46.1600, 4.92e-05, 5855.7615, 87.8686, 2.5935, -9.5955
46.1650, 5.03e-05, 5855.6696, 87.8667, 2.5935, -9.5564
46.1700, 4.85e-05, 5855.5780, 87.8648, 2.5935, -9.5172
46.1750, 4.81e-05, 5855.4866, 87.8629, 2.5936, -9.4781
46.1800, 4.77e-05, 5855.3956, 87.8610, 2.5936, -9.4389
46.1850, 5e-05, 5855.3049, 87.8590, 2.5936, -9.3998
46.1900, 4.81e-05, 5855.2145, 87.8570, 2.5937, -9.3607
46.1950, 4.84e-05, 5855.1243, 87.8549, 2.5937, -9.3216
46.2000, 5.02e-05, 5855.0345, 87.8528, 2.5938, -9.2824
46.2050, 4.8e-05, 5854.9450, 87.8507, 2.5938, -9.2433
46.2100, 5.14e-05, 5854.8557, 87.8486, 2.5938, -9.2043
46.2150, 4.88e-05, 5854.7668, 87.8464, 2.5939, -9.1652
46.2200, 5.04e-05, 5854.6781, 87.8442, 2.5939, -9.1261
46.2250, 4.83e-05, 5854.5898, 87.8420, 2.5939, -9.0870
46.2300, 4.86e-05, 5854.5017, 87.8397, 2.5940, -9.0480
46.2350, 6.25e-05, 5854.4140, 87.8374, 2.5940, -9.0089
46.2400, 5.15e-05, 5854.3265, 87.8351, 2.5940, -8.9699
46.2450, 4.86e-05, 5854.2393, 87.8327, 2.5941, -8.9308
46.2500, 4.82e-05, 5854.1525, 87.8303, 2.5941, -8.8918
46.2550, 4.83e-05, 5854.0659, 87.8279, 2.5941, -8.8528
46.2600, 5.01e-05, 5853.9796, 87.8254, 2.5942, -8.8138
46.2650, 4.78e-05, 5853.8936, 87.8229, 2.5942, -8.7748
46.2700, 6.42e-05, 5853.8080, 87.8204, 2.5942, -8.7358
46.2750, 5.48e-05, 5853.7226, 87.8179, 2.5943, -8.6968
46.2800, 4.94e-05, 5853.6375, 87.8153, 2.5943, -8.6578
46.2850, 4.91e-05, 5853.5527, 87.8127, 2.5943, -8.6188
46.2900, 4.86e-05, 5853.4682, 87.8100, 2.5944, -8.5798
46.2950, 5.95e-05, 5853.3840, 87.8073, 2.5944, -8.5409
46.3000, 4.96e-05, 5853.3001, 87.8046, 2.5945, -8.5019
46.3050, 5.97e-05, 5853.2165, 87.8019, 2.5945, -8.4630
46.3100, 5.01e-05, 5853.1332, 87.7991, 2.5945, -8.4241
46.3150, 5.03e-05, 5853.0502, 87.7963, 2.5946, -8.3851
46.3200, 5.3e-05, 5852.9675, 87.7934, 2.5946, -8.3462
46.3250, 4.91e-05, 5852.8851, 87.7905, 2.5946, -8.3073
46.3300, 5.16e-05, 5852.8030, 87.7876, 2.5947, -8.2684
46.3350, 4.91e-05, 5852.7211, 87.7847, 2.5947, -8.2295
46.3400, 6.23e-05, 5852.6396, 87.7817, 2.5947, -8.1906
46.3450, 4.94e-05, 5852.5584, 87.7787, 2.5948, -8.1517
46.3500, 5.07e-05, 5852.4775, 87.7757, 2.5948, -8.1129
46.3550, 4.86e-05, 5852.3968, 87.7726, 2.5948, -8.0740
46.3600, 4.92e-05, 5852.3165, 87.7695, 2.5949, -8.0352
46.3650, 4.84e-05, 5852.2364, 87.7664, 2.5949, -7.9963
46.3700, 5.31e-05, 5852.1567, 87.7632, 2.5949, -7.9575
46.3750, 6.79e-05, 5852.0772, 87.7600, 2.5950, -7.9186
46.3800, 4.91e-05, 5851.9981, 87.7568, 2.5950, -7.8798
46.3850, 4.87e-05, 5851.9192, 87.7535, 2.5951, -7.8410
46.3900, 5.03e-05, 5851.8407, 87.7503, 2.5951, -7.8022
46.3950, 4.86e-05, 5851.7624, 87.7469, 2.5951, -7.7634
46.4000, 5.53e-05, 5851.6844, 87.7436, 2.5952, -7.7246
46.4050, 5.19e-05, 5851.6068, 87.7402, 2.5952, -7.6858
46.4100, 6.17e-05, 5851.5294, 87.7368, 2.5952, -7.6471
46.4150, 4.9e-05, 5851.4523, 87.7333, 2.5953, -7.6083
46.4200, 4.87e-05, 5851.3755, 87.7298, 2.5953, -7.5695
46.4250, 5.08e-05, 5851.2990, 87.7263, 2.5953, -7.5308
46.4300, 4.87e-05, 5851.2229, 87.7228, 2.5954, -7.4921
46.4350, 4.85e-05, 5851.1470, 87.7192, 2.5954, -7.4533
46.4400, 4.84e-05, 5851.0714, 87.7156, 2.5955, -7.4146
46.4450, 6.17e-05, 5850.9961, 87.7120, 2.5955, -7.3759
46.4500, 4.91e-05, 5850.9210, 87.7083, 2.5955, -7.3372
46.4550, 4.85e-05, 5850.8463, 87.7046, 2.5956, -7.2985
46.4600, 5.84e-05, 5850.7719, 87.7009, 2.5956, -7.2598
46.4650, 4.92e-05, 5850.6978, 87.6971, 2.5956, -7.2211
46.4700, 4.84e-05, 5850.6240, 87.6933, 2.5957, -7.1824
46.4750, 4.84e-05, 5850.5504, 87.6895, 2.5957, -7.1438
46.4800, 6.24e-05, 5850.4772, 87.6856, 2.5957, -7.1051
46.4850, 4.9e-05, 5850.4043, 87.6817, 2.5958, -7.0665
46.4900, 4.84e-05, 5850.3316, 87.6778, 2.5958, -7.0278
46.4950, 4.83e-05, 5850.2593, 87.6738, 2.5959, -6.9892
46.5000, 5.05e-05, 5850.1872, 87.6699, 2.5959, -6.9506
46.5050, 4.83e-05, 5850.1155, 87.6658, 2.5959, -6.9119
46.5100, 4.84e-05, 5850.0440, 87.6618, 2.5960, -6.8733
46.5150, 5.91e-05, 5849.9729, 87.6577, 2.5960, -6.8347
46.5200, 5.09e-05, 5849.9020, 87.6536, 2.5961, -6.7962
46.5250, 4.84e-05, 5849.8314, 87.6495, 2.5961, -6.7576
46.5300, 4.84e-05, 5849.7611, 87.6453, 2.5961, -6.7190
46.5350, 5.01e-05, 5849.6911, 87.6411, 2.5962, -6.6804
46.5400, 4.83e-05, 5849.6215, 87.6368, 2.5962, -6.6419
46.5450, 5.52e-05, 5849.5521, 87.6326, 2.5962, -6.6033
46.5500, 6.1e-05, 5849.4830, 87.6283, 2.5963, -6.5648
46.5550, 5.13e-05, 5849.4142, 87.6239, 2.5963, -6.5263
46.5600, 4.84e-05, 5849.3456, 87.6196, 2.5964, -6.4877
46.5650, 4.83e-05, 5849.2774, 87.6152, 2.5964, -6.4492
46.5700, 4.83e-05, 5849.2095, 87.6107, 2.5964, -6.4107
46.5750, 5.08e-05, 5849.1419, 87.6063, 2.5965, -6.3722
46.5800, 4.83e-05, 5849.0746, 87.6018, 2.5965, -6.3337
46.5850, 5.9e-05, 5849.0075, 87.5973, 2.5966, -6.2953
46.5900, 5.15e-05, 5848.9408, 87.5927, 2.5966, -6.2568
46.5950, 4.86e-05, 5848.8743, 87.5881, 2.5967, -6.2183
46.6000, 4.84e-05, 5848.8082, 87.5835, 2.5967, -6.1799
46.6050, 4.8e-05, 5848.7423, 87.5789, 2.5967, -6.1415
46.6100, 5.07e-05, 5848.6768, 87.5742, 2.5968, -6.1030
46.6150, 4.82e-05, 5848.6115, 87.5695, 2.5968, -6.0646
46.6200, 5.85e-05, 5848.5465, 87.5648, 2.5969, -6.0262
46.6250, 5e-05, 5848.4818, 87.5600, 2.5969, -5.9878
46.6300, 5.79e-05, 5848.4174, 87.5552, 2.5969, -5.9494
46.6350, 4.97e-05, 5848.3533, 87.5503, 2.5970, -5.9110
46.6400, 4.84e-05, 5848.2895, 87.5455, 2.5970, -5.8726
46.6450, 5.05e-05, 5848.2260, 87.5406, 2.5971, -5.8343
46.6500, 4.8e-05, 5848.1628, 87.5357, 2.5971, -5.7959
46.6550, 5.88e-05, 5848.0999, 87.5307, 2.5972, -5.7576
46.6600, 4.94e-05, 5848.0373, 87.5257, 2.5972, -5.7192
46.6650, 5.02e-05, 5847.9749, 87.5207, 2.5972, -5.6809
46.6700, 4.8e-05, 5847.9129, 87.5156, 2.5973, -5.6426
46.6750, 4.8e-05, 5847.8512, 87.5105, 2.5973, -5.6043
46.6800, 4.84e-05, 5847.7897, 87.5054, 2.5974, -5.5660
46.6850, 5.02e-05, 5847.7285, 87.5003, 2.5974, -5.5277
46.6900, 5.82e-05, 5847.6677, 87.4951, 2.5975, -5.4894
46.6950, 4.92e-05, 5847.6071, 87.4899, 2.5975, -5.4511
46.7000, 4.82e-05, 5847.5468, 87.4847, 2.5975, -5.4128
46.7050, 5.02e-05, 5847.4868, 87.4794, 2.5976, -5.3746
46.7100, 4.79e-05, 5847.4271, 87.4741, 2.5976, -5.3363
46.7150, 5.3e-05, 5847.3677, 87.4687, 2.5977, -5.2981
46.7200, 5.7e-05, 5847.3086, 87.4634, 2.5977, -5.2599
46.7250, 5.99e-05, 5847.2498, 87.4580, 2.5978, -5.2217
46.7300, 4.97e-05, 5847.1913, 87.4526, 2.5978, -5.1835
46.7350, 4.88e-05, 5847.1331, 87.4471, 2.5979, -5.1453
46.7400, 6.2e-05, 5847.0751, 87.4416, 2.5979, -5.1071
46.7450, 4.82e-05, 5847.0175, 87.4361, 2.5980, -5.0689
46.7500, 4.84e-05, 5846.9601, 87.4305, 2.5980, -5.0308
46.7550, 4.78e-05, 5846.9030, 87.4250, 2.5980, -4.9926
46.7600, 6.08e-05, 5846.8463, 87.4194, 2.5981, -4.9545
46.7650, 5.1e-05, 5846.7898, 87.4137, 2.5981, -4.9163
46.7700, 4.84e-05, 5846.7336, 87.4080, 2.5982, -4.8782
46.7750, 5.1e-05, 5846.6777, 87.4023, 2.5982, -4.8401
46.7800, 4.86e-05, 5846.6221, 87.3966, 2.5983, -4.8020
46.7850, 4.83e-05, 5846.5668, 87.3908, 2.5983, -4.7639
46.7900, 4.81e-05, 5846.5118, 87.3850, 2.5984, -4.7258
46.7950, 6.1e-05, 5846.4570, 87.3792, 2.5984, -4.6878
46.8000, 5.68e-05, 5846.4026, 87.3733, 2.5985, -4.6497
46.8050, 4.99e-05, 5846.3484, 87.3675, 2.5985, -4.6117
46.8100, 4.82e-05, 5846.2946, 87.3615, 2.5986, -4.5736
46.8150, 5.02e-05, 5846.2410, 87.3556, 2.5986, -4.5356
46.8200, 4.85e-05, 5846.1877, 87.3496, 2.5987, -4.4976
46.8250, 4.82e-05, 5846.1348, 87.3436, 2.5987, -4.4596
46.8300, 5.9e-05, 5846.0821, 87.3375, 2.5988, -4.4216
46.8350, 5.19e-05, 5846.0297, 87.3315, 2.5988, -4.3836
46.8400, 4.85e-05, 5845.9775, 87.3254, 2.5989, -4.3456
46.8450, 4.85e-05, 5845.9257, 87.3192, 2.5989, -4.3077
46.8500, 5.01e-05, 5845.8742, 87.3131, 2.5990, -4.2697
46.8550, 4.82e-05, 5845.8229, 87.3069, 2.5990, -4.2318
46.8600, 4.8e-05, 5845.7720, 87.3006, 2.5991, -4.1939
46.8650, 5.89e-05, 5845.7213, 87.2944, 2.5991, -4.1560
46.8700, 5.33e-05, 5845.6710, 87.2881, 2.5992, -4.1180
46.8750, 4.86e-05, 5845.6209, 87.2818, 2.5992, -4.0802
46.8800, 4.84e-05, 5845.5711, 87.2754, 2.5993, -4.0423
46.8850, 5.56e-05, 5845.5216, 87.2690, 2.5993, -4.0044
46.8900, 5.65e-05, 5845.4724, 87.2626, 2.5994, -3.9666
46.8950, 4.89e-05, 5845.4234, 87.2562, 2.5994, -3.9287
46.9000, 5.98e-05, 5845.3748, 87.2497, 2.5995, -3.8909
46.9050, 5.18e-05, 5845.3265, 87.2432, 2.5995, -3.8531
46.9100, 4.86e-05, 5845.2784, 87.2366, 2.5996, -3.8152
46.9150, 4.84e-05, 5845.2306, 87.2301, 2.5996, -3.7774
46.9200, 4.81e-05, 5845.1832, 87.2235, 2.5997, -3.7397
46.9250, 4.99e-05, 5845.1360, 87.2169, 2.5997, -3.7019
46.9300, 4.81e-05, 5845.0891, 87.2102, 2.5998, -3.6641
46.9350, 5.81e-05, 5845.0424, 87.2035, 2.5998, -3.6264
46.9400, 4.93e-05, 5844.9961, 87.1968, 2.5999, -3.5886
46.9450, 5.01e-05, 5844.9501, 87.1900, 2.5999, -3.5509
46.9500, 4.84e-05, 5844.9043, 87.1833, 2.6000, -3.5132
46.9550, 4.82e-05, 5844.8589, 87.1765, 2.6001, -3.4755
46.9600, 5.04e-05, 5844.8137, 87.1696, 2.6001, -3.4378
46.9650, 4.85e-05, 5844.7688, 87.1627, 2.6002, -3.4001
46.9700, 6.11e-05, 5844.7242, 87.1558, 2.6002, -3.3625
46.9750, 5.01e-05, 5844.6799, 87.1489, 2.6003, -3.3248
46.9800, 5.08e-05, 5844.6359, 87.1420, 2.6003, -3.2872
46.9850, 4.88e-05, 5844.5921, 87.1350, 2.6004, -3.2496
46.9900, 4.85e-05, 5844.5487, 87.1279, 2.6004, -3.2120
46.9950, 4.85e-05, 5844.5055, 87.1209, 2.6005, -3.1744
47.0000, 5.04e-05, 5844.4627, 87.1138, 2.6005, -3.1368
47.0050, 5.79e-05, 5844.4201, 87.1067, 2.6006, -3.0992
47.0100, 4.99e-05, 5844.3778, 87.0995, 2.6007, -3.0617
47.0150, 4.82e-05, 5844.3358, 87.0924, 2.6007, -3.0241
47.0200, 5.04e-05, 5844.2940, 87.0852, 2.6008, -2.9866
47.0250, 4.81e-05, 5844.2526, 87.0779, 2.6008, -2.9491
47.0300, 4.81e-05, 5844.2114, 87.0707, 2.6009, -2.9116
47.0350, 5.01e-05, 5844.1706, 87.0634, 2.6009, -2.8741
47.0400, 4.81e-05, 5844.1300, 87.0561, 2.6010, -2.8366
47.0450, 5.02e-05, 5844.0897, 87.0487, 2.6011, -2.7991
47.0500, 5.21e-05, 5844.0497, 87.0413, 2.6011, -2.7617
47.0550, 5.41e-05, 5844.0099, 87.0339, 2.6012, -2.7242
47.0600, 4.89e-05, 5843.9705, 87.0265, 2.6012, -2.6868
47.0650, 4.87e-05, 5843.9313, 87.0190, 2.6013, -2.6494
47.0700, 4.82e-05, 5843.8925, 87.0115, 2.6013, -2.6120
47.0750, 6.11e-05, 5843.8539, 87.0039, 2.6014, -2.5746
47.0800, 5e-05, 5843.8156, 86.9964, 2.6015, -2.5373
47.0850, 4.84e-05, 5843.7776, 86.9888, 2.6015, -2.4999
47.0900, 5.03e-05, 5843.7398, 86.9811, 2.6016, -2.4626
47.0950, 4.82e-05, 5843.7024, 86.9735, 2.6016, -2.4252
47.1000, 4.82e-05, 5843.6652, 86.9658, 2.6017, -2.3879
47.1050, 4.84e-05, 5843.6284, 86.9581, 2.6017, -2.3506
47.1100, 4.99e-05, 5843.5918, 86.9503, 2.6018, -2.3134
47.1150, 5.03e-05, 5843.5555, 86.9426, 2.6019, -2.2761
47.1200, 4.83e-05, 5843.5194, 86.9348, 2.6019, -2.2388
47.1250, 4.84e-05, 5843.4837, 86.9269, 2.6020, -2.2016
47.1300, 5.03e-05, 5843.4482, 86.9191, 2.6020, -2.1644
47.1350, 4.81e-05, 5843.4131, 86.9112, 2.6021, -2.1272
47.1400, 5.15e-05, 5843.3782, 86.9033, 2.6022, -2.0900
47.1450, 4.92e-05, 5843.3436, 86.8953, 2.6022, -2.0528
47.1500, 6.17e-05, 5843.3092, 86.8873, 2.6023, -2.0156
47.1550, 4.93e-05, 5843.2752, 86.8793, 2.6023, -1.9785
47.1600, 4.81e-05, 5843.2414, 86.8713, 2.6024, -1.9414
47.1650, 5.04e-05, 5843.2080, 86.8632, 2.6025, -1.9042
47.1700, 4.86e-05, 5843.1748, 86.8551, 2.6025, -1.8671
47.1750, 4.85e-05, 5843.1418, 86.8470, 2.6026, -1.8301
47.1800, 4.85e-05, 5843.1092, 86.8388, 2.6026, -1.7930
47.1850, 6.21e-05, 5843.0769, 86.8306, 2.6027, -1.7559
47.1900, 4.95e-05, 5843.0448, 86.8224, 2.6028, -1.7189
47.1950, 4.78e-05, 5843.0130, 86.8141, 2.6028, -1.6819
47.2000, 4.81e-05, 5842.9815, 86.8058, 2.6029, -1.6448
47.2050, 5.03e-05, 5842.9503, 86.7975, 2.6029, -1.6079
47.2100, 4.85e-05, 5842.9194, 86.7892, 2.6030, -1.5709
47.2150, 4.86e-05, 5842.8887, 86.7808, 2.6031, -1.5339
47.2200, 6.11e-05, 5842.8583, 86.7724, 2.6031, -1.4970
47.2250, 4.87e-05, 5842.8282, 86.7640, 2.6032, -1.4600
47.2300, 4.94e-05, 5842.7984, 86.7556, 2.6032, -1.4231
47.2350, 4.83e-05, 5842.7689, 86.7471, 2.6033, -1.3862
47.2400, 5.03e-05, 5842.7396, 86.7385, 2.6034, -1.3493
47.2450, 4.85e-05, 5842.7106, 86.7300, 2.6034, -1.3125
47.2500, 4.82e-05, 5842.6819, 86.7214, 2.6035, -1.2756
47.2550, 5.87e-05, 5842.6535, 86.7128, 2.6035, -1.2388
47.2600, 5.09e-05, 5842.6254, 86.7042, 2.6036, -1.2020
47.2650, 4.82e-05, 5842.5975, 86.6955, 2.6037, -1.1652
47.2700, 4.79e-05, 5842.5700, 86.6868, 2.6037, -1.1284
47.2750, 4.8e-05, 5842.5427, 86.6781, 2.6038, -1.0916
47.2800, 4.99e-05, 5842.5157, 86.6694, 2.6039, -1.0549
47.2850, 4.8e-05, 5842.4889, 86.6606, 2.6039, -1.0181
47.2900, 5.85e-05, 5842.4625, 86.6518, 2.6040, -0.9814
47.2950, 5.15e-05, 5842.4363, 86.6429, 2.6040, -0.9447
47.3000, 4.85e-05, 5842.4104, 86.6341, 2.6041, -0.9080
47.3050, 4.82e-05, 5842.3847, 86.6252, 2.6042, -0.8714
47.3100, 4.84e-05, 5842.3594, 86.6163, 2.6042, -0.8347
47.3150, 5.42e-05, 5842.3343, 86.6073, 2.6043, -0.7981
47.3200, 4.9e-05, 5842.3095, 86.5983, 2.6044, -0.7615
47.3250, 5.83e-05, 5842.2850, 86.5893, 2.6044, -0.7249
47.3300, 4.95e-05, 5842.2608, 86.5803, 2.6045, -0.6883
47.3350, 5.05e-05, 5842.2368, 86.5712, 2.6045, -0.6517
47.3400, 4.92e-05, 5842.2132, 86.5621, 2.6046, -0.6152
47.3450, 4.85e-05, 5842.1898, 86.5530, 2.6047, -0.5787
47.3500, 5.01e-05, 5842.1666, 86.5438, 2.6047, -0.5422
47.3550, 4.82e-05, 5842.1438, 86.5346, 2.6048, -0.5057
47.3600, 5.85e-05, 5842.1212, 86.5254, 2.6049, -0.4692
47.3650, 4.96e-05, 5842.0989, 86.5162, 2.6049, -0.4327
47.3700, 5.68e-05, 5842.0769, 86.5069, 2.6050, -0.3963
47.3750, 4.89e-05, 5842.0551, 86.4976, 2.6050, -0.3599
47.3800, 4.85e-05, 5842.0337, 86.4883, 2.6051, -0.3235
47.3850, 4.87e-05, 5842.0125, 86.4789, 2.6052, -0.2871
47.3900, 5.06e-05, 5841.9916, 86.4695, 2.6052, -0.2507
47.3950, 5.93e-05, 5841.9709, 86.4601, 2.6053, -0.2144
47.4000, 6.95e-05, 5841.9506, 86.4507, 2.6054, -0.1780
47.4050, 9.37e-05, 5841.9305, 86.4412, 2.6054, -0.1417
47.4100, 6.11e-05, 5841.9107, 86.4317, 2.6055, -0.1054
47.4150, 4.99e-05, 5841.8911, 86.4221, 2.6055, -0.0692
47.4200, 4.91e-05, 5841.8718, 86.4126, 2.6056, -0.0329
47.4250, 5.32e-05, 5841.8529, 86.4030, 2.6057, 0.0033
47.4300, 4.89e-05, 5841.8341, 86.3934, 2.6057, 0.0396
47.4350, 4.88e-05, 5841.8157, 86.3837, 2.6058, 0.0758
47.4400, 4.86e-05, 5841.7975, 86.3741, 2.6059, 0.1119
47.4450, 5.03e-05, 5841.7796, 86.3644, 2.6059, 0.1481
47.4500, 4.82e-05, 5841.7620, 86.3546, 2.6060, 0.1843
47.4550, 4.83e-05, 5841.7446, 86.3449, 2.6061, 0.2204
47.4600, 6.17e-05, 5841.7276, 86.3351, 2.6061, 0.2565
47.4650, 5.06e-05, 5841.7108, 86.3253, 2.6062, 0.2926
47.4700, 4.84e-05, 5841.6942, 86.3154, 2.6062, 0.3287
47.4750, 4.87e-05, 5841.6780, 86.3055, 2.6063, 0.3647
47.4800, 5.16e-05, 5841.6620, 86.2956, 2.6064, 0.4007
47.4850, 4.88e-05, 5841.6463, 86.2857, 2.6064, 0.4368
47.4900, 4.86e-05, 5841.6308, 86.2758, 2.6065, 0.4727
47.4950, 6.01e-05, 5841.6156, 86.2658, 2.6066, 0.5087
47.5000, 5.04e-05, 5841.6007, 86.2558, 2.6066, 0.5447
47.5050, 4.78e-05, 5841.5861, 86.2457, 2.6067, 0.5806
47.5100, 4.83e-05, 5841.5718, 86.2356, 2.6068, 0.6165
47.5150, 4.78e-05, 5841.5577, 86.2255, 2.6068, 0.6524
47.5200, 5.04e-05, 5841.5439, 86.2154, 2.6069, 0.6883
47.5250, 4.81e-05, 5841.5303, 86.2053, 2.6069, 0.7242
47.5300, 5.94e-05, 5841.5170, 86.1951, 2.6070, 0.7600
47.5350, 5.18e-05, 5841.5040, 86.1849, 2.6071, 0.7958
47.5400, 4.81e-05, 5841.4913, 86.1746, 2.6071, 0.8316
47.5450, 4.8e-05, 5841.4788, 86.1644, 2.6072, 0.8674
47.5500, 4.79e-05, 5841.4666, 86.1541, 2.6073, 0.9032
47.5550, 5e-05, 5841.4547, 86.1437, 2.6073, 0.9389
47.5600, 4.78e-05, 5841.4431, 86.1334, 2.6074, 0.9746
47.5650, 7.08e-05, 5841.4317, 86.1230, 2.6075, 1.0103
47.5700, 5.49e-05, 5841.4206, 86.1126, 2.6075, 1.0460
47.5750, 5.56e-05, 5841.4097, 86.1022, 2.6076, 1.0817
47.5800, 5.34e-05, 5841.3991, 86.0917, 2.6076, 1.1173
47.5850, 5.33e-05, 5841.3888, 86.0812, 2.6077, 1.1529
47.5900, 5.37e-05, 5841.3788, 86.0707, 2.6078, 1.1885
47.5950, 6.61e-05, 5841.3690, 86.0602, 2.6078, 1.2241
47.6000, 5.07e-05, 5841.3595, 86.0496, 2.6079, 1.2597
47.6050, 4.88e-05, 5841.3502, 86.0390, 2.6080, 1.2952
47.6100, 5.07e-05, 5841.3413, 86.0283, 2.6080, 1.3307
47.6150, 4.8e-05, 5841.3326, 86.0177, 2.6081, 1.3662
47.6200, 4.82e-05, 5841.3241, 86.0070, 2.6082, 1.4017
47.6250, 4.82e-05, 5841.3160, 85.9963, 2.6082, 1.4372
47.6300, 6.17e-05, 5841.3081, 85.9856, 2.6083, 1.4726
47.6350, 4.99e-05, 5841.3004, 85.9748, 2.6083, 1.5080
47.6400, 4.83e-05, 5841.2930, 85.9640, 2.6084, 1.5434
47.6450, 5.18e-05, 5841.2859, 85.9532, 2.6085, 1.5788
47.6500, 5.08e-05, 5841.2791, 85.9423, 2.6085, 1.6142
47.6550, 4.85e-05, 5841.2725, 85.9314, 2.6086, 1.6495
47.6600, 4.84e-05, 5841.2662, 85.9205, 2.6087, 1.6848
47.6650, 6.05e-05, 5841.2602, 85.9096, 2.6087, 1.7201
47.6700, 5.02e-05, 5841.2544, 85.8986, 2.6088, 1.7554
47.6750, 4.83e-05, 5841.2489, 85.8877, 2.6088, 1.7906
47.6800, 4.81e-05, 5841.2436, 85.8766, 2.6089, 1.8259
47.6850, 5e-05, 5841.2386, 85.8656, 2.6090, 1.8611
47.6900, 4.85e-05, 5841.2339, 85.8545, 2.6090, 1.8963
47.6950, 4.93e-05, 5841.2294, 85.8434, 2.6091, 1.9314
47.7000, 5.81e-05, 5841.2252, 85.8323, 2.6092, 1.9666
47.7050, 5.23e-05, 5841.2213, 85.8212, 2.6092, 2.0017
47.7100, 4.85e-05, 5841.2176, 85.8100, 2.6093, 2.0368
47.7150, 4.81e-05, 5841.2142, 85.7988, 2.6093, 2.0719
47.7200, 4.8e-05, 5841.2111, 85.7875, 2.6094, 2.1069
47.7250, 4.99e-05, 5841.2082, 85.7763, 2.6095, 2.1420
47.7300, 4.81e-05, 5841.2056, 85.7650, 2.6095, 2.1770
47.7350, 9.13e-05, 5841.2032, 85.7537, 2.6096, 2.2120
47.7400, 5.94e-05, 5841.2011, 85.7423, 2.6097, 2.2470
47.7450, 5.4e-05, 5841.1993, 85.7310, 2.6097, 2.2819
47.7500, 5.36e-05, 5841.1977, 85.7196, 2.6098, 2.3169
47.7550, 5.35e-05, 5841.1964, 85.7082, 2.6098, 2.3518
47.7600, 5.57e-05, 5841.1954, 85.6967, 2.6099, 2.3867
47.7650, 6.49e-05, 5841.1946, 85.6852, 2.6100, 2.4215
47.7700, 5.06e-05, 5841.1941, 85.6737, 2.6100, 2.4564
47.7750, 4.85e-05, 5841.1938, 85.6622, 2.6101, 2.4912
47.7800, 5.05e-05, 5841.1938, 85.6507, 2.6102, 2.5260
47.7850, 5.63e-05, 5841.1941, 85.6391, 2.6102, 2.5608
47.7900, 4.9e-05, 5841.1946, 85.6275, 2.6103, 2.5956
47.7950, 5.12e-05, 5841.1953, 85.6158, 2.6103, 2.6303
47.8000, 6.94e-05, 5841.1964, 85.6042, 2.6104, 2.6650
47.8050, 5.18e-05, 5841.1977, 85.5925, 2.6105, 2.6997
47.8100, 4.87e-05, 5841.1992, 85.5808, 2.6105, 2.7344
47.8150, 5.06e-05, 5841.2010, 85.5690, 2.6106, 2.7690
47.8200, 4.84e-05, 5841.2031, 85.5572, 2.6107, 2.8037
47.8250, 4.82e-05, 5841.2054, 85.5455, 2.6107, 2.8383
47.8300, 4.87e-05, 5841.2080, 85.5336, 2.6108, 2.8728
47.8350, 6.17e-05, 5841.2108, 85.5218, 2.6108, 2.9074
47.8400, 4.87e-05, 5841.2139, 85.5099, 2.6109, 2.9420
47.8450, 4.8e-05, 5841.2173, 85.4980, 2.6110, 2.9765
47.8500, 5.06e-05, 5841.2209, 85.4861, 2.6110, 3.0110
47.8550, 4.8e-05, 5841.2248, 85.4741, 2.6111, 3.0454
47.8600, 4.83e-05, 5841.2289, 85.4621, 2.6111, 3.0799
47.8650, 4.83e-05, 5841.2333, 85.4501, 2.6112, 3.1143
47.8700, 6.06e-05, 5841.2379, 85.4381, 2.6113, 3.1487
47.8750, 4.99e-05, 5841.2428, 85.4260, 2.6113, 3.1831
47.8800, 4.83e-05, 5841.2480, 85.4140, 2.6114, 3.2175
47.8850, 4.84e-05, 5841.2534, 85.4018, 2.6115, 3.2518
47.8900, 6.02e-05, 5841.2591, 85.3897, 2.6115, 3.2861
47.8950, 4.88e-05, 5841.2650, 85.3775, 2.6116, 3.3204
47.9000, 4.79e-05, 5841.2711, 85.3653, 2.6116, 3.3547
47.9050, 5.85e-05, 5841.2776, 85.3531, 2.6117, 3.3890
47.9100, 5.16e-05, 5841.2843, 85.3409, 2.6118, 3.4232
47.9150, 4.82e-05, 5841.2912, 85.3286, 2.6118, 3.4574
47.9200, 4.8e-05, 5841.2984, 85.3163, 2.6119, 3.4916
47.9250, 5.01e-05, 5841.3058, 85.3040, 2.6119, 3.5258
47.9300, 4.81e-05, 5841.3135, 85.2916, 2.6120, 3.5599
47.9350, 4.81e-05, 5841.3215, 85.2793, 2.6121, 3.5940
47.9400, 5.82e-05, 5841.3297, 85.2669, 2.6121, 3.6281
47.9450, 5.18e-05, 5841.3381, 85.2544, 2.6122, 3.6622
47.9500, 4.81e-05, 5841.3468, 85.2420, 2.6122, 3.6962
47.9550, 4.81e-05, 5841.3558, 85.2295, 2.6123, 3.7303
47.9600, 4.8e-05, 5841.3650, 85.2170, 2.6124, 3.7643
47.9650, 5.04e-05, 5841.3745, 85.2045, 2.6124, 3.7982
47.9700, 4.81e-05, 5841.3842, 85.1919, 2.6125, 3.8322
47.9750, 6.31e-05, 5841.3941, 85.1794, 2.6125, 3.8661
47.9800, 5.21e-05, 5841.4044, 85.1667, 2.6126, 3.9000
47.9850, 4.82e-05, 5841.4148, 85.1541, 2.6127, 3.9339
47.9900, 4.79e-05, 5841.4256, 85.1415, 2.6127, 3.9678
47.9950, 4.8e-05, 5841.4365, 85.1288, 2.6128, 4.0016
48.0000, 5.02e-05, 5841.4477, 85.1161, 2.6128, 4.0355
48.0050, 4.81e-05, 5841.4592, 85.1033, 2.6129, 4.0693
48.0100, 4.78e-05, 5841.4709, 85.0906, 2.6130, 4.1030
48.0150, 5.05e-05, 5841.4829, 85.0778, 2.6130, 4.1368
48.0200, 5.02e-05, 5841.4951, 85.0650, 2.6131, 4.1705
48.0250, 4.78e-05, 5841.5076, 85.0521, 2.6132, 4.2042
48.0300, 4.83e-05, 5841.5203, 85.0393, 2.6132, 4.2379
48.0350, 4.82e-05, 5841.5333, 85.0264, 2.6133, 4.2716
48.0400, 5e-05, 5841.5465, 85.0135, 2.6133, 4.3052
48.0450, 4.84e-05, 5841.5599, 85.0005, 2.6134, 4.3388
48.0500, 5.97e-05, 5841.5736, 84.9876, 2.6135, 4.3724
48.0550, 5.07e-05, 5841.5876, 84.9746, 2.6135, 4.4060
48.0600, 5.21e-05, 5841.6018, 84.9616, 2.6136, 4.4395
48.0650, 5.65e-05, 5841.6162, 84.9485, 2.6136, 4.4730
48.0700, 4.93e-05, 5841.6309, 84.9354, 2.6137, 4.5065
48.0750, 5.12e-05, 5841.6459, 84.9224, 2.6138, 4.5400
48.0800, 5.88e-05, 5841.6610, 84.9092, 2.6138, 4.5735
48.0850, 5.07e-05, 5841.6765, 84.8961, 2.6139, 4.6069
48.0900, 4.86e-05, 5841.6922, 84.8829, 2.6139, 4.6403
48.0950, 5.64e-05, 5841.7081, 84.8697, 2.6140, 4.6737
48.1000, 4.89e-05, 5841.7242, 84.8565, 2.6141, 4.7071
48.1050, 4.83e-05, 5841.7407, 84.8433, 2.6141, 4.7404
48.1100, 5.02e-05, 5841.7573, 84.8300, 2.6142, 4.7737
48.1150, 5.8e-05, 5841.7742, 84.8167, 2.6142, 4.8070
48.1200, 5e-05, 5841.7914, 84.8034, 2.6143, 4.8403
48.1250, 4.8e-05, 5841.8088, 84.7901, 2.6143, 4.8735
48.1300, 4.99e-05, 5841.8264, 84.7767, 2.6144, 4.9067
48.1350, 4.88e-05, 5841.8443, 84.7633, 2.6145, 4.9399
48.1400, 4.82e-05, 5841.8624, 84.7499, 2.6145, 4.9731
48.1450, 5.14e-05, 5841.8807, 84.7364, 2.6146, 5.0062
48.1500, 5.08e-05, 5841.8993, 84.7230, 2.6146, 5.0394
48.1550, 5.07e-05, 5841.9182, 84.7095, 2.6147, 5.0725
48.1600, 4.83e-05, 5841.9373, 84.6960, 2.6148, 5.1055
48.1650, 4.87e-05, 5841.9566, 84.6824, 2.6148, 5.1386
48.1700, 5.03e-05, 5841.9762, 84.6689, 2.6149, 5.1716
48.1750, 4.82e-05, 5841.9960, 84.6553, 2.6149, 5.2046
48.1800, 4.79e-05, 5842.0161, 84.6417, 2.6150, 5.2376
48.1850, 5.03e-05, 5842.0363, 84.6280, 2.6151, 5.2706
48.1900, 5.95e-05, 5842.0569, 84.6144, 2.6151, 5.3035
48.1950, 4.85e-05, 5842.0777, 84.6007, 2.6152, 5.3364
48.2000, 4.81e-05, 5842.0987, 84.5870, 2.6152, 5.3693
48.2050, 5.2e-05, 5842.1199, 84.5732, 2.6153, 5.4022
48.2100, 4.79e-05, 5842.1414, 84.5595, 2.6154, 5.4350
48.2150, 4.87e-05, 5842.1632, 84.5457, 2.6154, 5.4678
48.2200, 4.83e-05, 5842.1851, 84.5319, 2.6155, 5.5006
48.2250, 6.13e-05, 5842.2073, 84.5180, 2.6155, 5.5334
48.2300, 4.84e-05, 5842.2298, 84.5042, 2.6156, 5.5661
48.2350, 4.91e-05, 5842.2525, 84.4903, 2.6157, 5.5989
48.2400, 5.05e-05, 5842.2754, 84.4764, 2.6157, 5.6316
48.2450, 4.83e-05, 5842.2986, 84.4624, 2.6158, 5.6642
48.2500, 4.82e-05, 5842.3220, 84.4485, 2.6158, 5.6969
48.2550, 4.82e-05, 5842.3456, 84.4345, 2.6159, 5.7295
48.2600, 6.1e-05, 5842.3695, 84.4205, 2.6160, 5.7621
48.2650, 4.92e-05, 5842.3936, 84.4065, 2.6160, 5.7947
48.2700, 4.81e-05, 5842.4179, 84.3924, 2.6161, 5.8272
48.2750, 4.84e-05, 5842.4425, 84.3783, 2.6161, 5.8598
48.2800, 5.16e-05, 5842.4673, 84.3642, 2.6162, 5.8923
48.2850, 4.82e-05, 5842.4924, 84.3501, 2.6163, 5.9248
48.2900, 4.81e-05, 5842.5177, 84.3359, 2.6163, 5.9572
48.2950, 6.03e-05, 5842.5432, 84.3218, 2.6164, 5.9897
48.3000, 5.08e-05, 5842.5689, 84.3076, 2.6164, 6.0221
48.3050, 4.86e-05, 5842.5949, 84.2933, 2.6165, 6.0545
48.3100, 4.82e-05, 5842.6212, 84.2791, 2.6166, 6.0868
48.3150, 5.01e-05, 5842.6476, 84.2648, 2.6166, 6.1192
48.3200, 5.18e-05, 5842.6743, 84.2505, 2.6167, 6.1515
48.3250, 4.84e-05, 5842.7012, 84.2362, 2.6167, 6.1838
48.3300, 5.83e-05, 5842.7284, 84.2219, 2.6168, 6.2160
48.3350, 5.19e-05, 5842.7558, 84.2075, 2.6169, 6.2483
48.3400, 4.85e-05, 5842.7834, 84.1931, 2.6169, 6.2805
48.3450, 4.84e-05, 5842.8113, 84.1787, 2.6170, 6.3127
48.3500, 4.84e-05, 5842.8394, 84.1643, 2.6170, 6.3448
48.3550, 5.03e-05, 5842.8677, 84.1498, 2.6171, 6.3770
48.3600, 4.87e-05, 5842.8962, 84.1353, 2.6172, 6.4091
48.3650, 5.87e-05, 5842.9250, 84.1208, 2.6172, 6.4412
48.3700, 5.17e-05, 5842.9540, 84.1063, 2.6173, 6.4733
48.3750, 4.85e-05, 5842.9833, 84.0917, 2.6173, 6.5053
48.3800, 4.85e-05, 5843.0127, 84.0771, 2.6174, 6.5373
48.3850, 4.85e-05, 5843.0424, 84.0625, 2.6175, 6.5693
48.3900, 5.04e-05, 5843.0724, 84.0479, 2.6175, 6.6013
48.3950, 4.86e-05, 5843.1025, 84.0332, 2.6176, 6.6333
48.4000, 5.85e-05, 5843.1329, 84.0186, 2.6176, 6.6652
48.4050, 5.32e-05, 5843.1635, 84.0039, 2.6177, 6.6971
48.4100, 5.09e-05, 5843.1944, 83.9892, 2.6178, 6.7290
48.4150, 4.87e-05, 5843.2255, 83.9744, 2.6178, 6.7608
48.4200, 4.86e-05, 5843.2568, 83.9596, 2.6179, 6.7926
48.4250, 5.06e-05, 5843.2883, 83.9449, 2.6179, 6.8245
48.4300, 4.83e-05, 5843.3201, 83.9300, 2.6180, 6.8562
48.4350, 5.81e-05, 5843.3520, 83.9152, 2.6181, 6.8880
48.4400, 5.03e-05, 5843.3842, 83.9003, 2.6181, 6.9197
48.4450, 5.05e-05, 5843.4167, 83.8855, 2.6182, 6.9514
48.4500, 4.84e-05, 5843.4494, 83.8705, 2.6182, 6.9831
48.4550, 4.84e-05, 5843.4822, 83.8556, 2.6183, 7.0147
48.4600, 4.83e-05, 5843.5154, 83.8407, 2.6184, 7.0464
48.4650, 5.03e-05, 5843.5487, 83.8257, 2.6184, 7.0780
48.4700, 4.85e-05, 5843.5823, 83.8107, 2.6185, 7.1096
48.4750, 5.04e-05, 5843.6161, 83.7957, 2.6186, 7.1411
48.4800, 4.85e-05, 5843.6501, 83.7806, 2.6186, 7.1726
48.4850, 5.04e-05, 5843.6843, 83.7655, 2.6187, 7.2042
48.4900, 5.13e-05, 5843.7188, 83.7504, 2.6187, 7.2356
48.4950, 4.9e-05, 5843.7535, 83.7353, 2.6188, 7.2671
48.5000, 5.02e-05, 5843.7884, 83.7202, 2.6189, 7.2985
48.5050, 4.81e-05, 5843.8235, 83.7050, 2.6189, 7.3299
48.5100, 5.96e-05, 5843.8589, 83.6898, 2.6190, 7.3613
48.5150, 4.86e-05, 5843.8944, 83.6746, 2.6190, 7.3927
48.5200, 5.04e-05, 5843.9302, 83.6594, 2.6191, 7.4240
48.5250, 4.86e-05, 5843.9663, 83.6442, 2.6192, 7.4553
48.5300, 5.3e-05, 5844.0025, 83.6289, 2.6192, 7.4866
48.5350, 4.89e-05, 5844.0390, 83.6136, 2.6193, 7.5178
48.5400, 6.17e-05, 5844.0757, 83.5983, 2.6194, 7.5491
48.5450, 5.04e-05, 5844.1126, 83.5829, 2.6194, 7.5803
48.5500, 4.84e-05, 5844.1497, 83.5676, 2.6195, 7.6114
48.5550, 5.04e-05, 5844.1870, 83.5522, 2.6195, 7.6426
48.5600, 4.82e-05, 5844.2246, 83.5368, 2.6196, 7.6737
48.5650, 4.82e-05, 5844.2624, 83.5213, 2.6197, 7.7048
48.5700, 4.85e-05, 5844.3004, 83.5059, 2.6197, 7.7359
48.5750, 7.09e-05, 5844.3386, 83.4904, 2.6198, 7.7670
48.5800, 5.68e-05, 5844.3771, 83.4749, 2.6199, 7.7980
48.5850, 5.39e-05, 5844.4157, 83.4594, 2.6199, 7.8290
48.5900, 5.35e-05, 5844.4546, 83.4438, 2.6200, 7.8600
48.5950, 5.7e-05, 5844.4937, 83.4282, 2.6200, 7.8909
48.6000, 5.33e-05, 5844.5330, 83.4126, 2.6201, 7.9219
48.6050, 5.49e-05, 5844.5726, 83.3970, 2.6202, 7.9528
48.6100, 6.24e-05, 5844.6123, 83.3814, 2.6202, 7.9836
48.6150, 5.1e-05, 5844.6523, 83.3657, 2.6203, 8.0145
48.6200, 4.86e-05, 5844.6925, 83.3501, 2.6204, 8.0453
48.6250, 4.83e-05, 5844.7329, 83.3344, 2.6204, 8.0761
48.6300, 5.01e-05, 5844.7735, 83.3186, 2.6205, 8.1069
48.6350, 4.79e-05, 5844.8143, 83.3029, 2.6205, 8.1376
48.6400, 4.8e-05, 5844.8553, 83.2871, 2.6206, 8.1684
48.6450, 5.93e-05, 5844.8966, 83.2713, 2.6207, 8.1991
48.6500, 5.09e-05, 5844.9381, 83.2555, 2.6207, 8.2297
48.6550, 5.17e-05, 5844.9798, 83.2397, 2.6208, 8.2604
48.6600, 8.78e-05, 5845.0217, 83.2238, 2.6209, 8.2910
48.6650, 9.09e-05, 5845.0638, 83.2079, 2.6209, 8.3216
48.6700, 0.0001093, 5845.1061, 83.1920, 2.6210, 8.3522
48.6750, 9.13e-05, 5845.1487, 83.1761, 2.6211, 8.3827
48.6800, 9.07e-05, 5845.1914, 83.1602, 2.6211, 8.4132
48.6850, 9.45e-05, 5845.2344, 83.1442, 2.6212, 8.4437
48.6900, 0.0001099, 5845.2776, 83.1282, 2.6212, 8.4742
48.6950, 9.08e-05, 5845.3210, 83.1122, 2.6213, 8.5046
48.7000, 9.42e-05, 5845.3646, 83.0961, 2.6214, 8.5350
48.7050, 7.44e-05, 5845.4084, 83.0801, 2.6214, 8.5654
48.7100, 6.47e-05, 5845.4524, 83.0640, 2.6215, 8.5958
48.7150, 4.99e-05, 5845.4966, 83.0479, 2.6216, 8.6261
48.7200, 4.89e-05, 5845.5411, 83.0318, 2.6216, 8.6564
48.7250, 5.09e-05, 5845.5857, 83.0156, 2.6217, 8.6867
48.7300, 4.86e-05, 5845.6306, 82.9995, 2.6218, 8.7170
48.7350, 4.79e-05, 5845.6757, 82.9833, 2.6218, 8.7472
48.7400, 5.01e-05, 5845.7209, 82.9671, 2.6219, 8.7774
48.7450, 6.05e-05, 5845.7664, 82.9509, 2.6220, 8.8076
48.7500, 4.91e-05, 5845.8121, 82.9346, 2.6220, 8.8377
48.7550, 4.85e-05, 5845.8580, 82.9183, 2.6221, 8.8679
48.7600, 5.07e-05, 5845.9042, 82.9020, 2.6222, 8.8980
48.7650, 4.84e-05, 5845.9505, 82.8857, 2.6222, 8.9280
48.7700, 4.83e-05, 5845.9970, 82.8694, 2.6223, 8.9581
48.7750, 4.82e-05, 5846.0438, 82.8530, 2.6224, 8.9881
48.7800, 6.07e-05, 5846.0907, 82.8367, 2.6224, 9.0181
48.7850, 5.36e-05, 5846.1379, 82.8202, 2.6225, 9.0480
48.7900, 4.93e-05, 5846.1852, 82.8038, 2.6226, 9.0780
48.7950, 4.86e-05, 5846.2328, 82.7874, 2.6226, 9.1079
48.8000, 5.06e-05, 5846.2805, 82.7709, 2.6227, 9.1378
48.8050, 4.8e-05, 5846.3285, 82.7544, 2.6228, 9.1677
48.8100, 4.84e-05, 5846.3767, 82.7379, 2.6228, 9.1975
48.8150, 6.06e-05, 5846.4251, 82.7214, 2.6229, 9.2273
48.8200, 4.95e-05, 5846.4737, 82.7048, 2.6230, 9.2571
48.8250, 8.07e-05, 5846.5225, 82.6883, 2.6230, 9.2868
48.8300, 6.02e-05, 5846.5714, 82.6717, 2.6231, 9.3166
48.8350, 6.17e-05, 5846.6206, 82.6551, 2.6232, 9.3463
48.8400, 5.43e-05, 5846.6700, 82.6384, 2.6232, 9.3759
48.8450, 8.73e-05, 5846.7196, 82.6218, 2.6233, 9.4056
48.8500, 5.15e-05, 5846.7694, 82.6051, 2.6234, 9.4352
48.8550, 5.11e-05, 5846.8195, 82.5884, 2.6234, 9.4648
48.8600, 4.87e-05, 5846.8697, 82.5717, 2.6235, 9.4943
48.8650, 6.29e-05, 5846.9201, 82.5549, 2.6236, 9.5239
48.8700, 5.24e-05, 5846.9707, 82.5382, 2.6236, 9.5534
48.8750, 6.01e-05, 5847.0215, 82.5214, 2.6237, 9.5829
48.8800, 5.08e-05, 5847.0725, 82.5046, 2.6238, 9.6123
48.8850, 4.83e-05, 5847.1237, 82.4878, 2.6238, 9.6418
48.8900, 5.07e-05, 5847.1751, 82.4709, 2.6239, 9.6712
48.8950, 4.83e-05, 5847.2267, 82.4541, 2.6240, 9.7005
48.9000, 4.85e-05, 5847.2786, 82.4372, 2.6240, 9.7299
48.9050, 4.82e-05, 5847.3306, 82.4203, 2.6241, 9.7592
48.9100, 6.09e-05, 5847.3828, 82.4034, 2.6242, 9.7885
48.9150, 4.96e-05, 5847.4352, 82.3864, 2.6242, 9.8178
48.9200, 4.84e-05, 5847.4878, 82.3694, 2.6243, 9.8470
48.9250, 4.83e-05, 5847.5406, 82.3525, 2.6244, 9.8762
48.9300, 4.98e-05, 5847.5936, 82.3354, 2.6244, 9.9054
48.9350, 4.81e-05, 5847.6468, 82.3184, 2.6245, 9.9346
48.9400, 4.82e-05, 5847.7002, 82.3014, 2.6246, 9.9637
48.9450, 6.64e-05, 5847.7538, 82.2843, 2.6247, 9.9928
48.9500, 5.13e-05, 5847.8075, 82.2672, 2.6247, 10.0219
48.9550, 4.93e-05, 5847.8615, 82.2501, 2.6248, 10.0509
48.9600, 4.98e-05, 5847.9157, 82.2330, 2.6249, 10.0799
48.9650, 5.05e-05, 5847.9701, 82.2158, 2.6249, 10.1089
48.9700, 4.81e-05, 5848.0246, 82.1986, 2.6250, 10.1379
48.9750, 4.81e-05, 5848.0794, 82.1814, 2.6251, 10.1668
48.9800, 5.86e-05, 5848.1343, 82.1642, 2.6251, 10.1957
48.9850, 5.24e-05, 5848.1895, 82.1470, 2.6252, 10.2246
48.9900, 4.88e-05, 5848.2448, 82.1297, 2.6253, 10.2534
48.9950, 4.85e-05, 5848.3004, 82.1125, 2.6254, 10.2823
49.0000, 5.02e-05, 5848.3561, 82.0952, 2.6254, 10.3111
49.0050, 4.84e-05, 5848.4120, 82.0779, 2.6255, 10.3398
49.0100, 4.82e-05, 5848.4681, 82.0605, 2.6256, 10.3686
49.0150, 4.83e-05, 5848.5244, 82.0432, 2.6256, 10.3973
49.0200, 5.3e-05, 5848.5809, 82.0258, 2.6257, 10.4259
49.0250, 4.91e-05, 5848.6376, 82.0084, 2.6258, 10.4546
49.0300, 4.87e-05, 5848.6945, 81.9910, 2.6258, 10.4832
49.0350, 6.3e-05, 5848.7515, 81.9736, 2.6259, 10.5118
49.0400, 5.23e-05, 5848.8088, 81.9561, 2.6260, 10.5404
49.0450, 4.86e-05, 5848.8663, 81.9386, 2.6261, 10.5689
49.0500, 6.03e-05, 5848.9239, 81.9212, 2.6261, 10.5974
49.0550, 5.04e-05, 5848.9817, 81.9036, 2.6262, 10.6259
49.0600, 5.1e-05, 5849.0397, 81.8861, 2.6263, 10.6544
49.0650, 4.83e-05, 5849.0979, 81.8686, 2.6263, 10.6828
49.0700, 4.85e-05, 5849.1563, 81.8510, 2.6264, 10.7112
49.0750, 5.02e-05, 5849.2149, 81.8334, 2.6265, 10.7396
49.0800, 4.84e-05, 5849.2737, 81.8158, 2.6266, 10.7679
49.0850, 5.91e-05, 5849.3326, 81.7981, 2.6266, 10.7962
49.0900, 4.96e-05, 5849.3918, 81.7805, 2.6267, 10.8245
49.0950, 5.05e-05, 5849.4511, 81.7628, 2.6268, 10.8528
49.1000, 4.82e-05, 5849.5106, 81.7451, 2.6269, 10.8810
49.1050, 4.8e-05, 5849.5703, 81.7274, 2.6269, 10.9092
49.1100, 4.78e-05, 5849.6302, 81.7097, 2.6270, 10.9373
49.1150, 5.01e-05, 5849.6903, 81.6920, 2.6271, 10.9655
49.1200, 5.2e-05, 5849.7505, 81.6742, 2.6271, 10.9936
49.1250, 5.04e-05, 5849.8110, 81.6564, 2.6272, 11.0217
49.1300, 5.08e-05, 5849.8716, 81.6386, 2.6273, 11.0497
49.1350, 4.8e-05, 5849.9324, 81.6208, 2.6274, 11.0777
49.1400, 4.82e-05, 5849.9934, 81.6029, 2.6274, 11.1057
49.1450, 4.83e-05, 5850.0546, 81.5851, 2.6275, 11.1337
49.1500, 5.02e-05, 5850.1160, 81.5672, 2.6276, 11.1616
49.1550, 4.85e-05, 5850.1775, 81.5493, 2.6277, 11.1895
49.1600, 5.06e-05, 5850.2392, 81.5314, 2.6277, 11.2174
49.1650, 4.88e-05, 5850.3011, 81.5134, 2.6278, 11.2452
49.1700, 6.55e-05, 5850.3632, 81.4954, 2.6279, 11.2731
49.1750, 5.13e-05, 5850.4255, 81.4775, 2.6280, 11.3008
49.1800, 4.9e-05, 5850.4880, 81.4595, 2.6280, 11.3286
49.1850, 5.1e-05, 5850.5506, 81.4415, 2.6281, 11.3563
49.1900, 6.07e-05, 5850.6134, 81.4234, 2.6282, 11.3840
49.1950, 5.06e-05, 5850.6764, 81.4054, 2.6283, 11.4117
49.2000, 4.93e-05, 5850.7396, 81.3873, 2.6283, 11.4393
49.2050, 6.25e-05, 5850.8029, 81.3692, 2.6284, 11.4669
49.2100, 4.92e-05, 5850.8665, 81.3511, 2.6285, 11.4945
49.2150, 4.84e-05, 5850.9302, 81.3330, 2.6285, 11.5221
49.2200, 4.83e-05, 5850.9941, 81.3148, 2.6286, 11.5496
49.2250, 6.12e-05, 5851.0581, 81.2966, 2.6287, 11.5771
49.2300, 4.98e-05, 5851.1224, 81.2785, 2.6288, 11.6045
49.2350, 4.82e-05, 5851.1868, 81.2602, 2.6288, 11.6320
49.2400, 4.8e-05, 5851.2514, 81.2420, 2.6289, 11.6594
49.2450, 5.02e-05, 5851.3162, 81.2238, 2.6290, 11.6867
49.2500, 4.81e-05, 5851.3812, 81.2055, 2.6291, 11.7141
49.2550, 4.82e-05, 5851.4463, 81.1872, 2.6291, 11.7414
49.2600, 6.05e-05, 5851.5116, 81.1689, 2.6292, 11.7687
49.2650, 4.94e-05, 5851.5771, 81.1506, 2.6293, 11.7959
49.2700, 5.22e-05, 5851.6427, 81.1323, 2.6294, 11.8231
49.2750, 4.9e-05, 5851.7086, 81.1139, 2.6295, 11.8503
49.2800, 5.07e-05, 5851.7746, 81.0956, 2.6295, 11.8775
49.2850, 5.21e-05, 5851.8408, 81.0772, 2.6296, 11.9046
49.2900, 4.87e-05, 5851.9071, 81.0588, 2.6297, 11.9317
49.2950, 5.98e-05, 5851.9737, 81.0403, 2.6298, 11.9588
49.3000, 5.17e-05, 5852.0404, 81.0219, 2.6298, 11.9858
49.3050, 4.82e-05, 5852.1072, 81.0034, 2.6299, 12.0128
49.3100, 4.83e-05, 5852.1743, 80.9849, 2.6300, 12.0398
49.3150, 5.02e-05, 5852.2415, 80.9664, 2.6301, 12.0667
49.3200, 4.86e-05, 5852.3089, 80.9479, 2.6301, 12.0936
49.3250, 4.9e-05, 5852.3765, 80.9294, 2.6302, 12.1205
49.3300, 5.85e-05, 5852.4442, 80.9108, 2.6303, 12.1474
49.3350, 5.18e-05, 5852.5121, 80.8923, 2.6304, 12.1742
49.3400, 4.85e-05, 5852.5802, 80.8737, 2.6304, 12.2010
49.3450, 4.81e-05, 5852.6485, 80.8550, 2.6305, 12.2277
49.3500, 4.86e-05, 5852.7169, 80.8364, 2.6306, 12.2545
49.3550, 5.02e-05, 5852.7855, 80.8178, 2.6307, 12.2812
49.3600, 4.83e-05, 5852.8542, 80.7991, 2.6308, 12.3078
49.3650, 5.86e-05, 5852.9232, 80.7804, 2.6308, 12.3345
49.3700, 5.31e-05, 5852.9922, 80.7617, 2.6309, 12.3611
49.3750, 5.1e-05, 5853.0615, 80.7430, 2.6310, 12.3876
49.3800, 4.85e-05, 5853.1309, 80.7243, 2.6311, 12.4142
49.3850, 4.8e-05, 5853.2005, 80.7055, 2.6311, 12.4407
49.3900, 5.07e-05, 5853.2703, 80.6868, 2.6312, 12.4672
49.3950, 4.83e-05, 5853.3402, 80.6680, 2.6313, 12.4936
49.4000, 5.92e-05, 5853.4103, 80.6492, 2.6314, 12.5200
49.4050, 5e-05, 5853.4806, 80.6303, 2.6315, 12.5464
49.4100, 5.1e-05, 5853.5510, 80.6115, 2.6315, 12.5728
49.4150, 4.85e-05, 5853.6216, 80.5926, 2.6316, 12.5991
49.4200, 4.81e-05, 5853.6924, 80.5738, 2.6317, 12.6254
49.4250, 4.81e-05, 5853.7633, 80.5549, 2.6318, 12.6517
49.4300, 5.01e-05, 5853.8344, 80.5360, 2.6318, 12.6779
49.4350, 5.79e-05, 5853.9057, 80.5170, 2.6319, 12.7041
49.4400, 5e-05, 5853.9771, 80.4981, 2.6320, 12.7302
49.4450, 5.06e-05, 5854.0487, 80.4791, 2.6321, 12.7564
49.4500, 4.89e-05, 5854.1205, 80.4601, 2.6322, 12.7825
49.4550, 4.82e-05, 5854.1924, 80.4411, 2.6322, 12.8085
49.4600, 4.97e-05, 5854.2644, 80.4221, 2.6323, 12.8346
49.4650, 5.04e-05, 5854.3367, 80.4031, 2.6324, 12.8606
49.4700, 4.79e-05, 5854.4091, 80.3840, 2.6325, 12.8866
49.4750, 5.05e-05, 5854.4816, 80.3650, 2.6326, 12.9125
49.4800, 4.83e-05, 5854.5544, 80.3459, 2.6326, 12.9384
49.4850, 5.05e-05, 5854.6273, 80.3268, 2.6327, 12.9643
49.4900, 4.83e-05, 5854.7003, 80.3077, 2.6328, 12.9901
49.4950, 4.81e-05, 5854.7735, 80.2885, 2.6329, 13.0159
49.5000, 4.81e-05, 5854.8469, 80.2694, 2.6329, 13.0417
49.5050, 5.04e-05, 5854.9204, 80.2502, 2.6330, 13.0675
49.5100, 5.94e-05, 5854.9941, 80.2310, 2.6331, 13.0932
49.5150, 4.88e-05, 5855.0679, 80.2118, 2.6332, 13.1189
49.5200, 5.08e-05, 5855.1419, 80.1926, 2.6333, 13.1445
49.5250, 4.82e-05, 5855.2161, 80.1734, 2.6333, 13.1701
49.5300, 4.83e-05, 5855.2904, 80.1541, 2.6334, 13.1957
49.5350, 4.83e-05, 5855.3649, 80.1348, 2.6335, 13.2213
49.5400, 5.03e-05, 5855.4395, 80.1155, 2.6336, 13.2468
49.5450, 6.34e-05, 5855.5143, 80.0962, 2.6337, 13.2723
49.5500, 4.9e-05, 5855.5892, 80.0769, 2.6337, 13.2977
49.5550, 4.86e-05, 5855.6643, 80.0576, 2.6338, 13.3232
49.5600, 5.01e-05, 5855.7396, 80.0382, 2.6339, 13.3486
49.5650, 4.83e-05, 5855.8150, 80.0189, 2.6340, 13.3739
49.5700, 4.8e-05, 5855.8906, 79.9995, 2.6341, 13.3992
49.5750, 5.03e-05, 5855.9663, 79.9801, 2.6341, 13.4245
49.5800, 5.87e-05, 5856.0422, 79.9606, 2.6342, 13.4498
49.5850, 4.9e-05, 5856.1182, 79.9412, 2.6343, 13.4750
49.5900, 4.85e-05, 5856.1944, 79.9217, 2.6344, 13.5002
49.5950, 5.01e-05, 5856.2707, 79.9023, 2.6345, 13.5254
49.6000, 4.8e-05, 5856.3472, 79.8828, 2.6345, 13.5505
49.6050, 4.82e-05, 5856.4239, 79.8633, 2.6346, 13.5756
49.6100, 4.83e-05, 5856.5007, 79.8438, 2.6347, 13.6007
49.6150, 6.07e-05, 5856.5776, 79.8242, 2.6348, 13.6257
49.6200, 4.95e-05, 5856.6547, 79.8047, 2.6349, 13.6507
49.6250, 4.82e-05, 5856.7320, 79.7851, 2.6349, 13.6757
49.6300, 6.5e-05, 5856.8094, 79.7655, 2.6350, 13.7006
49.6350, 5.98e-05, 5856.8870, 79.7459, 2.6351, 13.7255
49.6400, 5.66e-05, 5856.9647, 79.7263, 2.6352, 13.7504
49.6450, 4.92e-05, 5857.0425, 79.7067, 2.6353, 13.7752
49.6500, 5.3e-05, 5857.1205, 79.6870, 2.6354, 13.8000
49.6550, 4.85e-05, 5857.1987, 79.6674, 2.6354, 13.8247
49.6600, 4.86e-05, 5857.2770, 79.6477, 2.6355, 13.8495
49.6650, 4.8e-05, 5857.3555, 79.6280, 2.6356, 13.8742
49.6700, 5.07e-05, 5857.4341, 79.6083, 2.6357, 13.8988
49.6750, 4.84e-05, 5857.5128, 79.5885, 2.6358, 13.9235
49.6800, 4.82e-05, 5857.5917, 79.5688, 2.6358, 13.9481
49.6850, 5.07e-05, 5857.6708, 79.5490, 2.6359, 13.9726
49.6900, 5.07e-05, 5857.7500, 79.5293, 2.6360, 13.9972
49.6950, 4.84e-05, 5857.8293, 79.5095, 2.6361, 14.0217
49.7000, 5.03e-05, 5857.9088, 79.4897, 2.6362, 14.0461
49.7050, 5.01e-05, 5857.9884, 79.4698, 2.6362, 14.0705
49.7100, 4.81e-05, 5858.0682, 79.4500, 2.6363, 14.0949
49.7150, 5.39e-05, 5858.1481, 79.4301, 2.6364, 14.1193
49.7200, 5.03e-05, 5858.2282, 79.4103, 2.6365, 14.1436
49.7250, 5.24e-05, 5858.3084, 79.3904, 2.6366, 14.1679
49.7300, 4.88e-05, 5858.3888, 79.3705, 2.6367, 14.1922
49.7350, 4.84e-05, 5858.4693, 79.3506, 2.6367, 14.2164
49.7400, 5e-05, 5858.5499, 79.3306, 2.6368, 14.2406
49.7450, 5.09e-05, 5858.6307, 79.3107, 2.6369, 14.2648
49.7500, 4.84e-05, 5858.7117, 79.2907, 2.6370, 14.2889
49.7550, 0.0001846, 5858.7927, 79.2707, 2.6371, 14.3130
49.7600, 0.0001039, 5858.8740, 79.2507, 2.6371, 14.3370
49.7650, 7.14e-05, 5858.9553, 79.2307, 2.6372, 14.3610
49.7700, 0.0001093, 5859.0368, 79.2107, 2.6373, 14.3850
49.7750, 5.63e-05, 5859.1185, 79.1907, 2.6374, 14.4090
49.7800, 5.22e-05, 5859.2002, 79.1706, 2.6375, 14.4329
49.7850, 4.93e-05, 5859.2822, 79.1505, 2.6376, 14.4568
49.7900, 4.88e-05, 5859.3642, 79.1305, 2.6376, 14.4806
49.7950, 6.15e-05, 5859.4464, 79.1103, 2.6377, 14.5045
49.8000, 5.09e-05, 5859.5288, 79.0902, 2.6378, 14.5282
49.8050, 4.85e-05, 5859.6113, 79.0701, 2.6379, 14.5520
49.8100, 4.86e-05, 5859.6939, 79.0500, 2.6380, 14.5757
49.8150, 4.82e-05, 5859.7767, 79.0298, 2.6381, 14.5994
49.8200, 5.03e-05, 5859.8596, 79.0096, 2.6381, 14.6230
49.8250, 4.81e-05, 5859.9426, 78.9894, 2.6382, 14.6466
49.8300, 5.95e-05, 5860.0258, 78.9692, 2.6383, 14.6702
49.8350, 5.12e-05, 5860.1091, 78.9490, 2.6384, 14.6937
49.8400, 4.86e-05, 5860.1926, 78.9288, 2.6385, 14.7172
49.8450, 4.84e-05, 5860.2761, 78.9085, 2.6385, 14.7407
49.8500, 5.18e-05, 5860.3599, 78.8882, 2.6386, 14.7642
49.8550, 5.13e-05, 5860.4437, 78.8680, 2.6387, 14.7876
49.8600, 4.85e-05, 5860.5277, 78.8477, 2.6388, 14.8109
49.8650, 5.88e-05, 5860.6119, 78.8274, 2.6389, 14.8343
49.8700, 4.94e-05, 5860.6961, 78.8070, 2.6390, 14.8575
49.8750, 5.1e-05, 5860.7805, 78.7867, 2.6390, 14.8808
49.8800, 4.95e-05, 5860.8651, 78.7663, 2.6391, 14.9040
49.8850, 4.84e-05, 5860.9497, 78.7460, 2.6392, 14.9272
49.8900, 5.08e-05, 5861.0345, 78.7256, 2.6393, 14.9504
49.8950, 4.85e-05, 5861.1195, 78.7052, 2.6394, 14.9735
49.9000, 5.87e-05, 5861.2045, 78.6848, 2.6395, 14.9966
49.9050, 4.96e-05, 5861.2897, 78.6644, 2.6395, 15.0196
49.9100, 5.06e-05, 5861.3751, 78.6439, 2.6396, 15.0427
49.9150, 4.84e-05, 5861.4605, 78.6235, 2.6397, 15.0656
49.9200, 4.84e-05, 5861.5461, 78.6030, 2.6398, 15.0886
49.9250, 4.81e-05, 5861.6319, 78.5825, 2.6399, 15.1115
49.9300, 4.97e-05, 5861.7177, 78.5620, 2.6400, 15.1344
49.9350, 5.86e-05, 5861.8037, 78.5415, 2.6400, 15.1572
49.9400, 8.36e-05, 5861.8898, 78.5210, 2.6401, 15.1800
49.9450, 7.18e-05, 5861.9761, 78.5004, 2.6402, 15.2028
49.9500, 5.08e-05, 5862.0625, 78.4799, 2.6403, 15.2255
49.9550, 4.93e-05, 5862.1490, 78.4593, 2.6404, 15.2482
49.9600, 4.9e-05, 5862.2356, 78.4387, 2.6405, 15.2709
49.9650, 6.92e-05, 5862.3224, 78.4181, 2.6405, 15.2935
49.9700, 5.03e-05, 5862.4093, 78.3975, 2.6406, 15.3161
49.9750, 4.87e-05, 5862.4963, 78.3769, 2.6407, 15.3387
49.9800, 4.81e-05, 5862.5834, 78.3563, 2.6408, 15.3612
49.9850, 5.05e-05, 5862.6707, 78.3356, 2.6409, 15.3837
49.9900, 4.83e-05, 5862.7581, 78.3150, 2.6410, 15.4062
49.9950, 4.81e-05, 5862.8457, 78.2943, 2.6410, 15.4286
50.0000, 6.37e-05, 5862.9333, 78.2736, 2.6411, 15.4510
50.0050, 5.21e-05, 5863.0211, 78.2529, 2.6412, 15.4733
50.0100, 4.85e-05, 5863.1090, 78.2322, 2.6413, 15.4956
50.0150, 6.03e-05, 5863.1970, 78.2114, 2.6414, 15.5179
50.0200, 6.39e-05, 5863.2852, 78.1907, 2.6415, 15.5401
50.0250, 4.88e-05, 5863.3735, 78.1699, 2.6416, 15.5623
50.0300, 5.91e-05, 5863.4619, 78.1491, 2.6416, 15.5845
50.0350, 5.06e-05, 5863.5504, 78.1284, 2.6417, 15.6066
50.0400, 5.05e-05, 5863.6390, 78.1076, 2.6418, 15.6287
50.0450, 4.79e-05, 5863.7278, 78.0867, 2.6419, 15.6508
50.0500, 4.78e-05, 5863.8167, 78.0659, 2.6420, 15.6728
50.0550, 4.82e-05, 5863.9057, 78.0451, 2.6421, 15.6948
50.0600, 5e-05, 5863.9949, 78.0242, 2.6421, 15.7168
50.0650, 4.84e-05, 5864.0841, 78.0033, 2.6422, 15.7387
50.0700, 5.04e-05, 5864.1735, 77.9825, 2.6423, 15.7606
50.0750, 5.03e-05, 5864.2630, 77.9616, 2.6424, 15.7824
50.0800, 4.86e-05, 5864.3527, 77.9407, 2.6425, 15.8042
50.0850, 4.84e-05, 5864.4424, 77.9197, 2.6426, 15.8260
50.0900, 4.85e-05, 5864.5323, 77.8988, 2.6426, 15.8477
50.0950, 5.02e-05, 5864.6223, 77.8779, 2.6427, 15.8694
50.1000, 5.22e-05, 5864.7124, 77.8569, 2.6428, 15.8911
50.1050, 5.98e-05, 5864.8026, 77.8359, 2.6429, 15.9127
50.1100, 4.89e-05, 5864.8929, 77.8149, 2.6430, 15.9343
50.1150, 5.09e-05, 5864.9834, 77.7939, 2.6431, 15.9559
50.1200, 4.83e-05, 5865.0740, 77.7729, 2.6432, 15.9774
50.1250, 4.95e-05, 5865.1647, 77.7519, 2.6432, 15.9989
50.1300, 4.81e-05, 5865.2555, 77.7309, 2.6433, 16.0203
50.1350, 5.02e-05, 5865.3464, 77.7098, 2.6434, 16.0417
50.1400, 5.95e-05, 5865.4374, 77.6887, 2.6435, 16.0631
50.1450, 4.85e-05, 5865.5286, 77.6677, 2.6436, 16.0844
50.1500, 5.04e-05, 5865.6199, 77.6466, 2.6437, 16.1057
50.1550, 4.79e-05, 5865.7113, 77.6255, 2.6438, 16.1270
50.1600, 4.81e-05, 5865.8028, 77.6044, 2.6438, 16.1482
50.1650, 4.77e-05, 5865.8944, 77.5832, 2.6439, 16.1694
50.1700, 5.01e-05, 5865.9861, 77.5621, 2.6440, 16.1906
50.1750, 5.87e-05, 5866.0780, 77.5409, 2.6441, 16.2117
50.1800, 4.9e-05, 5866.1700, 77.5198, 2.6442, 16.2328
50.1850, 5.97e-05, 5866.2620, 77.4986, 2.6443, 16.2538
50.1900, 5.3e-05, 5866.3542, 77.4774, 2.6443, 16.2749
50.1950, 4.86e-05, 5866.4465, 77.4562, 2.6444, 16.2958
50.2000, 4.86e-05, 5866.5390, 77.4350, 2.6445, 16.3168
50.2050, 5.01e-05, 5866.6315, 77.4138, 2.6446, 16.3377
50.2100, 6e-05, 5866.7241, 77.3925, 2.6447, 16.3585
50.2150, 4.96e-05, 5866.8169, 77.3713, 2.6448, 16.3794
50.2200, 4.83e-05, 5866.9098, 77.3500, 2.6449, 16.4002
50.2250, 5.04e-05, 5867.0027, 77.3287, 2.6449, 16.4209
50.2300, 4.82e-05, 5867.0958, 77.3074, 2.6450, 16.4416
50.2350, 4.84e-05, 5867.1890, 77.2861, 2.6451, 16.4623
50.2400, 4.85e-05, 5867.2823, 77.2648, 2.6452, 16.4830
50.2450, 6.07e-05, 5867.3757, 77.2435, 2.6453, 16.5036
50.2500, 5.01e-05, 5867.4692, 77.2222, 2.6454, 16.5241
50.2550, 5.01e-05, 5867.5629, 77.2008, 2.6455, 16.5447
50.2600, 4.86e-05, 5867.6566, 77.1794, 2.6455, 16.5652
50.2650, 5.02e-05, 5867.7505, 77.1581, 2.6456, 16.5856
50.2700, 5.2e-05, 5867.8444, 77.1367, 2.6457, 16.6061
50.2750, 4.93e-05, 5867.9385, 77.1153, 2.6458, 16.6264
50.2800, 6.13e-05, 5868.0327, 77.0939, 2.6459, 16.6468
50.2850, 4.96e-05, 5868.1269, 77.0725, 2.6460, 16.6671
50.2900, 4.83e-05, 5868.2213, 77.0510, 2.6461, 16.6874
50.2950, 4.8e-05, 5868.3158, 77.0296, 2.6461, 16.7076
50.3000, 5.02e-05, 5868.4104, 77.0081, 2.6462, 16.7278
50.3050, 4.84e-05, 5868.5051, 76.9867, 2.6463, 16.7480
50.3100, 4.8e-05, 5868.5999, 76.9652, 2.6464, 16.7681
50.3150, 6e-05, 5868.6948, 76.9437, 2.6465, 16.7882
50.3200, 5.24e-05, 5868.7898, 76.9222, 2.6466, 16.8083
50.3250, 4.87e-05, 5868.8849, 76.9007, 2.6467, 16.8283
50.3300, 4.82e-05, 5868.9802, 76.8791, 2.6468, 16.8483
50.3350, 5.03e-05, 5869.0755, 76.8576, 2.6468, 16.8682
50.3400, 4.84e-05, 5869.1709, 76.8360, 2.6469, 16.8881
50.3450, 4.81e-05, 5869.2664, 76.8145, 2.6470, 16.9080
50.3500, 5.84e-05, 5869.3621, 76.7929, 2.6471, 16.9278
50.3550, 5.61e-05, 5869.4578, 76.7713, 2.6472, 16.9476
50.3600, 5.84e-05, 5869.5536, 76.7497, 2.6473, 16.9674
50.3650, 4.92e-05, 5869.6496, 76.7281, 2.6474, 16.9871
50.3700, 4.88e-05, 5869.7456, 76.7065, 2.6474, 17.0068
50.3750, 5.24e-05, 5869.8418, 76.6849, 2.6475, 17.0264
50.3800, 4.86e-05, 5869.9380, 76.6632, 2.6476, 17.0460
50.3850, 6.26e-05, 5870.0343, 76.6416, 2.6477, 17.0656
50.3900, 5.53e-05, 5870.1308, 76.6199, 2.6478, 17.0851
50.3950, 4.9e-05, 5870.2273, 76.5983, 2.6479, 17.1046
50.4000, 4.9e-05, 5870.3239, 76.5766, 2.6480, 17.1241
50.4050, 4.84e-05, 5870.4207, 76.5549, 2.6481, 17.1435
50.4100, 5.07e-05, 5870.5175, 76.5332, 2.6481, 17.1629
50.4150, 4.86e-05, 5870.6144, 76.5115, 2.6482, 17.1822
50.4200, 5.89e-05, 5870.7115, 76.4897, 2.6483, 17.2015
50.4250, 4.89e-05, 5870.8086, 76.4680, 2.6484, 17.2208
50.4300, 5.03e-05, 5870.9058, 76.4462, 2.6485, 17.2400
50.4350, 4.83e-05, 5871.0031, 76.4245, 2.6486, 17.2592
50.4400, 5.17e-05, 5871.1005, 76.4027, 2.6487, 17.2784
50.4450, 4.88e-05, 5871.1980, 76.3809, 2.6488, 17.2975
50.4500, 5.08e-05, 5871.2957, 76.3591, 2.6488, 17.3166
50.4550, 5.88e-05, 5871.3934, 76.3373, 2.6489, 17.3356
50.4600, 4.95e-05, 5871.4911, 76.3155, 2.6490, 17.3547
50.4650, 5.09e-05, 5871.5890, 76.2937, 2.6491, 17.3736
50.4700, 5.59e-05, 5871.6870, 76.2718, 2.6492, 17.3926
50.4750, 5e-05, 5871.7851, 76.2500, 2.6493, 17.4115
50.4800, 4.84e-05, 5871.8833, 76.2281, 2.6494, 17.4303
50.4850, 5.04e-05, 5871.9815, 76.2063, 2.6495, 17.4491
50.4900, 5.98e-05, 5872.0799, 76.1844, 2.6495, 17.4679
50.4950, 4.93e-05, 5872.1783, 76.1625, 2.6496, 17.4867
50.5000, 4.87e-05, 5872.2769, 76.1406, 2.6497, 17.5054
50.5050, 5.03e-05, 5872.3755, 76.1187, 2.6498, 17.5240
50.5100, 4.81e-05, 5872.4742, 76.0968, 2.6499, 17.5427
50.5150, 4.82e-05, 5872.5730, 76.0748, 2.6500, 17.5612
50.5200, 5.04e-05, 5872.6720, 76.0529, 2.6501, 17.5798
50.5250, 6.58e-05, 5872.7710, 76.0310, 2.6502, 17.5983
50.5300, 5.19e-05, 5872.8700, 76.0090, 2.6502, 17.6168
50.5350, 4.89e-05, 5872.9692, 75.9870, 2.6503, 17.6352
50.5400, 5.08e-05, 5873.0685, 75.9650, 2.6504, 17.6536
50.5450, 4.84e-05, 5873.1678, 75.9431, 2.6505, 17.6720
50.5500, 5.65e-05, 5873.2673, 75.9211, 2.6506, 17.6903
50.5550, 4.94e-05, 5873.3668, 75.8990, 2.6507, 17.7086
50.5600, 6.31e-05, 5873.4664, 75.8770, 2.6508, 17.7269
50.5650, 5.01e-05, 5873.5661, 75.8550, 2.6509, 17.7451
50.5700, 4.85e-05, 5873.6659, 75.8329, 2.6510, 17.7633
50.5750, 4.86e-05, 5873.7658, 75.8109, 2.6510, 17.7814
50.5800, 5.07e-05, 5873.8658, 75.7888, 2.6511, 17.7995
50.5850, 4.8e-05, 5873.9658, 75.7668, 2.6512, 17.8176
50.5900, 4.84e-05, 5874.0660, 75.7447, 2.6513, 17.8356
50.5950, 6.15e-05, 5874.1662, 75.7226, 2.6514, 17.8536
50.6000, 5.12e-05, 5874.2665, 75.7005, 2.6515, 17.8715
50.6050, 4.82e-05, 5874.3669, 75.6784, 2.6516, 17.8894
50.6100, 5.18e-05, 5874.4674, 75.6563, 2.6517, 17.9073
50.6150, 5.13e-05, 5874.5680, 75.6341, 2.6518, 17.9251
50.6200, 4.84e-05, 5874.6686, 75.6120, 2.6518, 17.9429
50.6250, 4.81e-05, 5874.7693, 75.5899, 2.6519, 17.9607
50.6300, 5.83e-05, 5874.8702, 75.5677, 2.6520, 17.9784
50.6350, 5.17e-05, 5874.9711, 75.5455, 2.6521, 17.9961
50.6400, 4.85e-05, 5875.0720, 75.5233, 2.6522, 18.0137
50.6450, 4.84e-05, 5875.1731, 75.5012, 2.6523, 18.0313
50.6500, 5.07e-05, 5875.2742, 75.4790, 2.6524, 18.0489
50.6550, 4.85e-05, 5875.3755, 75.4568, 2.6525, 18.0664
50.6600, 4.83e-05, 5875.4768, 75.4345, 2.6526, 18.0839
50.6650, 5.86e-05, 5875.5782, 75.4123, 2.6527, 18.1013
50.6700, 5.23e-05, 5875.6796, 75.3901, 2.6527, 18.1187
50.6750, 4.92e-05, 5875.7812, 75.3679, 2.6528, 18.1361
50.6800, 4.86e-05, 5875.8828, 75.3456, 2.6529, 18.1534
50.6850, 4.84e-05, 5875.9845, 75.3233, 2.6530, 18.1707
50.6900, 5.06e-05, 5876.0863, 75.3011, 2.6531, 18.1880
50.6950, 5.17e-05, 5876.1882, 75.2788, 2.6532, 18.2052
50.7000, 6.61e-05, 5876.2901, 75.2565, 2.6533, 18.2224
50.7050, 4.92e-05, 5876.3922, 75.2342, 2.6534, 18.2395
50.7100, 5.11e-05, 5876.4943, 75.2119, 2.6535, 18.2566
50.7150, 4.84e-05, 5876.5965, 75.1896, 2.6536, 18.2737
50.7200, 4.82e-05, 5876.6987, 75.1673, 2.6536, 18.2907
50.7250, 4.99e-05, 5876.8011, 75.1449, 2.6537, 18.3077
50.7300, 5.22e-05, 5876.9035, 75.1226, 2.6538, 18.3246
50.7350, 6.1e-05, 5877.0060, 75.1002, 2.6539, 18.3416
50.7400, 4.91e-05, 5877.1085, 75.0779, 2.6540, 18.3584
50.7450, 5.04e-05, 5877.2112, 75.0555, 2.6541, 18.3753
50.7500, 4.83e-05, 5877.3139, 75.0331, 2.6542, 18.3920
50.7550, 4.81e-05, 5877.4167, 75.0108, 2.6543, 18.4088
50.7600, 4.84e-05, 5877.5195, 74.9884, 2.6544, 18.4255
50.7650, 5.03e-05, 5877.6225, 74.9660, 2.6545, 18.4422
50.7700, 5.91e-05, 5877.7255, 74.9435, 2.6546, 18.4588
50.7750, 4.91e-05, 5877.8286, 74.9211, 2.6547, 18.4754
50.7800, 5.44e-05, 5877.9317, 74.8987, 2.6547, 18.4920
50.7850, 4.86e-05, 5878.0350, 74.8763, 2.6548, 18.5085
50.7900, 4.89e-05, 5878.1383, 74.8538, 2.6549, 18.5250
50.7950, 4.83e-05, 5878.2417, 74.8314, 2.6550, 18.5414
50.8000, 4.99e-05, 5878.3451, 74.8089, 2.6551, 18.5578
50.8050, 5.93e-05, 5878.4486, 74.7864, 2.6552, 18.5742
50.8100, 4.95e-05, 5878.5522, 74.7640, 2.6553, 18.5905
50.8150, 4.85e-05, 5878.6559, 74.7415, 2.6554, 18.6068
50.8200, 5.07e-05, 5878.7596, 74.7190, 2.6555, 18.6231
50.8250, 4.83e-05, 5878.8635, 74.6965, 2.6556, 18.6393
50.8300, 4.82e-05, 5878.9673, 74.6740, 2.6557, 18.6554
50.8350, 5.02e-05, 5879.0713, 74.6514, 2.6558, 18.6716
50.8400, 5.87e-05, 5879.1753, 74.6289, 2.6558, 18.6877
50.8450, 4.93e-05, 5879.2794, 74.6064, 2.6559, 18.7037
50.8500, 4.82e-05, 5879.3835, 74.5838, 2.6560, 18.7197
50.8550, 5.01e-05, 5879.4878, 74.5613, 2.6561, 18.7357
50.8600, 4.83e-05, 5879.5921, 74.5387, 2.6562, 18.7516
50.8650, 5.97e-05, 5879.6964, 74.5162, 2.6563, 18.7675
50.8700, 5.04e-05, 5879.8008, 74.4936, 2.6564, 18.7834
50.8750, 6.19e-05, 5879.9053, 74.4710, 2.6565, 18.7992
50.8800, 4.98e-05, 5880.0099, 74.4484, 2.6566, 18.8150
50.8850, 4.85e-05, 5880.1145, 74.4258, 2.6567, 18.8307
50.8900, 4.8e-05, 5880.2192, 74.4032, 2.6568, 18.8464
50.8950, 5.04e-05, 5880.3240, 74.3806, 2.6569, 18.8621
50.9000, 4.82e-05, 5880.4288, 74.3580, 2.6570, 18.8777
50.9050, 4.82e-05, 5880.5337, 74.3353, 2.6571, 18.8933
50.9100, 6.04e-05, 5880.6386, 74.3127, 2.6571, 18.9088
50.9150, 5e-05, 5880.7437, 74.2900, 2.6572, 18.9243
50.9200, 4.86e-05, 5880.8487, 74.2674, 2.6573, 18.9398
50.9250, 4.85e-05, 5880.9539, 74.2447, 2.6574, 18.9552
50.9300, 5.02e-05, 5881.0591, 74.2221, 2.6575, 18.9706
50.9350, 4.85e-05, 5881.1644, 74.1994, 2.6576, 18.9859
50.9400, 4.79e-05, 5881.2697, 74.1767, 2.6577, 19.0012
50.9450, 5.85e-05, 5881.3751, 74.1540, 2.6578, 19.0165
50.9500, 6.28e-05, 5881.4806, 74.1313, 2.6579, 19.0317
50.9550, 4.9e-05, 5881.5861, 74.1086, 2.6580, 19.0469
50.9600, 4.85e-05, 5881.6917, 74.0859, 2.6581, 19.0621
50.9650, 5e-05, 5881.7973, 74.0632, 2.6582, 19.0772
50.9700, 4.83e-05, 5881.9030, 74.0405, 2.6583, 19.0923
50.9750, 4.88e-05, 5882.0088, 74.0177, 2.6584, 19.1073
50.9800, 5.88e-05, 5882.1146, 73.9950, 2.6585, 19.1223
50.9850, 5.19e-05, 5882.2205, 73.9722, 2.6586, 19.1372
50.9900, 4.88e-05, 5882.3265, 73.9495, 2.6587, 19.1521
50.9950, 4.83e-05, 5882.4325, 73.9267, 2.6587, 19.1670
51.0000, 4.81e-05, 5882.5385, 73.9039, 2.6588, 19.1818
51.0050, 5.04e-05, 5882.6446, 73.8812, 2.6589, 19.1966
51.0100, 4.85e-05, 5882.7508, 73.8584, 2.6590, 19.2114
51.0150, 5.83e-05, 5882.8571, 73.8356, 2.6591, 19.2261
51.0200, 4.99e-05, 5882.9634, 73.8128, 2.6592, 19.2408
51.0250, 5.04e-05, 5883.0697, 73.7900, 2.6593, 19.2554
51.0300, 4.82e-05, 5883.1761, 73.7672, 2.6594, 19.2700
51.0350, 5.14e-05, 5883.2826, 73.7444, 2.6595, 19.2845
51.0400, 5.6e-05, 5883.3891, 73.7215, 2.6596, 19.2991
51.0450, 4.89e-05, 5883.4957, 73.6987, 2.6597, 19.3135
51.0500, 5.99e-05, 5883.6023, 73.6759, 2.6598, 19.3280
51.0550, 5.02e-05, 5883.7090, 73.6530, 2.6599, 19.3424
51.0600, 5.06e-05, 5883.8158, 73.6302, 2.6600, 19.3567
51.0650, 4.82e-05, 5883.9226, 73.6073, 2.6601, 19.3710
51.0700, 4.84e-05, 5884.0294, 73.5844, 2.6602, 19.3853
51.0750, 4.83e-05, 5884.1364, 73.5616, 2.6603, 19.3995
51.0800, 5.03e-05, 5884.2433, 73.5387, 2.6604, 19.4137
51.0850, 5.81e-05, 5884.3503, 73.5158, 2.6605, 19.4279
51.0900, 5.03e-05, 5884.4574, 73.4929, 2.6606, 19.4420
51.0950, 5.06e-05, 5884.5645, 73.4700, 2.6607, 19.4561
51.1000, 4.83e-05, 5884.6717, 73.4471, 2.6608, 19.4701
51.1050, 4.83e-05, 5884.7789, 73.4242, 2.6609, 19.4841
51.1100, 4.85e-05, 5884.8862, 73.4013, 2.6610, 19.4980
51.1150, 5.03e-05, 5884.9936, 73.3784, 2.6610, 19.5120
51.1200, 4.82e-05, 5885.1009, 73.3554, 2.6611, 19.5258
51.1250, 5.07e-05, 5885.2084, 73.3325, 2.6612, 19.5397
51.1300, 4.88e-05, 5885.3159, 73.3096, 2.6613, 19.5535
51.1350, 0.0001277, 5885.4234, 73.2866, 2.6614, 19.5672
51.1400, 5.61e-05, 5885.5310, 73.2637, 2.6615, 19.5809
51.1450, 5e-05, 5885.6386, 73.2407, 2.6616, 19.5946
51.1500, 6.27e-05, 5885.7463, 73.2177, 2.6617, 19.6082
51.1550, 5.18e-05, 5885.8540, 73.1948, 2.6618, 19.6218
51.1600, 4.86e-05, 5885.9618, 73.1718, 2.6619, 19.6354
51.1650, 4.85e-05, 5886.0697, 73.1488, 2.6620, 19.6489
51.1700, 5.05e-05, 5886.1775, 73.1258, 2.6621, 19.6623
51.1750, 4.87e-05, 5886.2855, 73.1028, 2.6622, 19.6758
51.1800, 4.81e-05, 5886.3934, 73.0798, 2.6623, 19.6892
51.1850, 5.9e-05, 5886.5015, 73.0568, 2.6624, 19.7025
51.1900, 5.88e-05, 5886.6095, 73.0338, 2.6625, 19.7158
51.1950, 4.85e-05, 5886.7176, 73.0108, 2.6626, 19.7291
51.2000, 5.95e-05, 5886.8258, 72.9878, 2.6627, 19.7423
51.2050, 4.96e-05, 5886.9340, 72.9647, 2.6628, 19.7555
51.2100, 5.11e-05, 5887.0423, 72.9417, 2.6629, 19.7687
51.2150, 4.88e-05, 5887.1506, 72.9187, 2.6630, 19.7818
51.2200, 6.09e-05, 5887.2589, 72.8956, 2.6631, 19.7948
51.2250, 5.13e-05, 5887.3673, 72.8726, 2.6632, 19.8079
51.2300, 4.89e-05, 5887.4757, 72.8495, 2.6633, 19.8208
51.2350, 4.85e-05, 5887.5842, 72.8264, 2.6634, 19.8338
51.2400, 4.84e-05, 5887.6927, 72.8034, 2.6635, 19.8467
51.2450, 5.3e-05, 5887.8013, 72.7803, 2.6636, 19.8596
51.2500, 4.83e-05, 5887.9099, 72.7572, 2.6637, 19.8724
51.2550, 5.98e-05, 5888.0185, 72.7341, 2.6638, 19.8852
51.2600, 4.85e-05, 5888.1272, 72.7110, 2.6639, 19.8979
51.2650, 5.04e-05, 5888.2360, 72.6879, 2.6640, 19.9106
51.2700, 4.83e-05, 5888.3447, 72.6648, 2.6641, 19.9233
51.2750, 4.85e-05, 5888.4535, 72.6417, 2.6642, 19.9359
51.2800, 5.03e-05, 5888.5624, 72.6186, 2.6643, 19.9485
51.2850, 0.000114, 5888.6713, 72.5955, 2.6644, 19.9610
51.2900, 7.88e-05, 5888.7802, 72.5724, 2.6645, 19.9735
51.2950, 5.52e-05, 5888.8892, 72.5493, 2.6646, 19.9859
51.3000, 5.45e-05, 5888.9982, 72.5261, 2.6647, 19.9984
51.3050, 4.93e-05, 5889.1073, 72.5030, 2.6648, 20.0107
51.3100, 4.87e-05, 5889.2164, 72.4799, 2.6649, 20.0231
51.3150, 4.87e-05, 5889.3255, 72.4567, 2.6650, 20.0354
51.3200, 5.07e-05, 5889.4347, 72.4336, 2.6651, 20.0476
51.3250, 4.84e-05, 5889.5439, 72.4104, 2.6652, 20.0598
51.3300, 4.88e-05, 5889.6532, 72.3872, 2.6653, 20.0720
51.3350, 5.25e-05, 5889.7625, 72.3641, 2.6654, 20.0841
51.3400, 5.11e-05, 5889.8718, 72.3409, 2.6655, 20.0962
51.3450, 4.85e-05, 5889.9812, 72.3177, 2.6656, 20.1083
51.3500, 4.9e-05, 5890.0906, 72.2946, 2.6657, 20.1203
51.3550, 5.03e-05, 5890.2000, 72.2714, 2.6658, 20.1322
51.3600, 6.11e-05, 5890.3095, 72.2482, 2.6659, 20.1441
51.3650, 6.13e-05, 5890.4190, 72.2250, 2.6660, 20.1560
51.3700, 5.07e-05, 5890.5285, 72.2018, 2.6661, 20.1679
51.3750, 5.08e-05, 5890.6381, 72.1786, 2.6662, 20.1797
51.3800, 4.85e-05, 5890.7477, 72.1554, 2.6663, 20.1914
51.3850, 4.83e-05, 5890.8574, 72.1322, 2.6664, 20.2031
51.3900, 4.82e-05, 5890.9670, 72.1089, 2.6665, 20.2148
51.3950, 5.03e-05, 5891.0768, 72.0857, 2.6666, 20.2265
51.4000, 5.77e-05, 5891.1865, 72.0625, 2.6667, 20.2381
51.4050, 5.04e-05, 5891.2963, 72.0393, 2.6668, 20.2496
51.4100, 5.04e-05, 5891.4061, 72.0160, 2.6669, 20.2611
51.4150, 4.81e-05, 5891.5160, 71.9928, 2.6670, 20.2726
51.4200, 4.82e-05, 5891.6259, 71.9696, 2.6671, 20.2840
51.4250, 4.81e-05, 5891.7358, 71.9463, 2.6672, 20.2954
51.4300, 4.99e-05, 5891.8457, 71.9231, 2.6673, 20.3068
51.4350, 4.81e-05, 5891.9557, 71.8998, 2.6674, 20.3181
51.4400, 5.05e-05, 5892.0657, 71.8766, 2.6675, 20.3293
51.4450, 5.74e-05, 5892.1757, 71.8533, 2.6676, 20.3405
51.4500, 5.1e-05, 5892.2858, 71.8300, 2.6677, 20.3517
51.4550, 4.88e-05, 5892.3959, 71.8068, 2.6678, 20.3629
51.4600, 5.25e-05, 5892.5061, 71.7835, 2.6679, 20.3740
51.4650, 4.91e-05, 5892.6162, 71.7602, 2.6680, 20.3850
51.4700, 6.31e-05, 5892.7264, 71.7369, 2.6681, 20.3960
51.4750, 4.98e-05, 5892.8366, 71.7136, 2.6683, 20.4070
51.4800, 4.86e-05, 5892.9469, 71.6903, 2.6684, 20.4179
51.4850, 5.06e-05, 5893.0572, 71.6671, 2.6685, 20.4288
51.4900, 4.8e-05, 5893.1675, 71.6438, 2.6686, 20.4397
51.4950, 4.8e-05, 5893.2778, 71.6205, 2.6687, 20.4505
51.5000, 4.82e-05, 5893.3882, 71.5972, 2.6688, 20.4612
51.5050, 6.05e-05, 5893.4985, 71.5738, 2.6689, 20.4720
51.5100, 4.99e-05, 5893.6090, 71.5505, 2.6690, 20.4826
51.5150, 4.86e-05, 5893.7194, 71.5272, 2.6691, 20.4933
51.5200, 4.83e-05, 5893.8299, 71.5039, 2.6692, 20.5039
51.5250, 6.35e-05, 5893.9404, 71.4806, 2.6693, 20.5144
51.5300, 5.04e-05, 5894.0509, 71.4573, 2.6694, 20.5250
51.5350, 4.85e-05, 5894.1614, 71.4339, 2.6695, 20.5354
51.5400, 6.43e-05, 5894.2720, 71.4106, 2.6696, 20.5459
51.5450, 4.96e-05, 5894.3826, 71.3873, 2.6697, 20.5563
51.5500, 4.82e-05, 5894.4932, 71.3639, 2.6698, 20.5666
51.5550, 4.82e-05, 5894.6039, 71.3406, 2.6699, 20.5769
51.5600, 5.02e-05, 5894.7145, 71.3172, 2.6700, 20.5872
51.5650, 4.8e-05, 5894.8252, 71.2939, 2.6701, 20.5974
51.5700, 4.79e-05, 5894.9359, 71.2705, 2.6702, 20.6076
51.5750, 5.99e-05, 5895.0467, 71.2472, 2.6703, 20.6177
51.5800, 5.19e-05, 5895.1574, 71.2238, 2.6704, 20.6278
51.5850, 4.81e-05, 5895.2682, 71.2004, 2.6705, 20.6379
51.5900, 4.81e-05, 5895.3790, 71.1771, 2.6706, 20.6479
51.5950, 4.78e-05, 5895.4899, 71.1537, 2.6708, 20.6578
51.6000, 5.03e-05, 5895.6007, 71.1303, 2.6709, 20.6678
51.6050, 4.83e-05, 5895.7116, 71.1070, 2.6710, 20.6777
51.6100, 6.53e-05, 5895.8225, 71.0836, 2.6711, 20.6875
51.6150, 5.3e-05, 5895.9334, 71.0602, 2.6712, 20.6973
51.6200, 4.84e-05, 5896.0443, 71.0368, 2.6713, 20.7071
51.6250, 4.91e-05, 5896.1553, 71.0134, 2.6714, 20.7168
51.6300, 4.83e-05, 5896.2662, 70.9901, 2.6715, 20.7265
51.6350, 5.08e-05, 5896.3772, 70.9667, 2.6716, 20.7361
51.6400, 4.86e-05, 5896.4882, 70.9433, 2.6717, 20.7457
51.6450, 5.84e-05, 5896.5993, 70.9199, 2.6718, 20.7552
51.6500, 5e-05, 5896.7103, 70.8965, 2.6719, 20.7648
51.6550, 5.08e-05, 5896.8214, 70.8731, 2.6720, 20.7742
51.6600, 4.81e-05, 5896.9325, 70.8497, 2.6721, 20.7836
51.6650, 4.79e-05, 5897.0436, 70.8263, 2.6722, 20.7930
51.6700, 5e-05, 5897.1547, 70.8029, 2.6723, 20.8024
51.6750, 4.77e-05, 5897.2658, 70.7794, 2.6724, 20.8117
51.6800, 4.82e-05, 5897.3770, 70.7560, 2.6726, 20.8209
51.6850, 5.05e-05, 5897.4882, 70.7326, 2.6727, 20.8301
51.6900, 4.99e-05, 5897.5994, 70.7092, 2.6728, 20.8393
51.6950, 5.8e-05, 5897.7106, 70.6858, 2.6729, 20.8484
51.7000, 5.13e-05, 5897.8218, 70.6624, 2.6730, 20.8575
51.7050, 4.89e-05, 5897.9330, 70.6389, 2.6731, 20.8666
51.7100, 5.05e-05, 5898.0443, 70.6155, 2.6732, 20.8756
51.7150, 5.92e-05, 5898.1555, 70.5921, 2.6733, 20.8845
51.7200, 5.07e-05, 5898.2668, 70.5686, 2.6734, 20.8934
51.7250, 5.08e-05, 5898.3781, 70.5452, 2.6735, 20.9023
51.7300, 4.85e-05, 5898.4894, 70.5218, 2.6736, 20.9111
51.7350, 4.86e-05, 5898.6007, 70.4983, 2.6737, 20.9199
51.7400, 4.87e-05, 5898.7121, 70.4749, 2.6738, 20.9287
51.7450, 5.05e-05, 5898.8234, 70.4514, 2.6740, 20.9374
51.7500, 4.83e-05, 5898.9348, 70.4280, 2.6741, 20.9460
51.7550, 5.07e-05, 5899.0461, 70.4045, 2.6742, 20.9546
51.7600, 4.84e-05, 5899.1575, 70.3811, 2.6743, 20.9632
51.7650, 5.03e-05, 5899.2689, 70.3576, 2.6744, 20.9718
51.7700, 4.85e-05, 5899.3803, 70.3342, 2.6745, 20.9802
51.7750, 4.81e-05, 5899.4917, 70.3107, 2.6746, 20.9887
51.7800, 5.3e-05, 5899.6032, 70.2873, 2.6747, 20.9971
51.7850, 6.9e-05, 5899.7146, 70.2638, 2.6748, 21.0055
51.7900, 5e-05, 5899.8261, 70.2404, 2.6749, 21.0138
51.7950, 4.84e-05, 5899.9375, 70.2169, 2.6750, 21.0221
51.8000, 5.02e-05, 5900.0490, 70.1934, 2.6751, 21.0303
51.8050, 4.83e-05, 5900.1605, 70.1700, 2.6753, 21.0385
51.8100, 4.82e-05, 5900.2720, 70.1465, 2.6754, 21.0466
51.8150, 4.81e-05, 5900.3835, 70.1230, 2.6755, 21.0547
51.8200, 5.04e-05, 5900.4950, 70.0996, 2.6756, 21.0628
51.8250, 5.07e-05, 5900.6065, 70.0761, 2.6757, 21.0708
51.8300, 4.84e-05, 5900.7180, 70.0526, 2.6758, 21.0788
51.8350, 4.8e-05, 5900.8295, 70.0292, 2.6759, 21.0867
51.8400, 5.04e-05, 5900.9411, 70.0057, 2.6760, 21.0946
51.8450, 4.85e-05, 5901.0526, 69.9822, 2.6761, 21.1025
51.8500, 4.84e-05, 5901.1642, 69.9587, 2.6762, 21.1103
51.8550, 5.03e-05, 5901.2757, 69.9353, 2.6763, 21.1181
51.8600, 5.98e-05, 5901.3873, 69.9118, 2.6765, 21.1258
51.8650, 5.6e-05, 5901.4989, 69.8883, 2.6766, 21.1335
51.8700, 5.17e-05, 5901.6105, 69.8648, 2.6767, 21.1411
51.8750, 5.09e-05, 5901.7220, 69.8413, 2.6768, 21.1487
51.8800, 4.85e-05, 5901.8336, 69.8178, 2.6769, 21.1562
51.8850, 4.83e-05, 5901.9452, 69.7944, 2.6770, 21.1637
51.8900, 4.85e-05, 5902.0568, 69.7709, 2.6771, 21.1712
51.8950, 5.3e-05, 5902.1684, 69.7474, 2.6772, 21.1786
51.9000, 4.83e-05, 5902.2800, 69.7239, 2.6773, 21.1860
51.9050, 4.79e-05, 5902.3917, 69.7004, 2.6774, 21.1933
51.9100, 4.8e-05, 5902.5033, 69.6769, 2.6776, 21.2006
51.9150, 5.03e-05, 5902.6149, 69.6534, 2.6777, 21.2079
51.9200, 4.81e-05, 5902.7265, 69.6299, 2.6778, 21.2151
51.9250, 4.8e-05, 5902.8381, 69.6064, 2.6779, 21.2222
51.9300, 6.17e-05, 5902.9498, 69.5829, 2.6780, 21.2294
51.9350, 4.88e-05, 5903.0614, 69.5595, 2.6781, 21.2364
51.9400, 4.82e-05, 5903.1730, 69.5360, 2.6782, 21.2435
51.9450, 4.81e-05, 5903.2846, 69.5125, 2.6783, 21.2505
51.9500, 6.99e-05, 5903.3963, 69.4890, 2.6784, 21.2574
51.9550, 5.09e-05, 5903.5079, 69.4655, 2.6786, 21.2643
51.9600, 5.99e-05, 5903.6195, 69.4420, 2.6787, 21.2712
51.9650, 5.05e-05, 5903.7312, 69.4185, 2.6788, 21.2780
51.9700, 5.08e-05, 5903.8428, 69.3950, 2.6789, 21.2848
51.9750, 4.87e-05, 5903.9545, 69.3715, 2.6790, 21.2915
51.9800, 4.86e-05, 5904.0661, 69.3480, 2.6791, 21.2982
51.9850, 5.06e-05, 5904.1777, 69.3245, 2.6792, 21.3048
51.9900, 4.83e-05, 5904.2894, 69.3010, 2.6793, 21.3114
51.9950, 5.76e-05, 5904.4010, 69.2775, 2.6794, 21.3180
52.0000, 5.02e-05, 5904.5126, 69.2540, 2.6796, 21.3245
52.0050, 5.06e-05, 5904.6242, 69.2305, 2.6797, 21.3310
52.0100, 4.83e-05, 5904.7359, 69.2070, 2.6798, 21.3374
52.0150, 4.89e-05, 5904.8475, 69.1835, 2.6799, 21.3438
52.0200, 4.81e-05, 5904.9591, 69.1600, 2.6800, 21.3501
52.0250, 5.03e-05, 5905.0707, 69.1365, 2.6801, 21.3564
52.0300, 4.82e-05, 5905.1824, 69.1130, 2.6802, 21.3627
52.0350, 6.13e-05, 5905.2940, 69.0895, 2.6803, 21.3689
52.0400, 5.33e-05, 5905.4056, 69.0660, 2.6805, 21.3751
52.0450, 4.89e-05, 5905.5172, 69.0425, 2.6806, 21.3812
52.0500, 4.83e-05, 5905.6288, 69.0190, 2.6807, 21.3873
52.0550, 4.83e-05, 5905.7404, 68.9955, 2.6808, 21.3933
52.0600, 5.02e-05, 5905.8520, 68.9720, 2.6809, 21.3993
52.0650, 5.84e-05, 5905.9636, 68.9485, 2.6810, 21.4052
52.0700, 4.98e-05, 5906.0751, 68.9250, 2.6811, 21.4112
52.0750, 4.87e-05, 5906.1867, 68.9015, 2.6813, 21.4170
52.0800, 5.84e-05, 5906.2983, 68.8780, 2.6814, 21.4228
52.0850, 4.85e-05, 5906.4098, 68.8545, 2.6815, 21.4286
52.0900, 4.87e-05, 5906.5214, 68.8310, 2.6816, 21.4344
52.0950, 4.84e-05, 5906.6330, 68.8075, 2.6817, 21.4400
52.1000, 6.06e-05, 5906.7445, 68.7840, 2.6818, 21.4457
52.1050, 4.94e-05, 5906.8560, 68.7605, 2.6819, 21.4513
52.1100, 4.83e-05, 5906.9676, 68.7370, 2.6820, 21.4569
52.1150, 5.02e-05, 5907.0791, 68.7135, 2.6822, 21.4624
52.1200, 5.5e-05, 5907.1906, 68.6900, 2.6823, 21.4678
52.1250, 5.02e-05, 5907.3021, 68.6665, 2.6824, 21.4733
52.1300, 4.84e-05, 5907.4136, 68.6430, 2.6825, 21.4787
52.1350, 6.14e-05, 5907.5251, 68.6195, 2.6826, 21.4840
52.1400, 4.97e-05, 5907.6366, 68.5960, 2.6827, 21.4893
52.1450, 4.86e-05, 5907.7480, 68.5725, 2.6828, 21.4945
52.1500, 4.88e-05, 5907.8595, 68.5490, 2.6830, 21.4998
52.1550, 5.06e-05, 5907.9709, 68.5255, 2.6831, 21.5049
52.1600, 4.85e-05, 5908.0824, 68.5020, 2.6832, 21.5100
52.1650, 4.88e-05, 5908.1938, 68.4785, 2.6833, 21.5151
52.1700, 5.06e-05, 5908.3052, 68.4550, 2.6834, 21.5202
52.1750, 5.07e-05, 5908.4166, 68.4315, 2.6835, 21.5252
52.1800, 4.9e-05, 5908.5280, 68.4081, 2.6836, 21.5301
52.1850, 4.88e-05, 5908.6394, 68.3846, 2.6838, 21.5350
52.1900, 5.49e-05, 5908.7508, 68.3611, 2.6839, 21.5399
52.1950, 4.94e-05, 5908.8621, 68.3376, 2.6840, 21.5447
52.2000, 4.87e-05, 5908.9735, 68.3141, 2.6841, 21.5495
52.2050, 7.36e-05, 5909.0848, 68.2906, 2.6842, 21.5542
52.2100, 5.33e-05, 5909.1961, 68.2671, 2.6843, 21.5589
52.2150, 4.9e-05, 5909.3074, 68.2437, 2.6844, 21.5635
52.2200, 4.93e-05, 5909.4187, 68.2202, 2.6846, 21.5681
52.2250, 4.85e-05, 5909.5300, 68.1967, 2.6847, 21.5727
52.2300, 5.05e-05, 5909.6413, 68.1732, 2.6848, 21.5772
52.2350, 4.8e-05, 5909.7525, 68.1498, 2.6849, 21.5816
52.2400, 5.88e-05, 5909.8637, 68.1263, 2.6850, 21.5861
52.2450, 5.16e-05, 5909.9750, 68.1028, 2.6851, 21.5904
52.2500, 4.89e-05, 5910.0862, 68.0793, 2.6853, 21.5948
52.2550, 4.87e-05, 5910.1974, 68.0559, 2.6854, 21.5991
52.2600, 4.84e-05, 5910.3085, 68.0324, 2.6855, 21.6033
52.2650, 5.05e-05, 5910.4197, 68.0089, 2.6856, 21.6075
52.2700, 4.84e-05, 5910.5308, 67.9855, 2.6857, 21.6117
52.2750, 5.88e-05, 5910.6420, 67.9620, 2.6858, 21.6158
52.2800, 4.97e-05, 5910.7531, 67.9385, 2.6860, 21.6199
52.2850, 5.08e-05, 5910.8642, 67.9151, 2.6861, 21.6239
52.2900, 5.15e-05, 5910.9753, 67.8916, 2.6862, 21.6279
52.2950, 4.83e-05, 5911.0863, 67.8682, 2.6863, 21.6318
52.3000, 5.04e-05, 5911.1974, 67.8447, 2.6864, 21.6357
52.3050, 4.85e-05, 5911.3084, 67.8213, 2.6865, 21.6396
52.3100, 5.91e-05, 5911.4194, 67.7978, 2.6867, 21.6434
52.3150, 4.96e-05, 5911.5304, 67.7744, 2.6868, 21.6472
52.3200, 5.03e-05, 5911.6413, 67.7509, 2.6869, 21.6509
52.3250, 4.83e-05, 5911.7523, 67.7275, 2.6870, 21.6545
52.3300, 4.82e-05, 5911.8632, 67.7040, 2.6871, 21.6582
52.3350, 4.81e-05, 5911.9741, 67.6806, 2.6872, 21.6618
52.3400, 4.98e-05, 5912.0850, 67.6571, 2.6874, 21.6653
52.3450, 5.83e-05, 5912.1959, 67.6337, 2.6875, 21.6688
52.3500, 4.99e-05, 5912.3068, 67.6103, 2.6876, 21.6723
52.3550, 4.84e-05, 5912.4176, 67.5868, 2.6877, 21.6757
52.3600, 5.02e-05, 5912.5284, 67.5634, 2.6878, 21.6791
52.3650, 4.83e-05, 5912.6392, 67.5400, 2.6879, 21.6824
52.3700, 4.86e-05, 5912.7499, 67.5165, 2.6881, 21.6857
52.3750, 7.28e-05, 5912.8607, 67.4931, 2.6882, 21.6889
52.3800, 6.19e-05, 5912.9714, 67.4697, 2.6883, 21.6921
52.3850, 5e-05, 5913.0821, 67.4463, 2.6884, 21.6952
52.3900, 4.88e-05, 5913.1928, 67.4229, 2.6885, 21.6983
52.3950, 5.13e-05, 5913.3035, 67.3994, 2.6886, 21.7014
52.4000, 4.86e-05, 5913.4141, 67.3760, 2.6888, 21.7044
52.4050, 4.84e-05, 5913.5247, 67.3526, 2.6889, 21.7074
52.4100, 4.8e-05, 5913.6353, 67.3292, 2.6890, 21.7103
52.4150, 6.08e-05, 5913.7458, 67.3058, 2.6891, 21.7132
52.4200, 4.92e-05, 5913.8564, 67.2824, 2.6892, 21.7160
52.4250, 4.83e-05, 5913.9669, 67.2590, 2.6894, 21.7188
52.4300, 5.01e-05, 5914.0774, 67.2356, 2.6895, 21.7216
52.4350, 4.83e-05, 5914.1879, 67.2122, 2.6896, 21.7243
52.4400, 4.81e-05, 5914.2983, 67.1888, 2.6897, 21.7270
52.4450, 4.8e-05, 5914.4087, 67.1654, 2.6898, 21.7296
52.4500, 6.06e-05, 5914.5191, 67.1420, 2.6899, 21.7321
52.4550, 4.94e-05, 5914.6295, 67.1187, 2.6901, 21.7347
52.4600, 5.64e-05, 5914.7398, 67.0953, 2.6902, 21.7372
52.4650, 4.87e-05, 5914.8501, 67.0719, 2.6903, 21.7396
52.4700, 5.03e-05, 5914.9604, 67.0485, 2.6904, 21.7420
52.4750, 4.83e-05, 5915.0707, 67.0252, 2.6905, 21.7444
52.4800, 4.81e-05, 5915.1809, 67.0018, 2.6907, 21.7467
52.4850, 5.89e-05, 5915.2911, 66.9784, 2.6908, 21.7489
52.4900, 5.2e-05, 5915.4013, 66.9551, 2.6909, 21.7512
52.4950, 4.83e-05, 5915.5114, 66.9317, 2.6910, 21.7533
52.5000, 4.82e-05, 5915.6216, 66.9083, 2.6911, 21.7555
52.5050, 5.04e-05, 5915.7317, 66.8850, 2.6913, 21.7576
52.5100, 4.79e-05, 5915.8417, 66.8616, 2.6914, 21.7596
52.5150, 4.81e-05, 5915.9518, 66.8383, 2.6915, 21.7616
52.5200, 5.75e-05, 5916.0618, 66.8149, 2.6916, 21.7636
52.5250, 5.19e-05, 5916.1718, 66.7916, 2.6917, 21.7655
52.5300, 4.86e-05, 5916.2817, 66.7683, 2.6919, 21.7673
52.5350, 4.83e-05, 5916.3916, 66.7449, 2.6920, 21.7692
52.5400, 4.8e-05, 5916.5015, 66.7216, 2.6921, 21.7709
52.5450, 6.25e-05, 5916.6114, 66.6983, 2.6922, 21.7727
52.5500, 5.03e-05, 5916.7212, 66.6750, 2.6923, 21.7744
52.5550, 5.97e-05, 5916.8310, 66.6516, 2.6924, 21.7760
52.5600, 5.21e-05, 5916.9408, 66.6283, 2.6926, 21.7776
52.5650, 4.85e-05, 5917.0505, 66.6050, 2.6927, 21.7792
52.5700, 4.86e-05, 5917.1602, 66.5817, 2.6928, 21.7807
52.5750, 4.83e-05, 5917.2699, 66.5584, 2.6929, 21.7822
52.5800, 5.04e-05, 5917.3795, 66.5351, 2.6931, 21.7836
52.5850, 4.88e-05, 5917.4891, 66.5118, 2.6932, 21.7850
52.5900, 5.83e-05, 5917.5987, 66.4885, 2.6933, 21.7863
52.5950, 5.03e-05, 5917.7083, 66.4652, 2.6934, 21.7876
52.6000, 5.05e-05, 5917.8178, 66.4419, 2.6935, 21.7888
52.6050, 4.86e-05, 5917.9273, 66.4186, 2.6937, 21.7900
52.6100, 4.86e-05, 5918.0367, 66.3953, 2.6938, 21.7912
52.6150, 5.08e-05, 5918.1461, 66.3721, 2.6939, 21.7923
52.6200, 4.82e-05, 5918.2555, 66.3488, 2.6940, 21.7934
52.6250, 4.84e-05, 5918.3648, 66.3255, 2.6941, 21.7944
52.6300, 8.45e-05, 5918.4741, 66.3023, 2.6943, 21.7954
52.6350, 0.0001015, 5918.5834, 66.2790, 2.6944, 21.7963
52.6400, 9.33e-05, 5918.6927, 66.2558, 2.6945, 21.7972
52.6450, 0.0001126, 5918.8019, 66.2325, 2.6946, 21.7981
52.6500, 9.74e-05, 5918.9110, 66.2093, 2.6947, 21.7989
52.6550, 9.88e-05, 5919.0202, 66.1860, 2.6949, 21.7996
52.6600, 9.6e-05, 5919.1293, 66.1628, 2.6950, 21.8004
52.6650, 0.0001113, 5919.2383, 66.1395, 2.6951, 21.8010
52.6700, 9.83e-05, 5919.3474, 66.1163, 2.6952, 21.8017
52.6750, 7.8e-05, 5919.4563, 66.0931, 2.6953, 21.8022
52.6800, 5.63e-05, 5919.5653, 66.0699, 2.6955, 21.8028
52.6850, 5.42e-05, 5919.6742, 66.0466, 2.6956, 21.8033
52.6900, 6.55e-05, 5919.7831, 66.0234, 2.6957, 21.8037
52.6950, 4.96e-05, 5919.8919, 66.0002, 2.6958, 21.8041
52.7000, 4.84e-05, 5920.0007, 65.9770, 2.6960, 21.8045
52.7050, 4.89e-05, 5920.1095, 65.9538, 2.6961, 21.8048
52.7100, 5.05e-05, 5920.2182, 65.9306, 2.6962, 21.8051
52.7150, 4.84e-05, 5920.3269, 65.9074, 2.6963, 21.8053
52.7200, 4.81e-05, 5920.4356, 65.8842, 2.6964, 21.8055
52.7250, 5.96e-05, 5920.5442, 65.8611, 2.6966, 21.8056
52.7300, 5.11e-05, 5920.6528, 65.8379, 2.6967, 21.8057
52.7350, 4.86e-05, 5920.7613, 65.8147, 2.6968, 21.8058
52.7400, 4.82e-05, 5920.8698, 65.7915, 2.6969, 21.8058
52.7450, 5.06e-05, 5920.9782, 65.7684, 2.6971, 21.8057
52.7500, 4.88e-05, 5921.0867, 65.7452, 2.6972, 21.8057
52.7550, 5.56e-05, 5921.1950, 65.7221, 2.6973, 21.8055
52.7600, 6.21e-05, 5921.3034, 65.6989, 2.6974, 21.8054
52.7650, 5.12e-05, 5921.4117, 65.6758, 2.6975, 21.8051
52.7700, 4.82e-05, 5921.5199, 65.6526, 2.6977, 21.8049
52.7750, 4.85e-05, 5921.6281, 65.6295, 2.6978, 21.8046
52.7800, 4.83e-05, 5921.7363, 65.6064, 2.6979, 21.8042
52.7850, 6.57e-05, 5921.8444, 65.5833, 2.6980, 21.8038
52.7900, 4.97e-05, 5921.9525, 65.5601, 2.6982, 21.8034
52.7950, 6.16e-05, 5922.0605, 65.5370, 2.6983, 21.8029
52.8000, 5.03e-05, 5922.1685, 65.5139, 2.6984, 21.8024
52.8050, 5.25e-05, 5922.2765, 65.4908, 2.6985, 21.8018
52.8100, 4.98e-05, 5922.3844, 65.4677, 2.6987, 21.8012
52.8150, 4.97e-05, 5922.4923, 65.4446, 2.6988, 21.8006
52.8200, 5.25e-05, 5922.6001, 65.4215, 2.6989, 21.7999
52.8250, 4.99e-05, 5922.7079, 65.3985, 2.6990, 21.7991
52.8300, 6.16e-05, 5922.8156, 65.3754, 2.6991, 21.7983
52.8350, 5.42e-05, 5922.9233, 65.3523, 2.6993, 21.7975
52.8400, 5.42e-05, 5923.0310, 65.3293, 2.6994, 21.7966
52.8450, 5.05e-05, 5923.1386, 65.3062, 2.6995, 21.7957
52.8500, 5.01e-05, 5923.2462, 65.2831, 2.6996, 21.7947
52.8550, 4.99e-05, 5923.3537, 65.2601, 2.6998, 21.7937
52.8600, 5.22e-05, 5923.4611, 65.2370, 2.6999, 21.7926
52.8650, 6.17e-05, 5923.5686, 65.2140, 2.7000, 21.7915
52.8700, 5.04e-05, 5923.6759, 65.1910, 2.7001, 21.7904
52.8750, 5.22e-05, 5923.7833, 65.1680, 2.7003, 21.7892
52.8800, 5.01e-05, 5923.8906, 65.1449, 2.7004, 21.7880
52.8850, 4.99e-05, 5923.9978, 65.1219, 2.7005, 21.7867
52.8900, 4.98e-05, 5924.1050, 65.0989, 2.7006, 21.7854
52.8950, 5.19e-05, 5924.2122, 65.0759, 2.7008, 21.7840
52.9000, 6.08e-05, 5924.3193, 65.0529, 2.7009, 21.7826
52.9050, 5.15e-05, 5924.4263, 65.0299, 2.7010, 21.7811
52.9100, 4.97e-05, 5924.5333, 65.0069, 2.7011, 21.7796
52.9150, 5.22e-05, 5924.6403, 64.9840, 2.7013, 21.7781
52.9200, 6.1e-05, 5924.7472, 64.9610, 2.7014, 21.7765
52.9250, 5.57e-05, 5924.8541, 64.9380, 2.7015, 21.7748
52.9300, 6.92e-05, 5924.9609, 64.9150, 2.7016, 21.7732
52.9350, 5.29e-05, 5925.0677, 64.8921, 2.7018, 21.7714
52.9400, 5.07e-05, 5925.1744, 64.8691, 2.7019, 21.7697
52.9450, 5.05e-05, 5925.2810, 64.8462, 2.7020, 21.7679
52.9500, 5.21e-05, 5925.3877, 64.8233, 2.7021, 21.7660
52.9550, 5e-05, 5925.4942, 64.8003, 2.7023, 21.7641
52.9600, 5.05e-05, 5925.6008, 64.7774, 2.7024, 21.7622
52.9650, 6.11e-05, 5925.7072, 64.7545, 2.7025, 21.7602
52.9700, 5.44e-05, 5925.8136, 64.7316, 2.7026, 21.7581
52.9750, 5.05e-05, 5925.9200, 64.7087, 2.7028, 21.7561
52.9800, 5.02e-05, 5926.0263, 64.6858, 2.7029, 21.7539
52.9850, 5.06e-05, 5926.1326, 64.6629, 2.7030, 21.7518
52.9900, 5.26e-05, 5926.2388, 64.6400, 2.7031, 21.7495
52.9950, 5.01e-05, 5926.3450, 64.6171, 2.7033, 21.7473
53.0000, 6.97e-05, 5926.4511, 64.5942, 2.7034, 21.7450
53.0050, 5.45e-05, 5926.5572, 64.5714, 2.7035, 21.7426
53.0100, 5.06e-05, 5926.6632, 64.5485, 2.7036, 21.7403
53.0150, 5.02e-05, 5926.7691, 64.5257, 2.7038, 21.7378
53.0200, 5.03e-05, 5926.8750, 64.5028, 2.7039, 21.7354
53.0250, 5.29e-05, 5926.9809, 64.4800, 2.7040, 21.7328
53.0300, 5.02e-05, 5927.0867, 64.4571, 2.7041, 21.7303
53.0350, 5.99e-05, 5927.1925, 64.4343, 2.7043, 21.7277
53.0400, 5.2e-05, 5927.2981, 64.4115, 2.7044, 21.7250
53.0450, 5.26e-05, 5927.4038, 64.3887, 2.7045, 21.7223
53.0500, 5.01e-05, 5927.5094, 64.3659, 2.7046, 21.7196
53.0550, 5.04e-05, 5927.6149, 64.3431, 2.7048, 21.7168
53.0600, 5.21e-05, 5927.7204, 64.3203, 2.7049, 21.7139
53.0650, 5e-05, 5927.8258, 64.2975, 2.7050, 21.7111
53.0700, 5e-05, 5927.9312, 64.2747, 2.7051, 21.7081
53.0750, 5.24e-05, 5928.0365, 64.2519, 2.7053, 21.7052
53.0800, 5.93e-05, 5928.1418, 64.2292, 2.7054, 21.7022
53.0850, 5.13e-05, 5928.2470, 64.2064, 2.7055, 21.6991
53.0900, 5.01e-05, 5928.3521, 64.1837, 2.7057, 21.6960
53.0950, 4.99e-05, 5928.4572, 64.1609, 2.7058, 21.6929
53.1000, 5.21e-05, 5928.5623, 64.1382, 2.7059, 21.6897
53.1050, 5e-05, 5928.6672, 64.1154, 2.7060, 21.6865
53.1100, 5.24e-05, 5928.7722, 64.0927, 2.7062, 21.6832
53.1150, 5.04e-05, 5928.8770, 64.0700, 2.7063, 21.6799
53.1200, 5.24e-05, 5928.9818, 64.0473, 2.7064, 21.6765
53.1250, 5.02e-05, 5929.0866, 64.0246, 2.7065, 21.6731
53.1300, 5.03e-05, 5929.1913, 64.0019, 2.7067, 21.6696
53.1350, 5.23e-05, 5929.2959, 63.9792, 2.7068, 21.6661
53.1400, 5.01e-05, 5929.4005, 63.9565, 2.7069, 21.6626
53.1450, 6.21e-05, 5929.5051, 63.9339, 2.7071, 21.6590
53.1500, 5.02e-05, 5929.6095, 63.9112, 2.7072, 21.6554
53.1550, 5.25e-05, 5929.7139, 63.8886, 2.7073, 21.6517
53.1600, 4.98e-05, 5929.8183, 63.8659, 2.7074, 21.6480
53.1650, 5.87e-05, 5929.9226, 63.8433, 2.7076, 21.6442
53.1700, 5.09e-05, 5930.0268, 63.8206, 2.7077, 21.6404
53.1750, 5.27e-05, 5930.1310, 63.7980, 2.7078, 21.6366
53.1800, 5.29e-05, 5930.2351, 63.7754, 2.7079, 21.6327
53.1850, 5.05e-05, 5930.3392, 63.7528, 2.7081, 21.6288
53.1900, 5.18e-05, 5930.4432, 63.7302, 2.7082, 21.6248
53.1950, 5.01e-05, 5930.5471, 63.7076, 2.7083, 21.6207
53.2000, 5.01e-05, 5930.6510, 63.6850, 2.7085, 21.6167
53.2050, 5.04e-05, 5930.7548, 63.6624, 2.7086, 21.6126
53.2100, 5.24e-05, 5930.8585, 63.6398, 2.7087, 21.6084
53.2150, 6.18e-05, 5930.9622, 63.6173, 2.7088, 21.6042
53.2200, 5.07e-05, 5931.0659, 63.5947, 2.7090, 21.6000
53.2250, 5.04e-05, 5931.1694, 63.5722, 2.7091, 21.5957
53.2300, 5.22e-05, 5931.2730, 63.5496, 2.7092, 21.5913
53.2350, 5.01e-05, 5931.3764, 63.5271, 2.7094, 21.5869
53.2400, 4.99e-05, 5931.4798, 63.5046, 2.7095, 21.5825
53.2450, 5.7e-05, 5931.5831, 63.4821, 2.7096, 21.5781
53.2500, 6.74e-05, 5931.6864, 63.4596, 2.7097, 21.5735
53.2550, 5.03e-05, 5931.7896, 63.4371, 2.7099, 21.5690
53.2600, 4.97e-05, 5931.8927, 63.4146, 2.7100, 21.5644
53.2650, 5.18e-05, 5931.9958, 63.3921, 2.7101, 21.5597
53.2700, 5.01e-05, 5932.0988, 63.3696, 2.7103, 21.5550
53.2750, 4.97e-05, 5932.2018, 63.3472, 2.7104, 21.5503
53.2800, 4.97e-05, 5932.3047, 63.3247, 2.7105, 21.5455
53.2850, 6.37e-05, 5932.4075, 63.3023, 2.7106, 21.5407
53.2900, 5.02e-05, 5932.5102, 63.2798, 2.7108, 21.5359
53.2950, 5.02e-05, 5932.6129, 63.2574, 2.7109, 21.5309
53.3000, 5.75e-05, 5932.7156, 63.2350, 2.7110, 21.5260
53.3050, 5.41e-05, 5932.8181, 63.2125, 2.7112, 21.5210
53.3100, 5.04e-05, 5932.9206, 63.1901, 2.7113, 21.5159
53.3150, 5.03e-05, 5933.0231, 63.1677, 2.7114, 21.5109
53.3200, 6.54e-05, 5933.1254, 63.1454, 2.7115, 21.5057
53.3250, 5.08e-05, 5933.2277, 63.1230, 2.7117, 21.5006
53.3300, 6.02e-05, 5933.3300, 63.1006, 2.7118, 21.4953
53.3350, 5.11e-05, 5933.4322, 63.0782, 2.7119, 21.4901
53.3400, 5.35e-05, 5933.5343, 63.0559, 2.7121, 21.4848
53.3450, 5.04e-05, 5933.6363, 63.0335, 2.7122, 21.4794
53.3500, 5.02e-05, 5933.7383, 63.0112, 2.7123, 21.4740
53.3550, 5.26e-05, 5933.8402, 62.9889, 2.7125, 21.4686
53.3600, 5.26e-05, 5933.9420, 62.9666, 2.7126, 21.4631
53.3650, 5e-05, 5934.0438, 62.9443, 2.7127, 21.4576
53.3700, 5.02e-05, 5934.1455, 62.9220, 2.7128, 21.4520
53.3750, 5.23e-05, 5934.2472, 62.8997, 2.7130, 21.4464
53.3800, 5.01e-05, 5934.3488, 62.8774, 2.7131, 21.4407
53.3850, 5.09e-05, 5934.4503, 62.8551, 2.7132, 21.4350
53.3900, 5.22e-05, 5934.5517, 62.8328, 2.7134, 21.4293
53.3950, 5.24e-05, 5934.6531, 62.8106, 2.7135, 21.4235
53.4000, 5.01e-05, 5934.7544, 62.7883, 2.7136, 21.4177
53.4050, 4.99e-05, 5934.8556, 62.7661, 2.7138, 21.4118
53.4100, 5.75e-05, 5934.9568, 62.7439, 2.7139, 21.4059
53.4150, 5.39e-05, 5935.0579, 62.7217, 2.7140, 21.3999
53.4200, 5.03e-05, 5935.1589, 62.6995, 2.7141, 21.3939
53.4250, 5.29e-05, 5935.2599, 62.6773, 2.7143, 21.3878
53.4300, 5e-05, 5935.3608, 62.6551, 2.7144, 21.3817
53.4350, 5.24e-05, 5935.4616, 62.6329, 2.7145, 21.3756
53.4400, 5.03e-05, 5935.5623, 62.6107, 2.7147, 21.3694
53.4450, 5.04e-05, 5935.6630, 62.5886, 2.7148, 21.3632
53.4500, 5.21e-05, 5935.7636, 62.5664, 2.7149, 21.3569
53.4550, 5e-05, 5935.8642, 62.5443, 2.7151, 21.3506
53.4600, 6.19e-05, 5935.9646, 62.5221, 2.7152, 21.3442
53.4650, 5.1e-05, 5936.0650, 62.5000, 2.7153, 21.3378
53.4700, 5.21e-05, 5936.1653, 62.4779, 2.7155, 21.3314
53.4750, 5.06e-05, 5936.2656, 62.4558, 2.7156, 21.3249
53.4800, 5e-05, 5936.3658, 62.4337, 2.7157, 21.3183
53.4850, 5.02e-05, 5936.4659, 62.4116, 2.7158, 21.3118
53.4900, 5.21e-05, 5936.5659, 62.3895, 2.7160, 21.3051
53.4950, 6.87e-05, 5936.6659, 62.3675, 2.7161, 21.2985
53.5000, 5.13e-05, 5936.7658, 62.3454, 2.7162, 21.2918
53.5050, 5.25e-05, 5936.8656, 62.3234, 2.7164, 21.2850
53.5100, 5.04e-05, 5936.9654, 62.3013, 2.7165, 21.2782
53.5150, 4.99e-05, 5937.0651, 62.2793, 2.7166, 21.2714
53.5200, 4.96e-05, 5937.1647, 62.2573, 2.7168, 21.2645
53.5250, 5.22e-05, 5937.2642, 62.2353, 2.7169, 21.2575
53.5300, 6.26e-05, 5937.3637, 62.2133, 2.7170, 21.2506
53.5350, 5.04e-05, 5937.4631, 62.1913, 2.7172, 21.2435
53.5400, 4.98e-05, 5937.5624, 62.1693, 2.7173, 21.2365
53.5450, 5.21e-05, 5937.6616, 62.1474, 2.7174, 21.2294
53.5500, 4.99e-05, 5937.7608, 62.1254, 2.7176, 21.2222
53.5550, 5e-05, 5937.8599, 62.1035, 2.7177, 21.2150
53.5600, 4.98e-05, 5937.9589, 62.0815, 2.7178, 21.2078
53.5650, 6.41e-05, 5938.0578, 62.0596, 2.7180, 21.2005
53.5700, 5.02e-05, 5938.1567, 62.0377, 2.7181, 21.1932
53.5750, 5.78e-05, 5938.2555, 62.0158, 2.7182, 21.1858
53.5800, 5.34e-05, 5938.3542, 61.9939, 2.7183, 21.1784
53.5850, 4.99e-05, 5938.4528, 61.9720, 2.7185, 21.1710
53.5900, 4.95e-05, 5938.5514, 61.9502, 2.7186, 21.1635
53.5950, 4.99e-05, 5938.6499, 61.9283, 2.7187, 21.1559
53.6000, 6.42e-05, 5938.7483, 61.9064, 2.7189, 21.1483
53.6050, 5.07e-05, 5938.8466, 61.8846, 2.7190, 21.1407
53.6100, 5e-05, 5938.9449, 61.8628, 2.7191, 21.1330
53.6150, 5.04e-05, 5939.0431, 61.8409, 2.7193, 21.1253
53.6200, 5.22e-05, 5939.1412, 61.8191, 2.7194, 21.1175
53.6250, 4.97e-05, 5939.2392, 61.7973, 2.7195, 21.1097
53.6300, 4.98e-05, 5939.3372, 61.7756, 2.7197, 21.1019
53.6350, 6.31e-05, 5939.4351, 61.7538, 2.7198, 21.0940
53.6400, 5.07e-05, 5939.5329, 61.7320, 2.7199, 21.0861
53.6450, 4.98e-05, 5939.6306, 61.7103, 2.7201, 21.0781
53.6500, 5.4e-05, 5939.7282, 61.6885, 2.7202, 21.0700
53.6550, 6.68e-05, 5939.8258, 61.6668, 2.7203, 21.0620
53.6600, 5.26e-05, 5939.9233, 61.6451, 2.7205, 21.0539
53.6650, 5.02e-05, 5940.0207, 61.6233, 2.7206, 21.0457
53.6700, 5.28e-05, 5940.1180, 61.6016, 2.7207, 21.0375
53.6750, 5.26e-05, 5940.2153, 61.5800, 2.7209, 21.0293
53.6800, 5.03e-05, 5940.3124, 61.5583, 2.7210, 21.0210
53.6850, 5.03e-05, 5940.4095, 61.5366, 2.7211, 21.0127
53.6900, 4.97e-05, 5940.5066, 61.5149, 2.7213, 21.0043
53.6950, 5.23e-05, 5940.6035, 61.4933, 2.7214, 20.9959
53.7000, 4.97e-05, 5940.7003, 61.4717, 2.7215, 20.9874
53.7050, 6.19e-05, 5940.7971, 61.4500, 2.7217, 20.9789
53.7100, 5.24e-05, 5940.8938, 61.4284, 2.7218, 20.9704
53.7150, 5.03e-05, 5940.9904, 61.4068, 2.7219, 20.9618
53.7200, 4.97e-05, 5941.0870, 61.3852, 2.7221, 20.9531
53.7250, 4.97e-05, 5941.1834, 61.3637, 2.7222, 20.9445
53.7300, 5.2e-05, 5941.2798, 61.3421, 2.7223, 20.9358
53.7350, 5.71e-05, 5941.3761, 61.3205, 2.7225, 20.9270
53.7400, 6.33e-05, 5941.4723, 61.2990, 2.7226, 20.9182
53.7450, 5.04e-05, 5941.5684, 61.2775, 2.7227, 20.9093
53.7500, 6.41e-05, 5941.6645, 61.2559, 2.7229, 20.9004
53.7550, 5.01e-05, 5941.7605, 61.2344, 2.7230, 20.8915
53.7600, 4.98e-05, 5941.8563, 61.2129, 2.7231, 20.8825
53.7650, 5.8e-05, 5941.9522, 61.1915, 2.7233, 20.8735
53.7700, 6.01e-05, 5942.0479, 61.1700, 2.7234, 20.8644
53.7750, 5.18e-05, 5942.1435, 61.1485, 2.7235, 20.8553
53.7800, 5.02e-05, 5942.2391, 61.1271, 2.7237, 20.8462
53.7850, 5.2e-05, 5942.3345, 61.1056, 2.7238, 20.8370
53.7900, 4.96e-05, 5942.4299, 61.0842, 2.7239, 20.8277
53.7950, 5e-05, 5942.5253, 61.0628, 2.7241, 20.8184
53.8000, 5e-05, 5942.6205, 61.0414, 2.7242, 20.8091
53.8050, 5.18e-05, 5942.7156, 61.0200, 2.7243, 20.7997
53.8100, 5.23e-05, 5942.8107, 60.9986, 2.7245, 20.7903
53.8150, 4.99e-05, 5942.9057, 60.9772, 2.7246, 20.7809
53.8200, 6.64e-05, 5943.0005, 60.9559, 2.7247, 20.7714
53.8250, 5.1e-05, 5943.0954, 60.9345, 2.7249, 20.7618
53.8300, 4.97e-05, 5943.1901, 60.9132, 2.7250, 20.7522
53.8350, 5e-05, 5943.2847, 60.8919, 2.7251, 20.7426
53.8400, 5.21e-05, 5943.3793, 60.8706, 2.7253, 20.7329
53.8450, 5.27e-05, 5943.4737, 60.8493, 2.7254, 20.7232
53.8500, 5.02e-05, 5943.5681, 60.8280, 2.7255, 20.7135
53.8550, 4.95e-05, 5943.6624, 60.8067, 2.7257, 20.7037
53.8600, 5.17e-05, 5943.7566, 60.7855, 2.7258, 20.6938
53.8650, 4.99e-05, 5943.8508, 60.7642, 2.7260, 20.6839
53.8700, 4.98e-05, 5943.9448, 60.7430, 2.7261, 20.6740
53.8750, 4.95e-05, 5944.0388, 60.7218, 2.7262, 20.6640
53.8800, 6.39e-05, 5944.1327, 60.7005, 2.7264, 20.6540
53.8850, 5.08e-05, 5944.2264, 60.6793, 2.7265, 20.6439
53.8900, 5.01e-05, 5944.3201, 60.6582, 2.7266, 20.6338
53.8950, 5.19e-05, 5944.4138, 60.6370, 2.7268, 20.6237
53.9000, 5.99e-05, 5944.5073, 60.6158, 2.7269, 20.6135
53.9050, 0.0001105, 5944.6007, 60.5947, 2.7270, 20.6033
53.9100, 9.66e-05, 5944.6941, 60.5735, 2.7272, 20.5930
53.9150, 9.02e-05, 5944.7873, 60.5524, 2.7273, 20.5827
53.9200, 8.2e-05, 5944.8805, 60.5313, 2.7274, 20.5723
53.9250, 8.1e-05, 5944.9736, 60.5102, 2.7276, 20.5619
53.9300, 8.8e-05, 5945.0666, 60.4891, 2.7277, 20.5515
53.9350, 8.76e-05, 5945.1595, 60.4681, 2.7278, 20.5410
53.9400, 8.37e-05, 5945.2524, 60.4470, 2.7280, 20.5304
53.9450, 8.37e-05, 5945.3451, 60.4259, 2.7281, 20.5198
53.9500, 9.26e-05, 5945.4377, 60.4049, 2.7282, 20.5092
53.9550, 5.38e-05, 5945.5303, 60.3839, 2.7284, 20.4986
53.9600, 5.18e-05, 5945.6228, 60.3629, 2.7285, 20.4879
53.9650, 5.15e-05, 5945.7152, 60.3419, 2.7287, 20.4771
53.9700, 5.29e-05, 5945.8075, 60.3209, 2.7288, 20.4663
53.9750, 5.06e-05, 5945.8997, 60.2999, 2.7289, 20.4555
53.9800, 5.03e-05, 5945.9918, 60.2790, 2.7291, 20.4446
53.9850, 5.07e-05, 5946.0838, 60.2580, 2.7292, 20.4337
53.9900, 5.25e-05, 5946.1758, 60.2371, 2.7293, 20.4227
53.9950, 5.05e-05, 5946.2676, 60.2162, 2.7295, 20.4117
54.0000, 5.04e-05, 5946.3594, 60.1953, 2.7296, 20.4007
54.0050, 5.04e-05, 5946.4510, 60.1744, 2.7297, 20.3896
54.0100, 5.26e-05, 5946.5426, 60.1535, 2.7299, 20.3784
54.0150, 5.07e-05, 5946.6341, 60.1326, 2.7300, 20.3672
54.0200, 5.04e-05, 5946.7255, 60.1118, 2.7301, 20.3560
54.0250, 5.23e-05, 5946.8168, 60.0910, 2.7303, 20.3448
54.0300, 6.46e-05, 5946.9080, 60.0701, 2.7304, 20.3335
54.0350, 5.15e-05, 5946.9992, 60.0493, 2.7305, 20.3221
54.0400, 5.07e-05, 5947.0902, 60.0285, 2.7307, 20.3107
54.0450, 5.23e-05, 5947.1811, 60.0077, 2.7308, 20.2993
54.0500, 5.03e-05, 5947.2720, 59.9870, 2.7310, 20.2878
54.0550, 5.02e-05, 5947.3627, 59.9662, 2.7311, 20.2763
54.0600, 5.02e-05, 5947.4534, 59.9455, 2.7312, 20.2647
54.0650, 5.24e-05, 5947.5440, 59.9247, 2.7314, 20.2531
54.0700, 5e-05, 5947.6345, 59.9040, 2.7315, 20.2415
54.0750, 4.99e-05, 5947.7249, 59.8833, 2.7316, 20.2298
54.0800, 6.52e-05, 5947.8152, 59.8626, 2.7318, 20.2180
54.0850, 5.29e-05, 5947.9054, 59.8419, 2.7319, 20.2063
54.0900, 5e-05, 5947.9955, 59.8213, 2.7320, 20.1944
54.0950, 5.04e-05, 5948.0855, 59.8006, 2.7322, 20.1826
54.1000, 5.2e-05, 5948.1754, 59.7800, 2.7323, 20.1707
54.1050, 5.03e-05, 5948.2653, 59.7594, 2.7324, 20.1587
54.1100, 5.04e-05, 5948.3550, 59.7388, 2.7326, 20.1467
54.1150, 6.99e-05, 5948.4446, 59.7182, 2.7327, 20.1347
54.1200, 5.52e-05, 5948.5342, 59.6976, 2.7329, 20.1226
54.1250, 5.21e-05, 5948.6237, 59.6770, 2.7330, 20.1105
54.1300, 5.02e-05, 5948.7130, 59.6565, 2.7331, 20.0984
54.1350, 5.01e-05, 5948.8023, 59.6359, 2.7333, 20.0861
54.1400, 5.24e-05, 5948.8915, 59.6154, 2.7334, 20.0739
54.1450, 4.99e-05, 5948.9805, 59.5949, 2.7335, 20.0616
54.1500, 5.02e-05, 5949.0695, 59.5744, 2.7337, 20.0493
54.1550, 5.47e-05, 5949.1584, 59.5539, 2.7338, 20.0369
54.1600, 5.05e-05, 5949.2472, 59.5335, 2.7339, 20.0245
54.1650, 5.01e-05, 5949.3359, 59.5130, 2.7341, 20.0120
54.1700, 5.04e-05, 5949.4245, 59.4926, 2.7342, 19.9995
54.1750, 5.25e-05, 5949.5130, 59.4722, 2.7344, 19.9870
54.1800, 5.02e-05, 5949.6015, 59.4517, 2.7345, 19.9744
54.1850, 5.05e-05, 5949.6898, 59.4313, 2.7346, 19.9618
54.1900, 5.29e-05, 5949.7780, 59.4110, 2.7348, 19.9491
54.1950, 6.53e-05, 5949.8661, 59.3906, 2.7349, 19.9364
54.2000, 5.05e-05, 5949.9542, 59.3702, 2.7350, 19.9237
54.2050, 5.04e-05, 5950.0421, 59.3499, 2.7352, 19.9109
54.2100, 5.19e-05, 5950.1299, 59.3296, 2.7353, 19.8980
54.2150, 5.02e-05, 5950.2177, 59.3093, 2.7354, 19.8851
54.2200, 4.99e-05, 5950.3053, 59.2890, 2.7356, 19.8722
54.2250, 5.23e-05, 5950.3929, 59.2687, 2.7357, 19.8593
54.2300, 5.23e-05, 5950.4803, 59.2484, 2.7358, 19.8462
54.2350, 5e-05, 5950.5677, 59.2282, 2.7360, 19.8332
54.2400, 5e-05, 5950.6549, 59.2079, 2.7361, 19.8201
54.2450, 5e-05, 5950.7421, 59.1877, 2.7363, 19.8070
54.2500, 5.23e-05, 5950.8291, 59.1675, 2.7364, 19.7938
54.2550, 4.97e-05, 5950.9161, 59.1473, 2.7365, 19.7806
54.2600, 6.14e-05, 5951.0030, 59.1271, 2.7367, 19.7673
54.2650, 5.22e-05, 5951.0897, 59.1070, 2.7368, 19.7540
54.2700, 5e-05, 5951.1764, 59.0868, 2.7369, 19.7407
54.2750, 6.73e-05, 5951.2630, 59.0667, 2.7371, 19.7273
54.2800, 5.22e-05, 5951.3494, 59.0466, 2.7372, 19.7138
54.2850, 5.27e-05, 5951.4358, 59.0265, 2.7373, 19.7004
54.2900, 4.96e-05, 5951.5221, 59.0064, 2.7375, 19.6869
54.2950, 6.26e-05, 5951.6083, 58.9863, 2.7376, 19.6733
54.3000, 5.01e-05, 5951.6943, 58.9663, 2.7378, 19.6597
54.3050, 5.22e-05, 5951.7803, 58.9462, 2.7379, 19.6461
54.3100, 4.97e-05, 5951.8662, 58.9262, 2.7380, 19.6324
54.3150, 4.98e-05, 5951.9520, 58.9062, 2.7382, 19.6187
54.3200, 4.99e-05, 5952.0376, 58.8862, 2.7383, 19.6049
54.3250, 5.19e-05, 5952.1232, 58.8662, 2.7384, 19.5911
54.3300, 6.14e-05, 5952.2087, 58.8462, 2.7386, 19.5772
54.3350, 5.03e-05, 5952.2941, 58.8263, 2.7387, 19.5634
54.3400, 5.24e-05, 5952.3793, 58.8064, 2.7388, 19.5494
54.3450, 4.99e-05, 5952.4645, 58.7864, 2.7390, 19.5354
54.3500, 5e-05, 5952.5496, 58.7665, 2.7391, 19.5214
54.3550, 4.98e-05, 5952.6346, 58.7466, 2.7393, 19.5074
54.3600, 6.44e-05, 5952.7194, 58.7268, 2.7394, 19.4933
54.3650, 6.23e-05, 5952.8042, 58.7069, 2.7395, 19.4791
54.3700, 5.05e-05, 5952.8889, 58.6871, 2.7397, 19.4649
54.3750, 5e-05, 5952.9734, 58.6672, 2.7398, 19.4507
54.3800, 5.21e-05, 5953.0579, 58.6474, 2.7399, 19.4365
54.3850, 5.58e-05, 5953.1423, 58.6276, 2.7401, 19.4221
54.3900, 5.11e-05, 5953.2265, 58.6078, 2.7402, 19.4078
54.3950, 5.3e-05, 5953.3107, 58.5881, 2.7403, 19.3934
54.4000, 5.27e-05, 5953.3947, 58.5683, 2.7405, 19.3790
54.4050, 5.03e-05, 5953.4787, 58.5486, 2.7406, 19.3645
54.4100, 5.05e-05, 5953.5626, 58.5289, 2.7408, 19.3500
54.4150, 5.23e-05, 5953.6463, 58.5092, 2.7409, 19.3354
54.4200, 5e-05, 5953.7300, 58.4895, 2.7410, 19.3208
54.4250, 5.01e-05, 5953.8135, 58.4698, 2.7412, 19.3062
54.4300, 5.02e-05, 5953.8969, 58.4502, 2.7413, 19.2915
54.4350, 8.36e-05, 5953.9803, 58.4305, 2.7414, 19.2768
54.4400, 5.43e-05, 5954.0635, 58.4109, 2.7416, 19.2620
54.4450, 5.01e-05, 5954.1467, 58.3913, 2.7417, 19.2472
54.4500, 4.99e-05, 5954.2297, 58.3717, 2.7418, 19.2323
54.4550, 5.22e-05, 5954.3126, 58.3521, 2.7420, 19.2174
54.4600, 4.97e-05, 5954.3954, 58.3326, 2.7421, 19.2025
54.4650, 4.99e-05, 5954.4781, 58.3130, 2.7423, 19.1875
54.4700, 5.49e-05, 5954.5608, 58.2935, 2.7424, 19.1725
54.4750, 5.02e-05, 5954.6433, 58.2740, 2.7425, 19.1575
54.4800, 5.05e-05, 5954.7257, 58.2545, 2.7427, 19.1424
54.4850, 4.96e-05, 5954.8080, 58.2350, 2.7428, 19.1272
54.4900, 5.19e-05, 5954.8902, 58.2156, 2.7429, 19.1120
54.4950, 5e-05, 5954.9723, 58.1961, 2.7431, 19.0968
54.5000, 5e-05, 5955.0542, 58.1767, 2.7432, 19.0815
54.5050, 6.21e-05, 5955.1361, 58.1573, 2.7433, 19.0662
54.5100, 5.23e-05, 5955.2179, 58.1379, 2.7435, 19.0509
54.5150, 4.98e-05, 5955.2996, 58.1185, 2.7436, 19.0355
54.5200, 5.37e-05, 5955.3811, 58.0991, 2.7438, 19.0201
54.5250, 5.27e-05, 5955.4626, 58.0798, 2.7439, 19.0046
54.5300, 5e-05, 5955.5440, 58.0605, 2.7440, 18.9891
54.5350, 4.98e-05, 5955.6252, 58.0411, 2.7442, 18.9735
54.5400, 6.22e-05, 5955.7063, 58.0219, 2.7443, 18.9579
54.5450, 5.27e-05, 5955.7874, 58.0026, 2.7444, 18.9423
54.5500, 5.01e-05, 5955.8683, 57.9833, 2.7446, 18.9266
54.5550, 4.99e-05, 5955.9491, 57.9641, 2.7447, 18.9109
54.5600, 4.99e-05, 5956.0298, 57.9448, 2.7448, 18.8951
54.5650, 5.2e-05, 5956.1105, 57.9256, 2.7450, 18.8793
54.5700, 5.01e-05, 5956.1910, 57.9064, 2.7451, 18.8635
54.5750, 6.16e-05, 5956.2714, 57.8872, 2.7452, 18.8476
54.5800, 5.07e-05, 5956.3516, 57.8681, 2.7454, 18.8317
54.5850, 5.23e-05, 5956.4318, 57.8489, 2.7455, 18.8157
54.5900, 5.02e-05, 5956.5119, 57.8298, 2.7457, 18.7997
54.5950, 5.01e-05, 5956.5919, 57.8107, 2.7458, 18.7837
54.6000, 8.45e-05, 5956.6717, 57.7916, 2.7459, 18.7676
54.6050, 5.24e-05, 5956.7515, 57.7725, 2.7461, 18.7515
54.6100, 6.31e-05, 5956.8311, 57.7535, 2.7462, 18.7353
54.6150, 5.05e-05, 5956.9106, 57.7344, 2.7463, 18.7191
54.6200, 5.18e-05, 5956.9901, 57.7154, 2.7465, 18.7028
54.6250, 5.04e-05, 5957.0694, 57.6964, 2.7466, 18.6865
54.6300, 5.08e-05, 5957.1486, 57.6774, 2.7467, 18.6702
54.6350, 5.04e-05, 5957.2277, 57.6584, 2.7469, 18.6538
54.6400, 8.83e-05, 5957.3067, 57.6394, 2.7470, 18.6374
54.6450, 5.42e-05, 5957.3856, 57.6205, 2.7471, 18.6209
54.6500, 5.13e-05, 5957.4644, 57.6016, 2.7473, 18.6044
54.6550, 5.36e-05, 5957.5430, 57.5827, 2.7474, 18.5879
54.6600, 5.02e-05, 5957.6216, 57.5638, 2.7475, 18.5713
54.6650, 5.01e-05, 5957.7000, 57.5449, 2.7477, 18.5547
54.6700, 5e-05, 5957.7784, 57.5261, 2.7478, 18.5381
54.6750, 7.89e-05, 5957.8566, 57.5072, 2.7480, 18.5214
54.6800, 5.34e-05, 5957.9347, 57.4884, 2.7481, 18.5046
54.6850, 5.06e-05, 5958.0127, 57.4696, 2.7482, 18.4878
54.6900, 5.01e-05, 5958.0906, 57.4508, 2.7484, 18.4710
54.6950, 5.24e-05, 5958.1684, 57.4320, 2.7485, 18.4541
54.7000, 5.01e-05, 5958.2461, 57.4133, 2.7486, 18.4372
54.7050, 4.99e-05, 5958.3237, 57.3946, 2.7488, 18.4203
54.7100, 6.38e-05, 5958.4011, 57.3759, 2.7489, 18.4033
54.7150, 5.15e-05, 5958.4785, 57.3572, 2.7490, 18.3863
54.7200, 5.03e-05, 5958.5557, 57.3385, 2.7492, 18.3692
54.7250, 4.99e-05, 5958.6328, 57.3198, 2.7493, 18.3521
54.7300, 5.2e-05, 5958.7098, 57.3012, 2.7494, 18.3350
54.7350, 5.03e-05, 5958.7867, 57.2825, 2.7496, 18.3178
54.7400, 4.97e-05, 5958.8635, 57.2639, 2.7497, 18.3005
54.7450, 6.05e-05, 5958.9402, 57.2453, 2.7498, 18.2833
54.7500, 5.38e-05, 5959.0168, 57.2268, 2.7500, 18.2660
54.7550, 5e-05, 5959.0933, 57.2082, 2.7501, 18.2486
54.7600, 6.94e-05, 5959.1696, 57.1897, 2.7502, 18.2312
54.7650, 5.08e-05, 5959.2458, 57.1712, 2.7504, 18.2138
54.7700, 5.23e-05, 5959.3220, 57.1527, 2.7505, 18.1963
54.7750, 5.02e-05, 5959.3980, 57.1342, 2.7506, 18.1788
54.7800, 6.16e-05, 5959.4739, 57.1157, 2.7508, 18.1613
54.7850, 5.37e-05, 5959.5497, 57.0973, 2.7509, 18.1437
54.7900, 5.05e-05, 5959.6253, 57.0789, 2.7510, 18.1260
54.7950, 5.01e-05, 5959.7009, 57.0604, 2.7512, 18.1084
54.8000, 5.02e-05, 5959.7763, 57.0421, 2.7513, 18.0907
54.8050, 5.22e-05, 5959.8517, 57.0237, 2.7515, 18.0729
54.8100, 5.05e-05, 5959.9269, 57.0053, 2.7516, 18.0551
54.8150, 6.06e-05, 5960.0020, 56.9870, 2.7517, 18.0373
54.8200, 5.17e-05, 5960.0770, 56.9687, 2.7519, 18.0194
54.8250, 5.24e-05, 5960.1519, 56.9504, 2.7520, 18.0015
54.8300, 5.04e-05, 5960.2267, 56.9321, 2.7521, 17.9836
54.8350, 5.03e-05, 5960.3013, 56.9138, 2.7523, 17.9656
54.8400, 7.32e-05, 5960.3759, 56.8956, 2.7524, 17.9475
54.8450, 5.23e-05, 5960.4503, 56.8774, 2.7525, 17.9295
54.8500, 6.17e-05, 5960.5246, 56.8591, 2.7527, 17.9113
54.8550, 5.15e-05, 5960.5988, 56.8410, 2.7528, 17.8932
54.8600, 5.22e-05, 5960.6729, 56.8228, 2.7529, 17.8750
54.8650, 5.03e-05, 5960.7469, 56.8046, 2.7531, 17.8568
54.8700, 5.03e-05, 5960.8207, 56.7865, 2.7532, 17.8385
54.8750, 4.99e-05, 5960.8945, 56.7684, 2.7533, 17.8202
54.8800, 5.21e-05, 5960.9681, 56.7503, 2.7535, 17.8018
54.8850, 6.1e-05, 5961.0416, 56.7322, 2.7536, 17.7834
54.8900, 5.16e-05, 5961.1150, 56.7142, 2.7537, 17.7650
54.8950, 5.03e-05, 5961.1883, 56.6961, 2.7539, 17.7465
54.9000, 5.25e-05, 5961.2615, 56.6781, 2.7540, 17.7280
54.9050, 5.02e-05, 5961.3345, 56.6601, 2.7541, 17.7095
54.9100, 5.01e-05, 5961.4074, 56.6421, 2.7542, 17.6909
54.9150, 5.21e-05, 5961.4803, 56.6241, 2.7544, 17.6723
54.9200, 7.65e-05, 5961.5530, 56.6062, 2.7545, 17.6536
54.9250, 5.46e-05, 5961.6256, 56.5883, 2.7546, 17.6349
54.9300, 5.05e-05, 5961.6980, 56.5704, 2.7548, 17.6161
54.9350, 5.28e-05, 5961.7704, 56.5525, 2.7549, 17.5974
54.9400, 4.98e-05, 5961.8427, 56.5346, 2.7550, 17.5785
54.9450, 5.01e-05, 5961.9148, 56.5168, 2.7552, 17.5597
54.9500, 4.97e-05, 5961.9868, 56.4989, 2.7553, 17.5408
54.9550, 7.43e-05, 5962.0587, 56.4811, 2.7554, 17.5218
54.9600, 5.15e-05, 5962.1305, 56.4633, 2.7556, 17.5028
54.9650, 5.02e-05, 5962.2021, 56.4456, 2.7557, 17.4838
54.9700, 5.23e-05, 5962.2737, 56.4278, 2.7558, 17.4647
54.9750, 5.02e-05, 5962.3451, 56.4101, 2.7560, 17.4456
54.9800, 4.99e-05, 5962.4164, 56.3923, 2.7561, 17.4265
54.9850, 4.98e-05, 5962.4876, 56.3747, 2.7562, 17.4073
54.9900, 6.27e-05, 5962.5587, 56.3570, 2.7564, 17.3881
54.9950, 5.13e-05, 5962.6297, 56.3393, 2.7565, 17.3688
55.0000, 4.99e-05, 5962.7005, 56.3217, 2.7566, 17.3495
55.0050, 6.24e-05, 5962.7712, 56.3041, 2.7568, 17.3302
55.0100, 5.25e-05, 5962.8418, 56.2865, 2.7569, 17.3108
55.0150, 4.97e-05, 5962.9123, 56.2689, 2.7570, 17.2914
55.0200, 5e-05, 5962.9827, 56.2513, 2.7571, 17.2719
55.0250, 6.35e-05, 5963.0530, 56.2338, 2.7573, 17.2524
55.0300, 5.2e-05, 5963.1231, 56.2163, 2.7574, 17.2329
55.0350, 5.06e-05, 5963.1931, 56.1988, 2.7575, 17.2133
55.0400, 4.99e-05, 5963.2630, 56.1813, 2.7577, 17.1937
55.0450, 5.22e-05, 5963.3328, 56.1638, 2.7578, 17.1741
55.0500, 4.99e-05, 5963.4025, 56.1464, 2.7579, 17.1544
55.0550, 4.95e-05, 5963.4720, 56.1290, 2.7581, 17.1347
55.0600, 6e-05, 5963.5414, 56.1116, 2.7582, 17.1149
55.0650, 5.38e-05, 5963.6107, 56.0942, 2.7583, 17.0951
55.0700, 5e-05, 5963.6799, 56.0768, 2.7585, 17.0752
55.0750, 5.02e-05, 5963.7490, 56.0595, 2.7586, 17.0553
55.0800, 5e-05, 5963.8180, 56.0421, 2.7587, 17.0354
55.0850, 0.0001204, 5963.8868, 56.0248, 2.7588, 17.0155
55.0900, 0.0001029, 5963.9555, 56.0076, 2.7590, 16.9955
55.0950, 5.78e-05, 5964.0241, 55.9903, 2.7591, 16.9754
55.1000, 5.4e-05, 5964.0926, 55.9730, 2.7592, 16.9553
55.1050, 5.12e-05, 5964.1609, 55.9558, 2.7594, 16.9352
55.1100, 5.06e-05, 5964.2292, 55.9386, 2.7595, 16.9151
55.1150, 5.46e-05, 5964.2973, 55.9214, 2.7596, 16.8949
55.1200, 5.28e-05, 5964.3653, 55.9043, 2.7597, 16.8746
55.1250, 6.43e-05, 5964.4331, 55.8871, 2.7599, 16.8544
55.1300, 5.14e-05, 5964.5009, 55.8700, 2.7600, 16.8341
55.1350, 5.06e-05, 5964.5685, 55.8529, 2.7601, 16.8137
55.1400, 5.24e-05, 5964.6360, 55.8358, 2.7603, 16.7933
55.1450, 5.07e-05, 5964.7034, 55.8188, 2.7604, 16.7729
55.1500, 5.05e-05, 5964.7707, 55.8017, 2.7605, 16.7524
55.1550, 6.53e-05, 5964.8378, 55.7847, 2.7606, 16.7319
55.1600, 6.49e-05, 5964.9049, 55.7677, 2.7608, 16.7114
55.1650, 5.13e-05, 5964.9718, 55.7507, 2.7609, 16.6908
55.1700, 5.03e-05, 5965.0386, 55.7338, 2.7610, 16.6702
55.1750, 5.28e-05, 5965.1052, 55.7168, 2.7612, 16.6495
55.1800, 5.05e-05, 5965.1718, 55.6999, 2.7613, 16.6289
55.1850, 5.05e-05, 5965.2382, 55.6830, 2.7614, 16.6081
55.1900, 5.02e-05, 5965.3045, 55.6661, 2.7615, 16.5873
55.1950, 6.45e-05, 5965.3707, 55.6493, 2.7617, 16.5665
55.2000, 5.09e-05, 5965.4368, 55.6324, 2.7618, 16.5457
55.2050, 5.04e-05, 5965.5027, 55.6156, 2.7619, 16.5248
55.2100, 4.98e-05, 5965.5685, 55.5988, 2.7620, 16.5039
55.2150, 5.24e-05, 5965.6342, 55.5820, 2.7622, 16.4829
55.2200, 5.02e-05, 5965.6998, 55.5653, 2.7623, 16.4619
55.2250, 4.99e-05, 5965.7652, 55.5486, 2.7624, 16.4409
55.2300, 6.34e-05, 5965.8306, 55.5318, 2.7626, 16.4198
55.2350, 7.13e-05, 5965.8958, 55.5151, 2.7627, 16.3987
55.2400, 5.32e-05, 5965.9609, 55.4985, 2.7628, 16.3776
55.2450, 5.05e-05, 5966.0258, 55.4818, 2.7629, 16.3564
55.2500, 5.23e-05, 5966.0907, 55.4652, 2.7631, 16.3351
55.2550, 5.01e-05, 5966.1554, 55.4486, 2.7632, 16.3139
55.2600, 5.06e-05, 5966.2200, 55.4320, 2.7633, 16.2926
55.2650, 6.22e-05, 5966.2844, 55.4154, 2.7634, 16.2712
55.2700, 5.28e-05, 5966.3488, 55.3989, 2.7636, 16.2499
55.2750, 5.01e-05, 5966.4130, 55.3824, 2.7637, 16.2284
55.2800, 4.97e-05, 5966.4771, 55.3659, 2.7638, 16.2070
55.2850, 5.27e-05, 5966.5411, 55.3494, 2.7639, 16.1855
55.2900, 5.02e-05, 5966.6049, 55.3329, 2.7641, 16.1640
55.2950, 5.06e-05, 5966.6687, 55.3165, 2.7642, 16.1424
55.3000, 6.16e-05, 5966.7323, 55.3001, 2.7643, 16.1208
55.3050, 5.32e-05, 5966.7957, 55.2837, 2.7644, 16.0992
55.3100, 5.07e-05, 5966.8591, 55.2673, 2.7646, 16.0775
55.3150, 5.02e-05, 5966.9223, 55.2509, 2.7647, 16.0558
55.3200, 5.87e-05, 5966.9854, 55.2346, 2.7648, 16.0340
55.3250, 5.84e-05, 5967.0484, 55.2183, 2.7649, 16.0122
55.3300, 5.58e-05, 5967.1113, 55.2020, 2.7651, 15.9904
55.3350, 5.35e-05, 5967.1740, 55.1857, 2.7652, 15.9685
55.3400, 5.06e-05, 5967.2366, 55.1695, 2.7653, 15.9466
55.3450, 5.27e-05, 5967.2991, 55.1532, 2.7654, 15.9247
55.3500, 5.02e-05, 5967.3615, 55.1370, 2.7656, 15.9027
55.3550, 5.05e-05, 5967.4237, 55.1209, 2.7657, 15.8807
55.3600, 5.25e-05, 5967.4859, 55.1047, 2.7658, 15.8586
55.3650, 5.02e-05, 5967.5478, 55.0885, 2.7659, 15.8365
55.3700, 5.25e-05, 5967.6097, 55.0724, 2.7660, 15.8144
55.3750, 5.14e-05, 5967.6714, 55.0563, 2.7662, 15.7923
55.3800, 5.24e-05, 5967.7331, 55.0403, 2.7663, 15.7700
55.3850, 5.06e-05, 5967.7945, 55.0242, 2.7664, 15.7478
55.3900, 5e-05, 5967.8559, 55.0082, 2.7665, 15.7255
55.3950, 5.09e-05, 5967.9171, 54.9922, 2.7667, 15.7032
55.4000, 0.0055282, 5967.9783, 54.9762, 2.7668, 15.6809
55.4050, 6.14e-05, 5968.0392, 54.9602, 2.7669, 15.6585
55.4100, 6.07e-05, 5968.1001, 54.9443, 2.7670, 15.6361
55.4150, 5.23e-05, 5968.1608, 54.9283, 2.7671, 15.6136
55.4200, 4.92e-05, 5968.2215, 54.9124, 2.7673, 15.5911
55.4250, 4.86e-05, 5968.2819, 54.8965, 2.7674, 15.5686
55.4300, 5.92e-05, 5968.3423, 54.8807, 2.7675, 15.5460
55.4350, 5.26e-05, 5968.4025, 54.8649, 2.7676, 15.5234
55.4400, 5.89e-05, 5968.4626, 54.8490, 2.7678, 15.5008
55.4450, 4.95e-05, 5968.5226, 54.8332, 2.7679, 15.4781
55.4500, 4.86e-05, 5968.5825, 54.8175, 2.7680, 15.4554
55.4550, 5.08e-05, 5968.6422, 54.8017, 2.7681, 15.4326
55.4600, 4.88e-05, 5968.7018, 54.7860, 2.7682, 15.4098
55.4650, 6.34e-05, 5968.7612, 54.7703, 2.7684, 15.3870
55.4700, 5.19e-05, 5968.8206, 54.7546, 2.7685, 15.3641
55.4750, 5.62e-05, 5968.8798, 54.7390, 2.7686, 15.3412
55.4800, 4.86e-05, 5968.9389, 54.7233, 2.7687, 15.3183
55.4850, 4.89e-05, 5968.9979, 54.7077, 2.7688, 15.2953
55.4900, 5.06e-05, 5969.0567, 54.6921, 2.7690, 15.2723
55.4950, 4.85e-05, 5969.1154, 54.6765, 2.7691, 15.2493
55.5000, 5.94e-05, 5969.1740, 54.6610, 2.7692, 15.2262
55.5050, 5e-05, 5969.2324, 54.6455, 2.7693, 15.2031
55.5100, 5.1e-05, 5969.2908, 54.6300, 2.7694, 15.1799
55.5150, 4.92e-05, 5969.3490, 54.6145, 2.7695, 15.1567
55.5200, 4.88e-05, 5969.4070, 54.5990, 2.7697, 15.1335
55.5250, 7.32e-05, 5969.4650, 54.5836, 2.7698, 15.1102
55.5300, 5.57e-05, 5969.5228, 54.5682, 2.7699, 15.0869
55.5350, 6.06e-05, 5969.5805, 54.5528, 2.7700, 15.0636
55.5400, 5.08e-05, 5969.6380, 54.5374, 2.7701, 15.0402
55.5450, 5.17e-05, 5969.6955, 54.5221, 2.7703, 15.0168
55.5500, 4.95e-05, 5969.7528, 54.5067, 2.7704, 14.9934
55.5550, 4.93e-05, 5969.8099, 54.4914, 2.7705, 14.9699
55.5600, 4.87e-05, 5969.8670, 54.4761, 2.7706, 14.9464
55.5650, 5.05e-05, 5969.9239, 54.4609, 2.7707, 14.9229
55.5700, 5.9e-05, 5969.9807, 54.4457, 2.7708, 14.8993
55.5750, 4.99e-05, 5970.0374, 54.4304, 2.7710, 14.8756
55.5800, 4.84e-05, 5970.0939, 54.4153, 2.7711, 14.8520
55.5850, 5.09e-05, 5970.1503, 54.4001, 2.7712, 14.8283
55.5900, 4.88e-05, 5970.2066, 54.3849, 2.7713, 14.8046
55.5950, 4.9e-05, 5970.2627, 54.3698, 2.7714, 14.7808
55.6000, 5.09e-05, 5970.3187, 54.3547, 2.7715, 14.7570
55.6050, 6.99e-05, 5970.3746, 54.3397, 2.7716, 14.7332
55.6100, 5.71e-05, 5970.4304, 54.3246, 2.7718, 14.7093
55.6150, 5.4e-05, 5970.4860, 54.3096, 2.7719, 14.6854
55.6200, 5.64e-05, 5970.5415, 54.2946, 2.7720, 14.6614
55.6250, 5.4e-05, 5970.5969, 54.2796, 2.7721, 14.6375
55.6300, 5.37e-05, 5970.6521, 54.2646, 2.7722, 14.6135
55.6350, 6.5e-05, 5970.7072, 54.2497, 2.7723, 14.5894
55.6400, 5.28e-05, 5970.7622, 54.2348, 2.7725, 14.5653
55.6450, 5e-05, 5970.8170, 54.2199, 2.7726, 14.5412
55.6500, 4.95e-05, 5970.8717, 54.2050, 2.7727, 14.5171
55.6550, 6.22e-05, 5970.9263, 54.1902, 2.7728, 14.4929
55.6600, 5.23e-05, 5970.9808, 54.1754, 2.7729, 14.4686
55.6650, 4.88e-05, 5971.0351, 54.1606, 2.7730, 14.4444
55.6700, 6.03e-05, 5971.0893, 54.1458, 2.7731, 14.4201
55.6750, 5.23e-05, 5971.1434, 54.1310, 2.7732, 14.3958
55.6800, 4.88e-05, 5971.1973, 54.1163, 2.7734, 14.3714
55.6850, 6.98e-05, 5971.2511, 54.1016, 2.7735, 14.3470
55.6900, 5.4e-05, 5971.3048, 54.0869, 2.7736, 14.3226
55.6950, 5.14e-05, 5971.3583, 54.0723, 2.7737, 14.2981
55.7000, 4.84e-05, 5971.4118, 54.0576, 2.7738, 14.2736
55.7050, 6.17e-05, 5971.4650, 54.0430, 2.7739, 14.2490
55.7100, 4.94e-05, 5971.5182, 54.0284, 2.7740, 14.2245
55.7150, 5.07e-05, 5971.5712, 54.0139, 2.7741, 14.1999
55.7200, 7.33e-05, 5971.6241, 53.9993, 2.7742, 14.1752
55.7250, 5.03e-05, 5971.6769, 53.9848, 2.7744, 14.1505
55.7300, 5.27e-05, 5971.7295, 53.9703, 2.7745, 14.1258
55.7350, 5.07e-05, 5971.7820, 53.9558, 2.7746, 14.1011
55.7400, 6.21e-05, 5971.8343, 53.9414, 2.7747, 14.0763
55.7450, 5.08e-05, 5971.8866, 53.9270, 2.7748, 14.0515
55.7500, 5.27e-05, 5971.9387, 53.9126, 2.7749, 14.0266
55.7550, 5.08e-05, 5971.9906, 53.8982, 2.7750, 14.0017
55.7600, 5.06e-05, 5972.0425, 53.8838, 2.7751, 13.9768
55.7650, 6.63e-05, 5972.0942, 53.8695, 2.7752, 13.9519
55.7700, 5.54e-05, 5972.1458, 53.8552, 2.7753, 13.9269
55.7750, 7.42e-05, 5972.1972, 53.8409, 2.7755, 13.9019
55.7800, 5.32e-05, 5972.2485, 53.8267, 2.7756, 13.8768
55.7850, 5.1e-05, 5972.2997, 53.8124, 2.7757, 13.8517
55.7900, 5.31e-05, 5972.3507, 53.7982, 2.7758, 13.8266
55.7950, 5.02e-05, 5972.4016, 53.7840, 2.7759, 13.8014
55.8000, 5.05e-05, 5972.4524, 53.7699, 2.7760, 13.7762
55.8050, 6.39e-05, 5972.5031, 53.7557, 2.7761, 13.7510
55.8100, 5.25e-05, 5972.5536, 53.7416, 2.7762, 13.7257
55.8150, 4.98e-05, 5972.6040, 53.7275, 2.7763, 13.7004
55.8200, 5.07e-05, 5972.6542, 53.7135, 2.7764, 13.6751
55.8250, 5.25e-05, 5972.7043, 53.6994, 2.7765, 13.6497
55.8300, 5.06e-05, 5972.7543, 53.6854, 2.7766, 13.6243
55.8350, 5.01e-05, 5972.8042, 53.6714, 2.7767, 13.5989
55.8400, 5.01e-05, 5972.8539, 53.6574, 2.7768, 13.5734
55.8450, 0.0001389, 5972.9035, 53.6435, 2.7769, 13.5479
55.8500, 5.94e-05, 5972.9529, 53.6296, 2.7770, 13.5224
55.8550, 5.62e-05, 5973.0022, 53.6157, 2.7772, 13.4968
55.8600, 5.77e-05, 5973.0514, 53.6018, 2.7773, 13.4712
55.8650, 5.58e-05, 5973.1005, 53.5879, 2.7774, 13.4456
55.8700, 6.73e-05, 5973.1494, 53.5741, 2.7775, 13.4199
55.8750, 5.29e-05, 5973.1982, 53.5603, 2.7776, 13.3942
55.8800, 5.3e-05, 5973.2468, 53.5465, 2.7777, 13.3685
55.8850, 5.07e-05, 5973.2954, 53.5328, 2.7778, 13.3427
55.8900, 5.03e-05, 5973.3437, 53.5191, 2.7779, 13.3169
55.8950, 5.01e-05, 5973.3920, 53.5053, 2.7780, 13.2911
55.9000, 5.26e-05, 5973.4401, 53.4917, 2.7781, 13.2652
55.9050, 6.13e-05, 5973.4881, 53.4780, 2.7782, 13.2393
55.9100, 5.19e-05, 5973.5359, 53.4644, 2.7783, 13.2134
55.9150, 6.76e-05, 5973.5836, 53.4508, 2.7784, 13.1874
55.9200, 5.78e-05, 5973.6312, 53.4372, 2.7785, 13.1614
55.9250, 5.58e-05, 5973.6787, 53.4236, 2.7786, 13.1354
55.9300, 5.57e-05, 5973.7260, 53.4101, 2.7787, 13.1093
55.9350, 5.76e-05, 5973.7732, 53.3966, 2.7788, 13.0832
55.9400, 5.36e-05, 5973.8202, 53.3831, 2.7789, 13.0571
55.9450, 5.11e-05, 5973.8671, 53.3697, 2.7790, 13.0309
55.9500, 5.05e-05, 5973.9139, 53.3562, 2.7791, 13.0047
55.9550, 5.29e-05, 5973.9605, 53.3428, 2.7792, 12.9785
55.9600, 5e-05, 5974.0070, 53.3294, 2.7793, 12.9522
55.9650, 5.05e-05, 5974.0534, 53.3161, 2.7794, 12.9259
55.9700, 4.99e-05, 5974.0996, 53.3027, 2.7795, 12.8996
55.9750, 5.5e-05, 5974.1457, 53.2894, 2.7796, 12.8732
55.9800, 5.08e-05, 5974.1917, 53.2761, 2.7797, 12.8468
55.9850, 5.02e-05, 5974.2375, 53.2629, 2.7798, 12.8204
55.9900, 5.27e-05, 5974.2832, 53.2496, 2.7799, 12.7939
55.9950, 6.71e-05, 5974.3288, 53.2364, 2.7800, 12.7674
56.0000, 5.26e-05, 5974.3742, 53.2232, 2.7801, 12.7409
56.0050, 5.01e-05, 5974.4195, 53.2101, 2.7802, 12.7144
56.0100, 5.46e-05, 5974.4646, 53.1969, 2.7803, 12.6878
56.0150, 5.02e-05, 5974.5096, 53.1838, 2.7804, 12.6611
56.0200, 4.97e-05, 5974.5545, 53.1707, 2.7805, 12.6345
56.0250, 4.95e-05, 5974.5993, 53.1577, 2.7806, 12.6078
56.0300, 5.18e-05, 5974.6439, 53.1446, 2.7807, 12.5811
56.0350, 4.98e-05, 5974.6884, 53.1316, 2.7808, 12.5543
56.0400, 4.99e-05, 5974.7327, 53.1186, 2.7809, 12.5275
56.0450, 6.35e-05, 5974.7769, 53.1057, 2.7810, 12.5007
56.0500, 5.1e-05, 5974.8210, 53.0927, 2.7810, 12.4739
56.0550, 5e-05, 5974.8649, 53.0798, 2.7811, 12.4470
56.0600, 5.05e-05, 5974.9087, 53.0669, 2.7812, 12.4201
56.0650, 5.2e-05, 5974.9523, 53.0541, 2.7813, 12.3931
56.0700, 4.99e-05, 5974.9959, 53.0412, 2.7814, 12.3661
56.0750, 4.98e-05, 5975.0392, 53.0284, 2.7815, 12.3391
56.0800, 6.46e-05, 5975.0825, 53.0156, 2.7816, 12.3121
56.0850, 5.32e-05, 5975.1256, 53.0029, 2.7817, 12.2850
56.0900, 5.01e-05, 5975.1686, 52.9901, 2.7818, 12.2579
56.0950, 5.02e-05, 5975.2114, 52.9774, 2.7819, 12.2308
56.1000, 5.01e-05, 5975.2541, 52.9647, 2.7820, 12.2036
56.1050, 5.31e-05, 5975.2967, 52.9521, 2.7821, 12.1764
56.1100, 5.02e-05, 5975.3391, 52.9395, 2.7822, 12.1492
56.1150, 6.18e-05, 5975.3814, 52.9268, 2.7823, 12.1219
56.1200, 5.43e-05, 5975.4236, 52.9143, 2.7823, 12.0946
56.1250, 5.03e-05, 5975.4656, 52.9017, 2.7824, 12.0673
56.1300, 5.05e-05, 5975.5074, 52.8892, 2.7825, 12.0399
56.1350, 5.01e-05, 5975.5492, 52.8767, 2.7826, 12.0126
56.1400, 5.25e-05, 5975.5908, 52.8642, 2.7827, 11.9851
56.1450, 5.06e-05, 5975.6323, 52.8517, 2.7828, 11.9577
56.1500, 6.18e-05, 5975.6736, 52.8393, 2.7829, 11.9302
56.1550, 5.08e-05, 5975.7148, 52.8269, 2.7830, 11.9027
56.1600, 7.05e-05, 5975.7558, 52.8145, 2.7831, 11.8751
56.1650, 5.07e-05, 5975.7968, 52.8022, 2.7832, 11.8476
56.1700, 5.02e-05, 5975.8375, 52.7898, 2.7832, 11.8200
56.1750, 5.21e-05, 5975.8782, 52.7775, 2.7833, 11.7923
56.1800, 4.99e-05, 5975.9187, 52.7653, 2.7834, 11.7647
56.1850, 6.23e-05, 5975.9591, 52.7530, 2.7835, 11.7370
56.1900, 5.17e-05, 5975.9993, 52.7408, 2.7836, 11.7092
56.1950, 5.28e-05, 5976.0394, 52.7286, 2.7837, 11.6815
56.2000, 5.02e-05, 5976.0793, 52.7164, 2.7838, 11.6537
56.2050, 5.12e-05, 5976.1192, 52.7043, 2.7839, 11.6259
56.2100, 5e-05, 5976.1588, 52.6921, 2.7839, 11.5980
56.2150, 5.24e-05, 5976.1984, 52.6800, 2.7840, 11.5701
56.2200, 6.08e-05, 5976.2378, 52.6680, 2.7841, 11.5422
56.2250, 5.09e-05, 5976.2770, 52.6559, 2.7842, 11.5143
56.2300, 5.01e-05, 5976.3162, 52.6439, 2.7843, 11.4863
56.2350, 5.26e-05, 5976.3552, 52.6319, 2.7844, 11.4583
56.2400, 6.55e-05, 5976.3940, 52.6200, 2.7844, 11.4303
56.2450, 5.25e-05, 5976.4327, 52.6080, 2.7845, 11.4022
56.2500, 5.23e-05, 5976.4713, 52.5961, 2.7846, 11.3741
56.2550, 6.21e-05, 5976.5097, 52.5842, 2.7847, 11.3460
56.2600, 5.08e-05, 5976.5480, 52.5723, 2.7848, 11.3178
56.2650, 5.04e-05, 5976.5862, 52.5605, 2.7849, 11.2896
56.2700, 5.25e-05, 5976.6242, 52.5487, 2.7849, 11.2614
56.2750, 4.98e-05, 5976.6621, 52.5369, 2.7850, 11.2332
56.2800, 4.98e-05, 5976.6998, 52.5252, 2.7851, 11.2049
56.2850, 4.96e-05, 5976.7374, 52.5134, 2.7852, 11.1766
56.2900, 6.28e-05, 5976.7749, 52.5017, 2.7853, 11.1482
56.2950, 5.18e-05, 5976.8122, 52.4900, 2.7853, 11.1199
56.3000, 5.01e-05, 5976.8494, 52.4784, 2.7854, 11.0915
56.3050, 5.21e-05, 5976.8864, 52.4668, 2.7855, 11.0631
56.3100, 4.97e-05, 5976.9233, 52.4552, 2.7856, 11.0346
56.3150, 5.01e-05, 5976.9601, 52.4436, 2.7857, 11.0061
56.3200, 5.02e-05, 5976.9967, 52.4320, 2.7857, 10.9776
56.3250, 8.07e-05, 5977.0332, 52.4205, 2.7858, 10.9491
56.3300, 5.18e-05, 5977.0695, 52.4090, 2.7859, 10.9205
56.3350, 5.01e-05, 5977.1057, 52.3975, 2.7860, 10.8919
56.3400, 5.01e-05, 5977.1418, 52.3861, 2.7861, 10.8632
56.3450, 5.23e-05, 5977.1777, 52.3747, 2.7861, 10.8346
56.3500, 5.01e-05, 5977.2135, 52.3633, 2.7862, 10.8059
56.3550, 4.99e-05, 5977.2492, 52.3519, 2.7863, 10.7772
56.3600, 6.29e-05, 5977.2847, 52.3406, 2.7864, 10.7484
56.3650, 5.14e-05, 5977.3200, 52.3293, 2.7864, 10.7197
56.3700, 5.05e-05, 5977.3553, 52.3180, 2.7865, 10.6908
56.3750, 4.98e-05, 5977.3903, 52.3067, 2.7866, 10.6620
56.3800, 5.2e-05, 5977.4253, 52.2955, 2.7867, 10.6331
56.3850, 5.01e-05, 5977.4601, 52.2843, 2.7867, 10.6042
56.3900, 5.09e-05, 5977.4948, 52.2731, 2.7868, 10.5753
56.3950, 6.17e-05, 5977.5293, 52.2620, 2.7869, 10.5464
56.4000, 5.48e-05, 5977.5637, 52.2509, 2.7870, 10.5174
56.4050, 6.82e-05, 5977.5979, 52.2398, 2.7870, 10.4884
56.4100, 5.72e-05, 5977.6320, 52.2287, 2.7871, 10.4593
56.4150, 5.64e-05, 5977.6660, 52.2176, 2.7872, 10.4303
56.4200, 5.79e-05, 5977.6998, 52.2066, 2.7873, 10.4012
56.4250, 5.59e-05, 5977.7335, 52.1956, 2.7873, 10.3721
56.4300, 5.29e-05, 5977.7671, 52.1847, 2.7874, 10.3429
56.4350, 5.26e-05, 5977.8005, 52.1737, 2.7875, 10.3137
56.4400, 5.02e-05, 5977.8337, 52.1628, 2.7875, 10.2845
56.4450, 5.06e-05, 5977.8668, 52.1519, 2.7876, 10.2553
56.4500, 5.03e-05, 5977.8998, 52.1411, 2.7877, 10.2260
56.4550, 5.27e-05, 5977.9327, 52.1302, 2.7877, 10.1967
56.4600, 5.03e-05, 5977.9654, 52.1194, 2.7878, 10.1674
56.4650, 6.26e-05, 5977.9979, 52.1087, 2.7879, 10.1380
56.4700, 5.07e-05, 5978.0303, 52.0979, 2.7880, 10.1087
56.4750, 5.2e-05, 5978.0626, 52.0872, 2.7880, 10.0793
56.4800, 5.02e-05, 5978.0947, 52.0765, 2.7881, 10.0498
56.4850, 6.95e-05, 5978.1267, 52.0658, 2.7882, 10.0204
56.4900, 5.31e-05, 5978.1586, 52.0552, 2.7882, 9.9909
56.4950, 5e-05, 5978.1903, 52.0446, 2.7883, 9.9614
56.5000, 5.34e-05, 5978.2219, 52.0340, 2.7884, 9.9318
56.5050, 5.03e-05, 5978.2533, 52.0234, 2.7884, 9.9022
56.5100, 5.24e-05, 5978.2846, 52.0129, 2.7885, 9.8726
56.5150, 5.03e-05, 5978.3157, 52.0024, 2.7886, 9.8430
56.5200, 5e-05, 5978.3467, 51.9919, 2.7886, 9.8134
56.5250, 5.16e-05, 5978.3776, 51.9814, 2.7887, 9.7837
56.5300, 5.25e-05, 5978.4083, 51.9710, 2.7887, 9.7540
56.5350, 5.29e-05, 5978.4389, 51.9606, 2.7888, 9.7242
56.5400, 5.09e-05, 5978.4693, 51.9502, 2.7889, 9.6945
56.5450, 5.04e-05, 5978.4996, 51.9399, 2.7889, 9.6647
56.5500, 5.29e-05, 5978.5298, 51.9296, 2.7890, 9.6348
56.5550, 5.03e-05, 5978.5598, 51.9193, 2.7891, 9.6050
56.5600, 5.05e-05, 5978.5897, 51.9090, 2.7891, 9.5751
56.5650, 8.23e-05, 5978.6194, 51.8988, 2.7892, 9.5452
56.5700, 5.37e-05, 5978.6490, 51.8886, 2.7892, 9.5153
56.5750, 5.66e-05, 5978.6784, 51.8784, 2.7893, 9.4853
56.5800, 5.13e-05, 5978.7077, 51.8682, 2.7894, 9.4554
56.5850, 5.33e-05, 5978.7369, 51.8581, 2.7894, 9.4253
56.5900, 5.08e-05, 5978.7659, 51.8480, 2.7895, 9.3953
56.5950, 5e-05, 5978.7948, 51.8380, 2.7895, 9.3652
56.6000, 6.19e-05, 5978.8235, 51.8279, 2.7896, 9.3352
56.6050, 5.42e-05, 5978.8521, 51.8179, 2.7897, 9.3050
56.6100, 5.1e-05, 5978.8805, 51.8079, 2.7897, 9.2749
56.6150, 4.99e-05, 5978.9088, 51.7979, 2.7898, 9.2447
56.6200, 5.2e-05, 5978.9370, 51.7880, 2.7898, 9.2145
56.6250, 4.99e-05, 5978.9650, 51.7781, 2.7899, 9.1843
56.6300, 5.02e-05, 5978.9929, 51.7682, 2.7900, 9.1541
56.6350, 6.08e-05, 5979.0206, 51.7584, 2.7900, 9.1238
56.6400, 6.99e-05, 5979.0482, 51.7485, 2.7901, 9.0935
56.6450, 5.58e-05, 5979.0757, 51.7387, 2.7901, 9.0632
56.6500, 5.06e-05, 5979.1030, 51.7290, 2.7902, 9.0328
56.6550, 5.04e-05, 5979.1301, 51.7192, 2.7902, 9.0024
56.6600, 5.22e-05, 5979.1572, 51.7095, 2.7903, 8.9720
56.6650, 5.01e-05, 5979.1840, 51.6998, 2.7903, 8.9416
56.6700, 6.16e-05, 5979.2108, 51.6902, 2.7904, 8.9111
56.6750, 5.15e-05, 5979.2374, 51.6805, 2.7904, 8.8807
56.6800, 5.24e-05, 5979.2638, 51.6709, 2.7905, 8.8501
56.6850, 5.13e-05, 5979.2901, 51.6614, 2.7906, 8.8196
56.6900, 4.99e-05, 5979.3163, 51.6518, 2.7906, 8.7890
56.6950, 5.22e-05, 5979.3423, 51.6423, 2.7907, 8.7585
56.7000, 5.01e-05, 5979.3682, 51.6328, 2.7907, 8.7278
56.7050, 6.08e-05, 5979.3939, 51.6233, 2.7908, 8.6972
56.7100, 5.12e-05, 5979.4195, 51.6139, 2.7908, 8.6665
56.7150, 5.22e-05, 5979.4449, 51.6045, 2.7909, 8.6359
56.7200, 4.96e-05, 5979.4702, 51.5951, 2.7909, 8.6051
56.7250, 6.73e-05, 5979.4954, 51.5857, 2.7910, 8.5744
56.7300, 5.7e-05, 5979.5204, 51.5764, 2.7910, 8.5436
56.7350, 5.8e-05, 5979.5453, 51.5671, 2.7911, 8.5129
56.7400, 6.4e-05, 5979.5700, 51.5579, 2.7911, 8.4820
56.7450, 5.06e-05, 5979.5946, 51.5486, 2.7911, 8.4512
56.7500, 5.22e-05, 5979.6190, 51.5394, 2.7912, 8.4203
56.7550, 5.03e-05, 5979.6433, 51.5302, 2.7912, 8.3895
56.7600, 5e-05, 5979.6675, 51.5210, 2.7913, 8.3585
56.7650, 5.01e-05, 5979.6915, 51.5119, 2.7913, 8.3276
56.7700, 5.24e-05, 5979.7153, 51.5028, 2.7914, 8.2966
56.7750, 6.11e-05, 5979.7390, 51.4937, 2.7914, 8.2656
56.7800, 5.17e-05, 5979.7626, 51.4847, 2.7915, 8.2346
56.7850, 4.99e-05, 5979.7861, 51.4757, 2.7915, 8.2036
56.7900, 5.2e-05, 5979.8093, 51.4667, 2.7916, 8.1725
56.7950, 5.02e-05, 5979.8325, 51.4577, 2.7916, 8.1414
56.8000, 5e-05, 5979.8555, 51.4488, 2.7916, 8.1103
56.8050, 7.9e-05, 5979.8783, 51.4399, 2.7917, 8.0792
56.8100, 6.57e-05, 5979.9011, 51.4310, 2.7917, 8.0480
56.8150, 5.1e-05, 5979.9236, 51.4221, 2.7918, 8.0169
56.8200, 5.04e-05, 5979.9460, 51.4133, 2.7918, 7.9857
56.8250, 5.27e-05, 5979.9683, 51.4045, 2.7919, 7.9544
56.8300, 5.02e-05, 5979.9905, 51.3958, 2.7919, 7.9232
56.8350, 5.02e-05, 5980.0124, 51.3870, 2.7919, 7.8919
56.8400, 5.01e-05, 5980.0343, 51.3783, 2.7920, 7.8606
56.8450, 6.51e-05, 5980.0560, 51.3696, 2.7920, 7.8293
56.8500, 5.1e-05, 5980.0775, 51.3610, 2.7921, 7.7979
56.8550, 4.99e-05, 5980.0990, 51.3523, 2.7921, 7.7665
56.8600, 5.02e-05, 5980.1202, 51.3438, 2.7921, 7.7351
56.8650, 5.29e-05, 5980.1413, 51.3352, 2.7922, 7.7037
56.8700, 5.06e-05, 5980.1623, 51.3266, 2.7922, 7.6723
56.8750, 8.98e-05, 5980.1831, 51.3181, 2.7922, 7.6408
56.8800, 7.53e-05, 5980.2038, 51.3096, 2.7923, 7.6093
56.8850, 5.38e-05, 5980.2244, 51.3012, 2.7923, 7.5778
56.8900, 5.16e-05, 5980.2448, 51.2928, 2.7923, 7.5462
56.8950, 5.08e-05, 5980.2650, 51.2844, 2.7924, 7.5147
56.9000, 5.3e-05, 5980.2851, 51.2760, 2.7924, 7.4831
56.9050, 5.08e-05, 5980.3051, 51.2676, 2.7925, 7.4515
56.9100, 6.23e-05, 5980.3249, 51.2593, 2.7925, 7.4198
56.9150, 5.17e-05, 5980.3446, 51.2510, 2.7925, 7.3882
56.9200, 5.26e-05, 5980.3641, 51.2428, 2.7926, 7.3565
56.9250, 5.05e-05, 5980.3835, 51.2346, 2.7926, 7.3248
56.9300, 4.99e-05, 5980.4027, 51.2264, 2.7926, 7.2931
56.9350, 5.24e-05, 5980.4218, 51.2182, 2.7926, 7.2613
56.9400, 5.14e-05, 5980.4408, 51.2100, 2.7927, 7.2296
56.9450, 6.06e-05, 5980.4596, 51.2019, 2.7927, 7.1978
56.9500, 5.16e-05, 5980.4782, 51.1938, 2.7927, 7.1660
56.9550, 5.24e-05, 5980.4967, 51.1858, 2.7928, 7.1341
56.9600, 5.01e-05, 5980.5151, 51.1778, 2.7928, 7.1023
56.9650, 6.87e-05, 5980.5333, 51.1698, 2.7928, 7.0704
56.9700, 5.06e-05, 5980.5514, 51.1618, 2.7929, 7.0385
56.9750, 5.23e-05, 5980.5693, 51.1538, 2.7929, 7.0065
56.9800, 6.14e-05, 5980.5871, 51.1459, 2.7929, 6.9746
56.9850, 5.14e-05, 5980.6047, 51.1380, 2.7929, 6.9426
56.9900, 5.05e-05, 5980.6222, 51.1302, 2.7930, 6.9106
56.9950, 5.25e-05, 5980.6396, 51.1223, 2.7930, 6.8786
57.0000, 5.02e-05, 5980.6568, 51.1145, 2.7930, 6.8466
57.0050, 5.11e-05, 5980.6738, 51.1068, 2.7930, 6.8145
57.0100, 5.21e-05, 5980.6907, 51.0990, 2.7931, 6.7824
57.0150, 6.07e-05, 5980.7075, 51.0913, 2.7931, 6.7503
57.0200, 5.13e-05, 5980.7241, 51.0836, 2.7931, 6.7182
57.0250, 5.02e-05, 5980.7406, 51.0760, 2.7931, 6.6860
57.0300, 5.21e-05, 5980.7569, 51.0683, 2.7932, 6.6539
57.0350, 4.99e-05, 5980.7731, 51.0607, 2.7932, 6.6217
57.0400, 5.01e-05, 5980.7891, 51.0532, 2.7932, 6.5895
57.0450, 0.0001219, 5980.8050, 51.0456, 2.7932, 6.5572
57.0500, 0.0001222, 5980.8208, 51.0381, 2.7933, 6.5250
57.0550, 9.78e-05, 5980.8364, 51.0306, 2.7933, 6.4927
57.0600, 9.89e-05, 5980.8518, 51.0232, 2.7933, 6.4604
57.0650, 0.0001167, 5980.8671, 51.0157, 2.7933, 6.4281
57.0700, 0.0001007, 5980.8823, 51.0083, 2.7933, 6.3958
57.0750, 9.85e-05, 5980.8973, 51.0010, 2.7934, 6.3634
57.0800, 9.86e-05, 5980.9121, 50.9936, 2.7934, 6.3310
57.0850, 0.0001423, 5980.9269, 50.9863, 2.7934, 6.2986
57.0900, 7.3e-05, 5980.9414, 50.9790, 2.7934, 6.2662
57.0950, 5.75e-05, 5980.9559, 50.9718, 2.7934, 6.2337
57.1000, 5.66e-05, 5980.9701, 50.9645, 2.7934, 6.2013
57.1050, 5.85e-05, 5980.9843, 50.9573, 2.7935, 6.1688
57.1100, 6.82e-05, 5980.9983, 50.9502, 2.7935, 6.1363
57.1150, 5.45e-05, 5981.0121, 50.9430, 2.7935, 6.1038
57.1200, 5.37e-05, 5981.0258, 50.9359, 2.7935, 6.0712
57.1250, 5.08e-05, 5981.0393, 50.9288, 2.7935, 6.0386
57.1300, 5.02e-05, 5981.0527, 50.9218, 2.7935, 6.0061
57.1350, 5.03e-05, 5981.0660, 50.9148, 2.7935, 5.9734
57.1400, 5.28e-05, 5981.0791, 50.9078, 2.7936, 5.9408
57.1450, 6.21e-05, 5981.0921, 50.9008, 2.7936, 5.9082
57.1500, 5.18e-05, 5981.1049, 50.8939, 2.7936, 5.8755
57.1550, 5.03e-05, 5981.1175, 50.8870, 2.7936, 5.8428
57.1600, 6.64e-05, 5981.1301, 50.8801, 2.7936, 5.8101
57.1650, 5.09e-05, 5981.1424, 50.8732, 2.7936, 5.7774
57.1700, 5.03e-05, 5981.1547, 50.8664, 2.7936, 5.7446
57.1750, 4.98e-05, 5981.1667, 50.8596, 2.7936, 5.7119
57.1800, 6.39e-05, 5981.1787, 50.8529, 2.7936, 5.6791
57.1850, 5.19e-05, 5981.1904, 50.8461, 2.7937, 5.6463
57.1900, 5.03e-05, 5981.2021, 50.8394, 2.7937, 5.6134
57.1950, 5.24e-05, 5981.2136, 50.8327, 2.7937, 5.5806
57.2000, 5.03e-05, 5981.2249, 50.8261, 2.7937, 5.5477
57.2050, 5.03e-05, 5981.2361, 50.8195, 2.7937, 5.5148
57.2100, 5e-05, 5981.2472, 50.8129, 2.7937, 5.4819
57.2150, 6.26e-05, 5981.2581, 50.8063, 2.7937, 5.4490
57.2200, 5.17e-05, 5981.2688, 50.7998, 2.7937, 5.4161
57.2250, 5.02e-05, 5981.2794, 50.7933, 2.7937, 5.3831
57.2300, 4.96e-05, 5981.2899, 50.7868, 2.7937, 5.3501
57.2350, 5.25e-05, 5981.3002, 50.7804, 2.7937, 5.3171
57.2400, 6.98e-05, 5981.3104, 50.7740, 2.7937, 5.2841
57.2450, 5.36e-05, 5981.3204, 50.7676, 2.7937, 5.2511
57.2500, 6.49e-05, 5981.3303, 50.7612, 2.7937, 5.2180
57.2550, 5.21e-05, 5981.3400, 50.7549, 2.7937, 5.1849
57.2600, 5.06e-05, 5981.3496, 50.7486, 2.7937, 5.1518
57.2650, 5e-05, 5981.3590, 50.7423, 2.7937, 5.1187
57.2700, 5.25e-05, 5981.3683, 50.7361, 2.7937, 5.0856
57.2750, 5.01e-05, 5981.3774, 50.7299, 2.7937, 5.0525
57.2800, 5.01e-05, 5981.3864, 50.7237, 2.7937, 5.0193
57.2850, 6.26e-05, 5981.3953, 50.7176, 2.7937, 4.9861
57.2900, 5.42e-05, 5981.4039, 50.7114, 2.7937, 4.9529
57.2950, 5.05e-05, 5981.4125, 50.7053, 2.7937, 4.9197
57.3000, 5.06e-05, 5981.4209, 50.6993, 2.7937, 4.8864
57.3050, 5.02e-05, 5981.4291, 50.6932, 2.7937, 4.8532
57.3100, 5.35e-05, 5981.4372, 50.6872, 2.7937, 4.8199
57.3150, 5.09e-05, 5981.4452, 50.6813, 2.7937, 4.7866
57.3200, 7.42e-05, 5981.4530, 50.6753, 2.7937, 4.7533
57.3250, 5.48e-05, 5981.4607, 50.6694, 2.7937, 4.7200
57.3300, 5.16e-05, 5981.4682, 50.6635, 2.7937, 4.6866
57.3350, 5.06e-05, 5981.4755, 50.6577, 2.7937, 4.6533
57.3400, 5.02e-05, 5981.4828, 50.6518, 2.7937, 4.6199
57.3450, 5.35e-05, 5981.4898, 50.6460, 2.7937, 4.5865
57.3500, 5.1e-05, 5981.4967, 50.6403, 2.7937, 4.5531
57.3550, 5.37e-05, 5981.5035, 50.6345, 2.7937, 4.5196
57.3600, 5.16e-05, 5981.5101, 50.6288, 2.7937, 4.4862
57.3650, 5.91e-05, 5981.5166, 50.6231, 2.7937, 4.4527
57.3700, 5.1e-05, 5981.5229, 50.6175, 2.7936, 4.4192
57.3750, 5.15e-05, 5981.5291, 50.6118, 2.7936, 4.3857
57.3800, 5.39e-05, 5981.5352, 50.6063, 2.7936, 4.3522
57.3850, 6.23e-05, 5981.5410, 50.6007, 2.7936, 4.3187
57.3900, 5.3e-05, 5981.5468, 50.5952, 2.7936, 4.2851
57.3950, 7.18e-05, 5981.5524, 50.5896, 2.7936, 4.2516
57.4000, 5.63e-05, 5981.5578, 50.5842, 2.7936, 4.2180
57.4050, 5.08e-05, 5981.5631, 50.5787, 2.7936, 4.1844
57.4100, 5.08e-05, 5981.5682, 50.5733, 2.7936, 4.1507
57.4150, 5.03e-05, 5981.5732, 50.5679, 2.7935, 4.1171
57.4200, 6.39e-05, 5981.5781, 50.5626, 2.7935, 4.0835
57.4250, 5.19e-05, 5981.5828, 50.5572, 2.7935, 4.0498
57.4300, 5.02e-05, 5981.5873, 50.5519, 2.7935, 4.0161
57.4350, 5e-05, 5981.5917, 50.5467, 2.7935, 3.9824
57.4400, 5.24e-05, 5981.5960, 50.5414, 2.7935, 3.9487
57.4450, 4.98e-05, 5981.6001, 50.5362, 2.7934, 3.9150
57.4500, 4.99e-05, 5981.6041, 50.5310, 2.7934, 3.8812
57.4550, 6.25e-05, 5981.6079, 50.5259, 2.7934, 3.8474
57.4600, 5.17e-05, 5981.6115, 50.5208, 2.7934, 3.8137
57.4650, 5.05e-05, 5981.6151, 50.5157, 2.7934, 3.7799
57.4700, 5e-05, 5981.6184, 50.5106, 2.7934, 3.7461
57.4750, 5.28e-05, 5981.6216, 50.5056, 2.7933, 3.7122
57.4800, 5.54e-05, 5981.6247, 50.5006, 2.7933, 3.6784
57.4850, 5.06e-05, 5981.6276, 50.4956, 2.7933, 3.6445
57.4900, 6.25e-05, 5981.6304, 50.4906, 2.7933, 3.6106
57.4950, 5.42e-05, 5981.6330, 50.4857, 2.7933, 3.5768
57.5000, 5.05e-05, 5981.6355, 50.4808, 2.7932, 3.5429
57.5050, 5.05e-05, 5981.6378, 50.4760, 2.7932, 3.5089
57.5100, 5.22e-05, 5981.6400, 50.4712, 2.7932, 3.4750
57.5150, 5.01e-05, 5981.6420, 50.4664, 2.7932, 3.4411
57.5200, 5.02e-05, 5981.6439, 50.4616, 2.7931, 3.4071
57.5250, 6.07e-05, 5981.6456, 50.4569, 2.7931, 3.3731
57.5300, 5.4e-05, 5981.6472, 50.4522, 2.7931, 3.3391
57.5350, 5.06e-05, 5981.6486, 50.4475, 2.7931, 3.3051
57.5400, 5.02e-05, 5981.6499, 50.4428, 2.7930, 3.2711
57.5450, 5.03e-05, 5981.6511, 50.4382, 2.7930, 3.2370
57.5500, 5.27e-05, 5981.6520, 50.4336, 2.7930, 3.2030
57.5550, 5.01e-05, 5981.6529, 50.4291, 2.7930, 3.1689
57.5600, 7.96e-05, 5981.6536, 50.4245, 2.7929, 3.1348
57.5650, 5.4e-05, 5981.6541, 50.4200, 2.7929, 3.1007
57.5700, 5.26e-05, 5981.6545, 50.4156, 2.7929, 3.0666
57.5750, 5.01e-05, 5981.6547, 50.4111, 2.7928, 3.0325
57.5800, 5e-05, 5981.6548, 50.4067, 2.7928, 2.9984
57.5850, 5.24e-05, 5981.6548, 50.4023, 2.7928, 2.9642
57.5900, 5.03e-05, 5981.6546, 50.3980, 2.7928, 2.9301
57.5950, 6.03e-05, 5981.6542, 50.3936, 2.7927, 2.8959
57.6000, 5.19e-05, 5981.6537, 50.3894, 2.7927, 2.8617
57.6050, 5.22e-05, 5981.6531, 50.3851, 2.7927, 2.8275
57.6100, 5.06e-05, 5981.6523, 50.3809, 2.7926, 2.7933
57.6150, 4.97e-05, 5981.6513, 50.3767, 2.7926, 2.7590
57.6200, 4.99e-05, 5981.6502, 50.3725, 2.7926, 2.7248
57.6250, 5.25e-05, 5981.6490, 50.3683, 2.7925, 2.6905
57.6300, 5.01e-05, 5981.6476, 50.3642, 2.7925, 2.6562
57.6350, 5.34e-05, 5981.6460, 50.3601, 2.7925, 2.6220
57.6400, 6.28e-05, 5981.6443, 50.3561, 2.7924, 2.5877
57.6450, 5.11e-05, 5981.6425, 50.3521, 2.7924, 2.5533
57.6500, 5.04e-05, 5981.6405, 50.3481, 2.7923, 2.5190
57.6550, 5.02e-05, 5981.6384, 50.3441, 2.7923, 2.4847
57.6600, 5.21e-05, 5981.6361, 50.3402, 2.7923, 2.4503
57.6650, 4.99e-05, 5981.6336, 50.3362, 2.7922, 2.4160
57.6700, 5.23e-05, 5981.6310, 50.3324, 2.7922, 2.3816
57.6750, 5.07e-05, 5981.6283, 50.3285, 2.7921, 2.3472
57.6800, 5.26e-05, 5981.6254, 50.3247, 2.7921, 2.3128
57.6850, 4.99e-05, 5981.6224, 50.3209, 2.7921, 2.2784
57.6900, 5.02e-05, 5981.6192, 50.3172, 2.7920, 2.2439
57.6950, 5.21e-05, 5981.6159, 50.3134, 2.7920, 2.2095
57.7000, 5.01e-05, 5981.6124, 50.3097, 2.7919, 2.1750
57.7050, 6.17e-05, 5981.6087, 50.3061, 2.7919, 2.1406
57.7100, 5.02e-05, 5981.6050, 50.3024, 2.7919, 2.1061
57.7150, 5.21e-05, 5981.6010, 50.2988, 2.7918, 2.0716
57.7200, 5e-05, 5981.5969, 50.2952, 2.7918, 2.0371
57.7250, 6.46e-05, 5981.5927, 50.2917, 2.7917, 2.0026
57.7300, 5.06e-05, 5981.5883, 50.2882, 2.7917, 1.9681
57.7350, 5.21e-05, 5981.5838, 50.2847, 2.7916, 1.9335
57.7400, 6.17e-05, 5981.5791, 50.2812, 2.7916, 1.8990
57.7450, 5.1e-05, 5981.5743, 50.2778, 2.7915, 1.8644
57.7500, 5.04e-05, 5981.5693, 50.2744, 2.7915, 1.8299
57.7550, 5.23e-05, 5981.5642, 50.2710, 2.7914, 1.7953
57.7600, 5.01e-05, 5981.5589, 50.2677, 2.7914, 1.7607
57.7650, 5e-05, 5981.5535, 50.2644, 2.7913, 1.7261
57.7700, 5.22e-05, 5981.5479, 50.2611, 2.7913, 1.6915
57.7750, 6.18e-05, 5981.5422, 50.2578, 2.7912, 1.6568
57.7800, 5.07e-05, 5981.5363, 50.2546, 2.7912, 1.6222
57.7850, 4.99e-05, 5981.5303, 50.2514, 2.7911, 1.5875
57.7900, 5.23e-05, 5981.5241, 50.2483, 2.7911, 1.5529
57.7950, 4.98e-05, 5981.5178, 50.2451, 2.7910, 1.5182
57.8000, 4.98e-05, 5981.5113, 50.2420, 2.7910, 1.4835
57.8050, 5.72e-05, 5981.5047, 50.2389, 2.7909, 1.4488
57.8100, 6.46e-05, 5981.4979, 50.2359, 2.7909, 1.4141
57.8150, 5.11e-05, 5981.4910, 50.2329, 2.7908, 1.3794
57.8200, 5.04e-05, 5981.4839, 50.2299, 2.7908, 1.3447
57.8250, 5.22e-05, 5981.4767, 50.2269, 2.7907, 1.3100
57.8300, 5.18e-05, 5981.4693, 50.2240, 2.7907, 1.2752
57.8350, 4.99e-05, 5981.4618, 50.2211, 2.7906, 1.2405
57.8400, 4.99e-05, 5981.4541, 50.2183, 2.7906, 1.2057
57.8450, 6.3e-05, 5981.4463, 50.2154, 2.7905, 1.1709
57.8500, 5.12e-05, 5981.4383, 50.2126, 2.7904, 1.1361
57.8550, 5.04e-05, 5981.4302, 50.2099, 2.7904, 1.1013
57.8600, 5.06e-05, 5981.4219, 50.2071, 2.7903, 1.0665
57.8650, 5.23e-05, 5981.4135, 50.2044, 2.7903, 1.0317
57.8700, 5.01e-05, 5981.4049, 50.2017, 2.7902, 0.9969
57.8750, 5.01e-05, 5981.3962, 50.1991, 2.7901, 0.9621
57.8800, 6.2e-05, 5981.3873, 50.1964, 2.7901, 0.9272
57.8850, 5.34e-05, 5981.3783, 50.1938, 2.7900, 0.8924
57.8900, 6.52e-05, 5981.3691, 50.1913, 2.7900, 0.8575
57.8950, 5.11e-05, 5981.3598, 50.1887, 2.7899, 0.8226
57.9000, 5.36e-05, 5981.3503, 50.1862, 2.7898, 0.7878
57.9050, 5.02e-05, 5981.3407, 50.1837, 2.7898, 0.7529
57.9100, 5.02e-05, 5981.3310, 50.1813, 2.7897, 0.7180
57.9150, 6.05e-05, 5981.3210, 50.1789, 2.7896, 0.6831
57.9200, 5.32e-05, 5981.3110, 50.1765, 2.7896, 0.6481
57.9250, 5.02e-05, 5981.3007, 50.1741, 2.7895, 0.6132
57.9300, 5.01e-05, 5981.2904, 50.1718, 2.7895, 0.5783
57.9350, 5.01e-05, 5981.2799, 50.1695, 2.7894, 0.5433
57.9400, 5.18e-05, 5981.2692, 50.1672, 2.7893, 0.5084
57.9450, 4.98e-05, 5981.2584, 50.1650, 2.7893, 0.4734
57.9500, 6.03e-05, 5981.2474, 50.1628, 2.7892, 0.4385
57.9550, 5.35e-05, 5981.2363, 50.1606, 2.7891, 0.4035
57.9600, 5.02e-05, 5981.2250, 50.1585, 2.7890, 0.3685
57.9650, 5.01e-05, 5981.2136, 50.1563, 2.7890, 0.3335
57.9700, 6.27e-05, 5981.2020, 50.1543, 2.7889, 0.2985
57.9750, 5.35e-05, 5981.1903, 50.1522, 2.7888, 0.2635
57.9800, 5.02e-05, 5981.1784, 50.1502, 2.7888, 0.2285
57.9850, 6.11e-05, 5981.1664, 50.1482, 2.7887, 0.1935
57.9900, 5.14e-05, 5981.1542, 50.1462, 2.7886, 0.1584
57.9950, 5.25e-05, 5981.1419, 50.1443, 2.7886, 0.1234
58.0000, 5.01e-05, 5981.1294, 50.1424, 2.7885, 0.0883
58.0050, 5.04e-05, 5981.1168, 50.1405, 2.7884, 0.0533
58.0100, 5.21e-05, 5981.1041, 50.1386, 2.7883, 0.0182
58.0150, 5.05e-05, 5981.0911, 50.1368, 2.7883, -0.0168
58.0200, 6.12e-05, 5981.0781, 50.1350, 2.7882, -0.0519
58.0250, 5.17e-05, 5981.0648, 50.1332, 2.7881, -0.0870
58.0300, 5.24e-05, 5981.0515, 50.1315, 2.7880, -0.1221
58.0350, 5.03e-05, 5981.0379, 50.1298, 2.7880, -0.1572
58.0400, 4.99e-05, 5981.0243, 50.1281, 2.7879, -0.1923
58.0450, 5.07e-05, 5981.0105, 50.1265, 2.7878, -0.2274
58.0500, 5.28e-05, 5980.9965, 50.1249, 2.7877, -0.2625
58.0550, 7.71e-05, 5980.9824, 50.1233, 2.7876, -0.2976
58.0600, 5.24e-05, 5980.9681, 50.1218, 2.7876, -0.3328
58.0650, 5.46e-05, 5980.9537, 50.1202, 2.7875, -0.3679
58.0700, 6.3e-05, 5980.9391, 50.1187, 2.7874, -0.4031
58.0750, 5.12e-05, 5980.9244, 50.1173, 2.7873, -0.4382
58.0800, 5.04e-05, 5980.9095, 50.1158, 2.7872, -0.4734
58.0850, 5.27e-05, 5980.8945, 50.1144, 2.7872, -0.5085
58.0900, 6.35e-05, 5980.8793, 50.1131, 2.7871, -0.5437
58.0950, 5.08e-05, 5980.8640, 50.1117, 2.7870, -0.5789
58.1000, 5.03e-05, 5980.8485, 50.1104, 2.7869, -0.6141
58.1050, 5.3e-05, 5980.8329, 50.1091, 2.7868, -0.6492
58.1100, 5.01e-05, 5980.8171, 50.1079, 2.7868, -0.6844
58.1150, 5.01e-05, 5980.8012, 50.1066, 2.7867, -0.7196
58.1200, 4.99e-05, 5980.7851, 50.1054, 2.7866, -0.7548
58.1250, 6.54e-05, 5980.7689, 50.1043, 2.7865, -0.7900
58.1300, 5.83e-05, 5980.7525, 50.1031, 2.7864, -0.8253
58.1350, 5.09e-05, 5980.7360, 50.1020, 2.7863, -0.8605
58.1400, 5.25e-05, 5980.7193, 50.1010, 2.7862, -0.8957
58.1450, 4.99e-05, 5980.7025, 50.0999, 2.7862, -0.9309
58.1500, 4.99e-05, 5980.6855, 50.0989, 2.7861, -0.9662
58.1550, 5.01e-05, 5980.6684, 50.0979, 2.7860, -1.0014
58.1600, 6.5e-05, 5980.6511, 50.0970, 2.7859, -1.0367
58.1650, 5.23e-05, 5980.6337, 50.0960, 2.7858, -1.0719
58.1700, 7.64e-05, 5980.6161, 50.0951, 2.7857, -1.1072
58.1750, 5.83e-05, 5980.5984, 50.0943, 2.7856, -1.1424
58.1800, 5.38e-05, 5980.5805, 50.0934, 2.7855, -1.1777
58.1850, 5.07e-05, 5980.5625, 50.0926, 2.7854, -1.2130
58.1900, 6.34e-05, 5980.5443, 50.0918, 2.7853, -1.2482
58.1950, 5.24e-05, 5980.5260, 50.0911, 2.7853, -1.2835
58.2000, 5.37e-05, 5980.5075, 50.0904, 2.7852, -1.3188
58.2050, 5.08e-05, 5980.4888, 50.0897, 2.7851, -1.3541
58.2100, 0.0001493, 5980.4701, 50.0890, 2.7850, -1.3894
58.2150, 6.01e-05, 5980.4511, 50.0884, 2.7849, -1.4247
58.2200, 6.52e-05, 5980.4321, 50.0878, 2.7848, -1.4600
58.2250, 5.31e-05, 5980.4128, 50.0872, 2.7847, -1.4953
58.2300, 5.12e-05, 5980.3934, 50.0867, 2.7846, -1.5306
58.2350, 5.32e-05, 5980.3739, 50.0862, 2.7845, -1.5659
58.2400, 5.03e-05, 5980.3542, 50.0857, 2.7844, -1.6012
58.2450, 5.05e-05, 5980.3344, 50.0852, 2.7843, -1.6365
58.2500, 4.99e-05, 5980.3144, 50.0848, 2.7842, -1.6718
58.2550, 6.39e-05, 5980.2943, 50.0844, 2.7841, -1.7072
58.2600, 5.25e-05, 5980.2740, 50.0840, 2.7840, -1.7425
58.2650, 5.1e-05, 5980.2536, 50.0837, 2.7839, -1.7778
58.2700, 5.25e-05, 5980.2330, 50.0834, 2.7838, -1.8132
58.2750, 4.99e-05, 5980.2122, 50.0831, 2.7837, -1.8485
58.2800, 5.79e-05, 5980.1914, 50.0829, 2.7836, -1.8838
58.2850, 5.16e-05, 5980.1703, 50.0827, 2.7835, -1.9192
58.2900, 6.34e-05, 5980.1491, 50.0825, 2.7834, -1.9545
58.2950, 5.14e-05, 5980.1278, 50.0823, 2.7833, -1.9899
58.3000, 5.01e-05, 5980.1063, 50.0822, 2.7832, -2.0252
58.3050, 4.99e-05, 5980.0847, 50.0821, 2.7831, -2.0606
58.3100, 5.2e-05, 5980.0629, 50.0820, 2.7830, -2.0959
58.3150, 5e-05, 5980.0409, 50.0820, 2.7829, -2.1313
58.3200, 4.99e-05, 5980.0189, 50.0820, 2.7828, -2.1667
58.3250, 6.07e-05, 5979.9966, 50.0820, 2.7827, -2.2020
58.3300, 5.39e-05, 5979.9742, 50.0821, 2.7826, -2.2374
58.3350, 5.02e-05, 5979.9517, 50.0821, 2.7825, -2.2728
58.3400, 5.03e-05, 5979.9290, 50.0823, 2.7824, -2.3081
58.3450, 5.23e-05, 5979.9062, 50.0824, 2.7823, -2.3435
58.3500, 5.01e-05, 5979.8832, 50.0826, 2.7822, -2.3789
58.3550, 5.1e-05, 5979.8600, 50.0828, 2.7821, -2.4143
58.3600, 6.12e-05, 5979.8367, 50.0830, 2.7819, -2.4496
58.3650, 9.24e-05, 5979.8133, 50.0832, 2.7818, -2.4850
58.3700, 5.3e-05, 5979.7897, 50.0835, 2.7817, -2.5204
58.3750, 5.03e-05, 5979.7660, 50.0838, 2.7816, -2.5558
58.3800, 5.03e-05, 5979.7421, 50.0842, 2.7815, -2.5912
58.3850, 5.24e-05, 5979.7180, 50.0846, 2.7814, -2.6265
58.3900, 5.02e-05, 5979.6938, 50.0850, 2.7813, -2.6619
58.3950, 6.3e-05, 5979.6695, 50.0854, 2.7812, -2.6973
58.4000, 5.3e-05, 5979.6450, 50.0859, 2.7811, -2.7327
58.4050, 5.05e-05, 5979.6203, 50.0864, 2.7810, -2.7681
58.4100, 5.02e-05, 5979.5955, 50.0869, 2.7808, -2.8035
58.4150, 5.05e-05, 5979.5706, 50.0874, 2.7807, -2.8389
58.4200, 5.25e-05, 5979.5455, 50.0880, 2.7806, -2.8742
58.4250, 5.02e-05, 5979.5202, 50.0886, 2.7805, -2.9096
58.4300, 6.15e-05, 5979.4948, 50.0893, 2.7804, -2.9450
58.4350, 5.07e-05, 5979.4693, 50.0899, 2.7803, -2.9804
58.4400, 5.23e-05, 5979.4436, 50.0906, 2.7802, -3.0158
58.4450, 6.18e-05, 5979.4178, 50.0914, 2.7800, -3.0512
58.4500, 5.04e-05, 5979.3918, 50.0921, 2.7799, -3.0866
58.4550, 5.25e-05, 5979.3656, 50.0929, 2.7798, -3.1220
58.4600, 5.02e-05, 5979.3393, 50.0937, 2.7797, -3.1574
58.4650, 6.2e-05, 5979.3129, 50.0946, 2.7796, -3.1928
58.4700, 5.1e-05, 5979.2862, 50.0955, 2.7795, -3.2282
58.4750, 5.27e-05, 5979.2595, 50.0964, 2.7793, -3.2636
58.4800, 5e-05, 5979.2326, 50.0973, 2.7792, -3.2989
58.4850, 5e-05, 5979.2055, 50.0983, 2.7791, -3.3343
58.4900, 5.02e-05, 5979.1783, 50.0992, 2.7790, -3.3697
58.4950, 5.25e-05, 5979.1510, 50.1003, 2.7789, -3.4051
58.5000, 6.06e-05, 5979.1235, 50.1013, 2.7787, -3.4405
58.5050, 5.14e-05, 5979.0958, 50.1024, 2.7786, -3.4759
58.5100, 5.07e-05, 5979.0680, 50.1035, 2.7785, -3.5113
58.5150, 5.24e-05, 5979.0401, 50.1046, 2.7784, -3.5467
58.5200, 5.02e-05, 5979.0120, 50.1058, 2.7783, -3.5821
58.5250, 6.49e-05, 5978.9837, 50.1070, 2.7781, -3.6174
58.5300, 5.39e-05, 5978.9553, 50.1082, 2.7780, -3.6528
58.5350, 6.14e-05, 5978.9267, 50.1095, 2.7779, -3.6882
58.5400, 5.23e-05, 5978.8980, 50.1108, 2.7778, -3.7236
58.5450, 5.03e-05, 5978.8692, 50.1121, 2.7776, -3.7590
58.5500, 5.25e-05, 5978.8402, 50.1134, 2.7775, -3.7943
58.5550, 5.03e-05, 5978.8110, 50.1148, 2.7774, -3.8297
58.5600, 5.01e-05, 5978.7817, 50.1162, 2.7773, -3.8651
58.5650, 5e-05, 5978.7523, 50.1176, 2.7771, -3.9005
58.5700, 6.36e-05, 5978.7226, 50.1191, 2.7770, -3.9358
58.5750, 5.1e-05, 5978.6929, 50.1206, 2.7769, -3.9712
58.5800, 5.08e-05, 5978.6630, 50.1221, 2.7768, -4.0066
58.5850, 5.26e-05, 5978.6329, 50.1237, 2.7766, -4.0419
58.5900, 5.02e-05, 5978.6027, 50.1252, 2.7765, -4.0773
58.5950, 5.04e-05, 5978.5723, 50.1268, 2.7764, -4.1126
58.6000, 4.98e-05, 5978.5418, 50.1285, 2.7762, -4.1480
58.6050, 6.28e-05, 5978.5112, 50.1301, 2.7761, -4.1834
58.6100, 5.27e-05, 5978.4804, 50.1318, 2.7760, -4.2187
58.6150, 5.03e-05, 5978.4494, 50.1336, 2.7758, -4.2541
58.6200, 4.98e-05, 5978.4183, 50.1353, 2.7757, -4.2894
58.6250, 5.25e-05, 5978.3870, 50.1371, 2.7756, -4.3248
58.6300, 4.99e-05, 5978.3556, 50.1389, 2.7755, -4.3601
58.6350, 5e-05, 5978.3241, 50.1407, 2.7753, -4.3954
58.6400, 6.06e-05, 5978.2923, 50.1426, 2.7752, -4.4308
58.6450, 5.36e-05, 5978.2605, 50.1445, 2.7751, -4.4661
58.6500, 5e-05, 5978.2285, 50.1464, 2.7749, -4.5014
58.6550, 5.05e-05, 5978.1963, 50.1484, 2.7748, -4.5367
58.6600, 5.21e-05, 5978.1640, 50.1504, 2.7747, -4.5721
58.6650, 4.98e-05, 5978.1315, 50.1524, 2.7745, -4.6074
58.6700, 5.01e-05, 5978.0989, 50.1544, 2.7744, -4.6427
58.6750, 6.07e-05, 5978.0661, 50.1565, 2.7742, -4.6780
58.6800, 5.4e-05, 5978.0332, 50.1586, 2.7741, -4.7133
58.6850, 5.03e-05, 5978.0002, 50.1607, 2.7740, -4.7486
58.6900, 6.47e-05, 5977.9670, 50.1629, 2.7738, -4.7839
58.6950, 5.22e-05, 5977.9336, 50.1651, 2.7737, -4.8192
58.7000, 5.22e-05, 5977.9001, 50.1673, 2.7736, -4.8545
58.7050, 5.03e-05, 5977.8664, 50.1695, 2.7734, -4.8898
58.7100, 6.13e-05, 5977.8326, 50.1718, 2.7733, -4.9251
58.7150, 5.36e-05, 5977.7986, 50.1741, 2.7731, -4.9604
58.7200, 5.04e-05, 5977.7645, 50.1764, 2.7730, -4.9956
58.7250, 5.02e-05, 5977.7302, 50.1788, 2.7729, -5.0309
58.7300, 5.01e-05, 5977.6958, 50.1812, 2.7727, -5.0662
58.7350, 5.23e-05, 5977.6613, 50.1836, 2.7726, -5.1014
58.7400, 5.02e-05, 5977.6265, 50.1860, 2.7724, -5.1367
58.7450, 6.01e-05, 5977.5917, 50.1885, 2.7723, -5.1719
58.7500, 5.16e-05, 5977.5567, 50.1910, 2.7722, -5.2072
58.7550, 5.26e-05, 5977.5215, 50.1935, 2.7720, -5.2424
58.7600, 5e-05, 5977.4862, 50.1961, 2.7719, -5.2777
58.7650, 4.97e-05, 5977.4507, 50.1987, 2.7717, -5.3129
58.7700, 5.01e-05, 5977.4151, 50.2013, 2.7716, -5.3481
58.7750, 6.4e-05, 5977.3793, 50.2039, 2.7714, -5.3833
58.7800, 6.03e-05, 5977.3434, 50.2066, 2.7713, -5.4185
58.7850, 5.24e-05, 5977.3073, 50.2093, 2.7712, -5.4537
58.7900, 5.21e-05, 5977.2711, 50.2121, 2.7710, -5.4889
58.7950, 5.48e-05, 5977.2348, 50.2148, 2.7709, -5.5241
58.8000, 5.04e-05, 5977.1982, 50.2176, 2.7707, -5.5593
58.8050, 5.04e-05, 5977.1616, 50.2204, 2.7706, -5.5945
58.8100, 5.26e-05, 5977.1248, 50.2233, 2.7704, -5.6297
58.8150, 6.25e-05, 5977.0878, 50.2261, 2.7703, -5.6649
58.8200, 5.2e-05, 5977.0507, 50.2291, 2.7701, -5.7000
58.8250, 5.04e-05, 5977.0134, 50.2320, 2.7700, -5.7352
58.8300, 5.31e-05, 5976.9760, 50.2349, 2.7698, -5.7704
58.8350, 5.02e-05, 5976.9384, 50.2379, 2.7697, -5.8055
58.8400, 4.97e-05, 5976.9007, 50.2410, 2.7695, -5.8407
58.8450, 5.23e-05, 5976.8628, 50.2440, 2.7694, -5.8758
58.8500, 7.57e-05, 5976.8248, 50.2471, 2.7692, -5.9109
58.8550, 5.28e-05, 5976.7867, 50.2502, 2.7691, -5.9460
58.8600, 5.1e-05, 5976.7483, 50.2533, 2.7689, -5.9812
58.8650, 5.22e-05, 5976.7099, 50.2565, 2.7688, -6.0163
58.8700, 5.04e-05, 5976.6713, 50.2597, 2.7686, -6.0514
58.8750, 5.04e-05, 5976.6325, 50.2629, 2.7685, -6.0865
58.8800, 5.03e-05, 5976.5936, 50.2661, 2.7683, -6.1215
58.8850, 6.31e-05, 5976.5545, 50.2694, 2.7682, -6.1566
58.8900, 5.16e-05, 5976.5153, 50.2727, 2.7680, -6.1917
58.8950, 5.01e-05, 5976.4759, 50.2760, 2.7679, -6.2268
58.9000, 5.18e-05, 5976.4364, 50.2794, 2.7677, -6.2618
58.9050, 4.99e-05, 5976.3968, 50.2828, 2.7676, -6.2969
58.9100, 5.01e-05, 5976.3569, 50.2862, 2.7674, -6.3319
58.9150, 5.01e-05, 5976.3170, 50.2896, 2.7673, -6.3669
58.9200, 6.19e-05, 5976.2769, 50.2931, 2.7671, -6.4020
58.9250, 5.18e-05, 5976.2366, 50.2966, 2.7670, -6.4370
58.9300, 5.02e-05, 5976.1962, 50.3001, 2.7668, -6.4720
58.9350, 5.8e-05, 5976.1556, 50.3037, 2.7666, -6.5070
58.9400, 5.26e-05, 5976.1149, 50.3073, 2.7665, -6.5420
58.9450, 5.05e-05, 5976.0740, 50.3109, 2.7663, -6.5770
58.9500, 5e-05, 5976.0330, 50.3145, 2.7662, -6.6120
58.9550, 5.95e-05, 5975.9919, 50.3182, 2.7660, -6.6469
58.9600, 5.43e-05, 5975.9506, 50.3219, 2.7659, -6.6819
58.9650, 5.05e-05, 5975.9091, 50.3256, 2.7657, -6.7169
58.9700, 5.01e-05, 5975.8675, 50.3294, 2.7656, -6.7518
58.9750, 5.24e-05, 5975.8257, 50.3332, 2.7654, -6.7867
58.9800, 5e-05, 5975.7838, 50.3370, 2.7652, -6.8217
58.9850, 5.01e-05, 5975.7418, 50.3408, 2.7651, -6.8566
58.9900, 5e-05, 5975.6996, 50.3447, 2.7649, -6.8915
58.9950, 5.47e-05, 5975.6572, 50.3486, 2.7648, -6.9264
59.0000, 5.05e-05, 5975.6147, 50.3525, 2.7646, -6.9613
59.0050, 5.02e-05, 5975.5720, 50.3565, 2.7644, -6.9962
59.0100, 5e-05, 5975.5292, 50.3604, 2.7643, -7.0310
59.0150, 5.31e-05, 5975.4863, 50.3644, 2.7641, -7.0659
59.0200, 5.23e-05, 5975.4432, 50.3685, 2.7640, -7.1007
59.0250, 5.05e-05, 5975.3999, 50.3725, 2.7638, -7.1356
59.0300, 5.48e-05, 5975.3565, 50.3766, 2.7636, -7.1704
59.0350, 5.02e-05, 5975.3129, 50.3808, 2.7635, -7.2053
59.0400, 5e-05, 5975.2692, 50.3849, 2.7633, -7.2401
59.0450, 4.97e-05, 5975.2254, 50.3891, 2.7631, -7.2749
59.0500, 5.2e-05, 5975.1814, 50.3933, 2.7630, -7.3097
59.0550, 5.02e-05, 5975.1372, 50.3975, 2.7628, -7.3444
59.0600, 5.01e-05, 5975.0929, 50.4018, 2.7626, -7.3792
59.0650, 6.14e-05, 5975.0485, 50.4061, 2.7625, -7.4140
59.0700, 5.26e-05, 5975.0039, 50.4104, 2.7623, -7.4487
59.0750, 5.02e-05, 5974.9591, 50.4147, 2.7622, -7.4835
59.0800, 5.01e-05, 5974.9142, 50.4191, 2.7620, -7.5182
59.0850, 5e-05, 5974.8692, 50.4235, 2.7618, -7.5529
59.0900, 5.2e-05, 5974.8240, 50.4279, 2.7617, -7.5877
59.0950, 5e-05, 5974.7787, 50.4324, 2.7615, -7.6224
59.1000, 6.91e-05, 5974.7332, 50.4368, 2.7613, -7.6570
59.1050, 5.31e-05, 5974.6875, 50.4413, 2.7612, -7.6917
59.1100, 5e-05, 5974.6417, 50.4459, 2.7610, -7.7264
59.1150, 5.01e-05, 5974.5958, 50.4504, 2.7608, -7.7611
59.1200, 5.01e-05, 5974.5497, 50.4550, 2.7607, -7.7957
59.1250, 5.25e-05, 5974.5034, 50.4597, 2.7605, -7.8303
59.1300, 4.99e-05, 5974.4571, 50.4643, 2.7603, -7.8650
59.1350, 6.12e-05, 5974.4105, 50.4690, 2.7602, -7.8996
59.1400, 5.09e-05, 5974.3638, 50.4737, 2.7600, -7.9342
59.1450, 5.25e-05, 5974.3170, 50.4784, 2.7598, -7.9688
59.1500, 5.02e-05, 5974.2700, 50.4832, 2.7596, -8.0033
59.1550, 4.97e-05, 5974.2229, 50.4879, 2.7595, -8.0379
59.1600, 5.22e-05, 5974.1756, 50.4928, 2.7593, -8.0725
59.1650, 5e-05, 5974.1282, 50.4976, 2.7591, -8.1070
59.1700, 6.07e-05, 5974.0806, 50.5025, 2.7590, -8.1415
59.1750, 5.16e-05, 5974.0328, 50.5074, 2.7588, -8.1761
59.1800, 5.26e-05, 5973.9850, 50.5123, 2.7586, -8.2106
59.1850, 5.25e-05, 5973.9369, 50.5172, 2.7585, -8.2451
59.1900, 5.02e-05, 5973.8888, 50.5222, 2.7583, -8.2795
59.1950, 5.01e-05, 5973.8404, 50.5272, 2.7581, -8.3140
59.2000, 5.3e-05, 5973.7920, 50.5322, 2.7579, -8.3485
59.2050, 6.06e-05, 5973.7433, 50.5373, 2.7578, -8.3829
59.2100, 5.15e-05, 5973.6946, 50.5424, 2.7576, -8.4173
59.2150, 5.06e-05, 5973.6456, 50.5475, 2.7574, -8.4518
59.2200, 5.24e-05, 5973.5966, 50.5526, 2.7572, -8.4862
59.2250, 4.98e-05, 5973.5473, 50.5578, 2.7571, -8.5206
59.2300, 5.02e-05, 5973.4980, 50.5630, 2.7569, -8.5549
59.2350, 5.23e-05, 5973.4485, 50.5682, 2.7567, -8.5893
59.2400, 6.07e-05, 5973.3988, 50.5735, 2.7565, -8.6237
59.2450, 5.14e-05, 5973.3490, 50.5788, 2.7564, -8.6580
59.2500, 5e-05, 5973.2990, 50.5841, 2.7562, -8.6923
59.2550, 5.24e-05, 5973.2489, 50.5894, 2.7560, -8.7267
59.2600, 4.98e-05, 5973.1986, 50.5947, 2.7558, -8.7610
59.2650, 5.94e-05, 5973.1482, 50.6001, 2.7557, -8.7952
59.2700, 5.12e-05, 5973.0977, 50.6055, 2.7555, -8.8295
59.2750, 6.29e-05, 5973.0470, 50.6110, 2.7553, -8.8638
59.2800, 5.22e-05, 5972.9961, 50.6164, 2.7551, -8.8980
59.2850, 5.03e-05, 5972.9451, 50.6219, 2.7550, -8.9323
59.2900, 5.21e-05, 5972.8940, 50.6275, 2.7548, -8.9665
59.2950, 5.02e-05, 5972.8427, 50.6330, 2.7546, -9.0007
59.3000, 5e-05, 5972.7912, 50.6386, 2.7544, -9.0349
59.3050, 5.01e-05, 5972.7396, 50.6442, 2.7543, -9.0691
59.3100, 6.26e-05, 5972.6879, 50.6498, 2.7541, -9.1032
59.3150, 5.09e-05, 5972.6360, 50.6555, 2.7539, -9.1374
59.3200, 5.01e-05, 5972.5839, 50.6612, 2.7537, -9.1715
59.3250, 5e-05, 5972.5318, 50.6669, 2.7535, -9.2056
59.3300, 5.22e-05, 5972.4794, 50.6726, 2.7534, -9.2397
59.3350, 4.97e-05, 5972.4269, 50.6784, 2.7532, -9.2738
59.3400, 5e-05, 5972.3743, 50.6841, 2.7530, -9.3079
59.3450, 6.25e-05, 5972.3215, 50.6900, 2.7528, -9.3420
59.3500, 5.32e-05, 5972.2686, 50.6958, 2.7526, -9.3760
59.3550, 5.02e-05, 5972.2155, 50.7017, 2.7525, -9.4100
59.3600, 5e-05, 5972.1623, 50.7076, 2.7523, -9.4441
59.3650, 5.21e-05, 5972.1089, 50.7135, 2.7521, -9.4781
59.3700, 5.02e-05, 5972.0554, 50.7194, 2.7519, -9.5121
59.3750, 4.99e-05, 5972.0017, 50.7254, 2.7517, -9.5460
59.3800, 5.98e-05, 5971.9479, 50.7314, 2.7516, -9.5800
59.3850, 5.42e-05, 5971.8939, 50.7375, 2.7514, -9.6139
59.3900, 5.07e-05, 5971.8398, 50.7435, 2.7512, -9.6478
59.3950, 5.06e-05, 5971.7855, 50.7496, 2.7510, -9.6818
59.4000, 5.02e-05, 5971.7311, 50.7557, 2.7508, -9.7157
59.4050, 5.21e-05, 5971.6766, 50.7618, 2.7506, -9.7495
59.4100, 5.01e-05, 5971.6219, 50.7680, 2.7505, -9.7834
59.4150, 5e-05, 5971.5670, 50.7742, 2.7503, -9.8172
59.4200, 5.42e-05, 5971.5120, 50.7804, 2.7501, -9.8511
59.4250, 5.03e-05, 5971.4568, 50.7867, 2.7499, -9.8849
59.4300, 5.71e-05, 5971.4015, 50.7929, 2.7497, -9.9187
59.4350, 5.06e-05, 5971.3461, 50.7992, 2.7496, -9.9525
59.4400, 5.25e-05, 5971.2905, 50.8055, 2.7494, -9.9862
59.4450, 5.02e-05, 5971.2348, 50.8119, 2.7492, -10.0200
59.4500, 5.02e-05, 5971.1789, 50.8183, 2.7490, -10.0537
59.4550, 6.21e-05, 5971.1228, 50.8247, 2.7488, -10.0874
59.4600, 5.26e-05, 5971.0666, 50.8311, 2.7486, -10.1211
59.4650, 5.02e-05, 5971.0103, 50.8375, 2.7484, -10.1548
59.4700, 5.01e-05, 5970.9538, 50.8440, 2.7483, -10.1885
59.4750, 5.2e-05, 5970.8972, 50.8505, 2.7481, -10.2222
59.4800, 5e-05, 5970.8404, 50.8571, 2.7479, -10.2558
59.4850, 4.99e-05, 5970.7835, 50.8636, 2.7477, -10.2894
59.4900, 6.79e-05, 5970.7264, 50.8702, 2.7475, -10.3230
59.4950, 5.32e-05, 5970.6692, 50.8768, 2.7473, -10.3566
59.5000, 5e-05, 5970.6118, 50.8835, 2.7471, -10.3902
59.5050, 5e-05, 5970.5543, 50.8901, 2.7470, -10.4237
59.5100, 5.02e-05, 5970.4967, 50.8968, 2.7468, -10.4572
59.5150, 0.0002555, 5970.4389, 50.9035, 2.7466, -10.4908
59.5200, 0.000104, 5970.3809, 50.9103, 2.7464, -10.5243
59.5250, 0.0001247, 5970.3228, 50.9170, 2.7462, -10.5577
59.5300, 6.51e-05, 5970.2645, 50.9238, 2.7460, -10.5912
59.5350, 7.25e-05, 5970.2061, 50.9306, 2.7458, -10.6246
59.5400, 5.43e-05, 5970.1476, 50.9375, 2.7456, -10.6581
59.5450, 5.17e-05, 5970.0889, 50.9444, 2.7455, -10.6915
59.5500, 5.4e-05, 5970.0301, 50.9513, 2.7453, -10.7249
59.5550, 7.66e-05, 5969.9711, 50.9582, 2.7451, -10.7582
59.5600, 7.76e-05, 5969.9119, 50.9651, 2.7449, -10.7916
59.5650, 8.6e-05, 5969.8527, 50.9721, 2.7447, -10.8249
59.5700, 5.66e-05, 5969.7932, 50.9791, 2.7445, -10.8583
59.5750, 5.33e-05, 5969.7337, 50.9861, 2.7443, -10.8916
59.5800, 5.18e-05, 5969.6739, 50.9932, 2.7441, -10.9248
59.5850, 5.19e-05, 5969.6141, 51.0003, 2.7440, -10.9581
59.5900, 5.28e-05, 5969.5541, 51.0074, 2.7438, -10.9913
59.5950, 6.35e-05, 5969.4939, 51.0145, 2.7436, -11.0246
59.6000, 5.27e-05, 5969.4336, 51.0216, 2.7434, -11.0578
59.6050, 5.34e-05, 5969.3731, 51.0288, 2.7432, -11.0910
59.6100, 5.12e-05, 5969.3125, 51.0360, 2.7430, -11.1241
59.6150, 5.13e-05, 5969.2518, 51.0433, 2.7428, -11.1573
59.6200, 5.05e-05, 5969.1909, 51.0505, 2.7426, -11.1904
59.6250, 7.8e-05, 5969.1298, 51.0578, 2.7424, -11.2235
59.6300, 6.41e-05, 5969.0686, 51.0651, 2.7422, -11.2566
59.6350, 5.18e-05, 5969.0073, 51.0724, 2.7420, -11.2897
59.6400, 5.17e-05, 5968.9458, 51.0798, 2.7419, -11.3228
59.6450, 5.27e-05, 5968.8842, 51.0872, 2.7417, -11.3558
59.6500, 5.05e-05, 5968.8224, 51.0946, 2.7415, -11.3888
59.6550, 5.05e-05, 5968.7605, 51.1020, 2.7413, -11.4218
59.6600, 5.06e-05, 5968.6984, 51.1095, 2.7411, -11.4548
59.6650, 6.35e-05, 5968.6362, 51.1170, 2.7409, -11.4878
59.6700, 5.12e-05, 5968.5738, 51.1245, 2.7407, -11.5207
59.6750, 5.05e-05, 5968.5113, 51.1320, 2.7405, -11.5536
59.6800, 5.23e-05, 5968.4487, 51.1396, 2.7403, -11.5865
59.6850, 5.01e-05, 5968.3858, 51.1472, 2.7401, -11.6194
59.6900, 5.05e-05, 5968.3229, 51.1548, 2.7399, -11.6523
59.6950, 5.04e-05, 5968.2598, 51.1624, 2.7397, -11.6851
59.7000, 6.4e-05, 5968.1966, 51.1701, 2.7396, -11.7179
59.7050, 6.67e-05, 5968.1332, 51.1778, 2.7394, -11.7507
59.7100, 5.14e-05, 5968.0696, 51.1855, 2.7392, -11.7835
59.7150, 5.06e-05, 5968.0060, 51.1932, 2.7390, -11.8163
59.7200, 5.3e-05, 5967.9421, 51.2010, 2.7388, -11.8490
59.7250, 5.06e-05, 5967.8781, 51.2088, 2.7386, -11.8817
59.7300, 5.04e-05, 5967.8140, 51.2166, 2.7384, -11.9144
59.7350, 6.43e-05, 5967.7498, 51.2245, 2.7382, -11.9471
59.7400, 5.19e-05, 5967.6853, 51.2323, 2.7380, -11.9798
59.7450, 5.04e-05, 5967.6208, 51.2402, 2.7378, -12.0124
59.7500, 5.04e-05, 5967.5561, 51.2481, 2.7376, -12.0450
59.7550, 5.23e-05, 5967.4912, 51.2561, 2.7374, -12.0776
59.7600, 5.09e-05, 5967.4262, 51.2640, 2.7372, -12.1102
59.7650, 5.03e-05, 5967.3611, 51.2720, 2.7370, -12.1427
59.7700, 6.1e-05, 5967.2958, 51.2800, 2.7368, -12.1753
59.7750, 5.41e-05, 5967.2304, 51.2881, 2.7367, -12.2078
59.7800, 5.11e-05, 5967.1648, 51.2961, 2.7365, -12.2403
59.7850, 6.63e-05, 5967.0991, 51.3042, 2.7363, -12.2727
59.7900, 5.42e-05, 5967.0332, 51.3123, 2.7361, -12.3052
59.7950, 5.09e-05, 5966.9672, 51.3205, 2.7359, -12.3376
59.8000, 5e-05, 5966.9010, 51.3286, 2.7357, -12.3700
59.8050, 6.16e-05, 5966.8347, 51.3368, 2.7355, -12.4024
59.8100, 5.39e-05, 5966.7683, 51.3450, 2.7353, -12.4348
59.8150, 5.13e-05, 5966.7017, 51.3533, 2.7351, -12.4671
59.8200, 5.01e-05, 5966.6349, 51.3615, 2.7349, -12.4994
59.8250, 5.02e-05, 5966.5680, 51.3698, 2.7347, -12.5317
59.8300, 5.27e-05, 5966.5010, 51.3781, 2.7345, -12.5640
59.8350, 5.06e-05, 5966.4338, 51.3865, 2.7343, -12.5962
59.8400, 6.12e-05, 5966.3665, 51.3948, 2.7341, -12.6285
59.8450, 5.14e-05, 5966.2990, 51.4032, 2.7339, -12.6607
59.8500, 5.27e-05, 5966.2314, 51.4116, 2.7337, -12.6929
59.8550, 5.17e-05, 5966.1636, 51.4201, 2.7335, -12.7250
59.8600, 5.03e-05, 5966.0957, 51.4285, 2.7333, -12.7572
59.8650, 5.29e-05, 5966.0277, 51.4370, 2.7331, -12.7893
59.8700, 6.17e-05, 5965.9595, 51.4455, 2.7329, -12.8214
59.8750, 6.18e-05, 5965.8911, 51.4540, 2.7328, -12.8535
59.8800, 5.19e-05, 5965.8226, 51.4626, 2.7326, -12.8855
59.8850, 5.32e-05, 5965.7540, 51.4712, 2.7324, -12.9176
59.8900, 5.05e-05, 5965.6852, 51.4798, 2.7322, -12.9496
59.8950, 5.06e-05, 5965.6163, 51.4884, 2.7320, -12.9815
59.9000, 5.02e-05, 5965.5472, 51.4971, 2.7318, -13.0135
59.9050, 5.24e-05, 5965.4780, 51.5057, 2.7316, -13.0454
59.9100, 6.12e-05, 5965.4086, 51.5144, 2.7314, -13.0774
59.9150, 5.2e-05, 5965.3391, 51.5232, 2.7312, -13.1093
59.9200, 5.29e-05, 5965.2695, 51.5319, 2.7310, -13.1411
59.9250, 5.03e-05, 5965.1997, 51.5407, 2.7308, -13.1730
59.9300, 5.04e-05, 5965.1298, 51.5495, 2.7306, -13.2048
59.9350, 5.07e-05, 5965.0597, 51.5583, 2.7304, -13.2366
59.9400, 5.34e-05, 5964.9895, 51.5671, 2.7302, -13.2684
59.9450, 6.1e-05, 5964.9191, 51.5760, 2.7300, -13.3001
59.9500, 6.7e-05, 5964.8486, 51.5849, 2.7298, -13.3319
59.9550, 5.25e-05, 5964.7779, 51.5938, 2.7296, -13.3636
59.9600, 5.29e-05, 5964.7071, 51.6028, 2.7294, -13.3952
59.9650, 5.02e-05, 5964.6361, 51.6117, 2.7292, -13.4269
59.9700, 5.04e-05, 5964.5651, 51.6207, 2.7290, -13.4585
59.9750, 5.03e-05, 5964.4938, 51.6297, 2.7288, -13.4902
59.9800, 6.42e-05, 5964.4224, 51.6388, 2.7286, -13.5217
59.9850, 5.16e-05, 5964.3509, 51.6478, 2.7284, -13.5533
59.9900, 5.04e-05, 5964.2792, 51.6569, 2.7282, -13.5848
59.9950, 5.22e-05, 5964.2074, 51.6660, 2.7280, -13.6164
60.0000, 5.06e-05, 5964.1355, 51.6752, 2.7278, -13.6479
